-- =====================================================
-- 数据库初始化脚本
-- 执行顺序：删除表 -> 创建表 -> 创建索引 -> 创建序列 -> 插入数据 -> 添加约束
-- 
-- 最后更新: 2026-01-22
-- 更新内容:
--   1. sys_users 表 CHECK 约束更新为 4 值 (ACTIVE, DISABLED, LOCKED, PENDING)
--   2. 移除 sys_users.department_id 列和相关索引
--   3. 移除重复索引 (idx_user_username, idx_user_email, idx_user_status)
--   4. 添加 sys_users 缺失索引 (idx_sys_users_entity_manager, idx_sys_users_function_manager)
--   5. dw_form_table_bindings 添加 uk_form_table_binding 唯一约束
--   6. 更新 sys_role_assignments 中的角色分配 ID (ra-admin-sys-admin, ra-tech-director-tech-director)
--   7. 添加 sys_user_roles 同步逻辑，确保所有用户角色分配都同步到 sys_user_roles 表
-- =====================================================

SET session_replication_role = 'replica';
CREATE EXTENSION IF NOT EXISTS pgcrypto WITH SCHEMA public;
CREATE EXTENSION IF NOT EXISTS "uuid-ossp" WITH SCHEMA public;

-- =====================================================
-- 第一步：删除所有表（如果存在）
-- =====================================================
DROP TABLE IF EXISTS public.wf_saga_transactions CASCADE;
DROP TABLE IF EXISTS public.wf_saga_steps CASCADE;
DROP TABLE IF EXISTS public.wf_process_variables CASCADE;
DROP TABLE IF EXISTS public.wf_extended_task_info CASCADE;
DROP TABLE IF EXISTS public.wf_exception_records CASCADE;
DROP TABLE IF EXISTS public.wf_audit_logs CASCADE;
DROP TABLE IF EXISTS public.up_user_preference CASCADE;
DROP TABLE IF EXISTS public.up_process_instance CASCADE;
DROP TABLE IF EXISTS public.up_process_history CASCADE;
DROP TABLE IF EXISTS public.up_process_draft CASCADE;
DROP TABLE IF EXISTS public.up_permission_request CASCADE;
DROP TABLE IF EXISTS public.up_notification_preference CASCADE;
DROP TABLE IF EXISTS public.up_favorite_process CASCADE;
DROP TABLE IF EXISTS public.up_delegation_rule CASCADE;
DROP TABLE IF EXISTS public.up_delegation_audit CASCADE;
DROP TABLE IF EXISTS public.up_dashboard_layout CASCADE;
DROP TABLE IF EXISTS public.sys_virtual_groups CASCADE;
DROP TABLE IF EXISTS public.sys_virtual_group_task_history CASCADE;
DROP TABLE IF EXISTS public.sys_virtual_group_roles CASCADE;
DROP TABLE IF EXISTS public.sys_virtual_group_members CASCADE;
DROP TABLE IF EXISTS public.sys_users CASCADE;
DROP TABLE IF EXISTS public.sys_user_roles CASCADE;
DROP TABLE IF EXISTS public.sys_user_preferences CASCADE;
DROP TABLE IF EXISTS public.sys_user_business_units CASCADE;
DROP TABLE IF EXISTS public.sys_user_business_unit_roles CASCADE;
DROP TABLE IF EXISTS public.sys_roles CASCADE;
DROP TABLE IF EXISTS public.sys_role_permissions CASCADE;
DROP TABLE IF EXISTS public.sys_role_assignments CASCADE;
DROP TABLE IF EXISTS public.sys_permissions CASCADE;
DROP TABLE IF EXISTS public.sys_permission_requests CASCADE;
DROP TABLE IF EXISTS public.sys_member_change_logs CASCADE;
DROP TABLE IF EXISTS public.sys_login_audit CASCADE;
DROP TABLE IF EXISTS public.sys_function_units CASCADE;
DROP TABLE IF EXISTS public.sys_function_unit_deployments CASCADE;
DROP TABLE IF EXISTS public.sys_function_unit_dependencies CASCADE;
DROP TABLE IF EXISTS public.sys_function_unit_contents CASCADE;
DROP TABLE IF EXISTS public.sys_function_unit_approvals CASCADE;
DROP TABLE IF EXISTS public.sys_function_unit_access CASCADE;
DROP TABLE IF EXISTS public.sys_dictionary_versions CASCADE;
DROP TABLE IF EXISTS public.sys_dictionary_items CASCADE;
DROP TABLE IF EXISTS public.sys_dictionary_data_sources CASCADE;
DROP TABLE IF EXISTS public.sys_dictionaries CASCADE;
DROP TABLE IF EXISTS public.sys_developer_role_permissions CASCADE;
DROP TABLE IF EXISTS public.sys_business_units CASCADE;
DROP TABLE IF EXISTS public.sys_business_unit_roles CASCADE;
DROP TABLE IF EXISTS public.sys_approvers CASCADE;
DROP TABLE IF EXISTS public.flw_ru_batch_part CASCADE;
DROP TABLE IF EXISTS public.flw_ru_batch CASCADE;
DROP TABLE IF EXISTS public.flw_event_resource CASCADE;
DROP TABLE IF EXISTS public.flw_event_deployment CASCADE;
DROP TABLE IF EXISTS public.flw_event_definition CASCADE;
DROP TABLE IF EXISTS public.flw_ev_databasechangeloglock CASCADE;
DROP TABLE IF EXISTS public.flw_ev_databasechangelog CASCADE;
DROP TABLE IF EXISTS public.flw_channel_definition CASCADE;
DROP TABLE IF EXISTS public.dw_versions CASCADE;
DROP TABLE IF EXISTS public.dw_table_definitions CASCADE;
DROP TABLE IF EXISTS public.dw_process_definitions CASCADE;
DROP TABLE IF EXISTS public.dw_operation_logs CASCADE;
DROP TABLE IF EXISTS public.dw_icons CASCADE;
DROP TABLE IF EXISTS public.dw_function_units CASCADE;
DROP TABLE IF EXISTS public.dw_form_table_bindings CASCADE;
DROP TABLE IF EXISTS public.dw_form_definitions CASCADE;
DROP TABLE IF EXISTS public.dw_foreign_keys CASCADE;
DROP TABLE IF EXISTS public.dw_field_definitions CASCADE;
DROP TABLE IF EXISTS public.dw_action_definitions CASCADE;
DROP TABLE IF EXISTS public.admin_system_logs CASCADE;
DROP TABLE IF EXISTS public.admin_system_configs CASCADE;
DROP TABLE IF EXISTS public.admin_security_policies CASCADE;
DROP TABLE IF EXISTS public.admin_permission_delegations CASCADE;
DROP TABLE IF EXISTS public.admin_permission_conflicts CASCADE;
DROP TABLE IF EXISTS public.admin_permission_change_history CASCADE;
DROP TABLE IF EXISTS public.admin_password_history CASCADE;
DROP TABLE IF EXISTS public.admin_log_retention_policies CASCADE;
DROP TABLE IF EXISTS public.admin_data_permission_rules CASCADE;
DROP TABLE IF EXISTS public.admin_config_history CASCADE;
DROP TABLE IF EXISTS public.admin_column_permissions CASCADE;
DROP TABLE IF EXISTS public.admin_audit_logs CASCADE;
DROP TABLE IF EXISTS public.admin_alerts CASCADE;
DROP TABLE IF EXISTS public.admin_alert_rules CASCADE;
DROP TABLE IF EXISTS public.act_ru_variable CASCADE;
DROP TABLE IF EXISTS public.act_ru_timer_job CASCADE;
DROP TABLE IF EXISTS public.act_ru_task CASCADE;
DROP TABLE IF EXISTS public.act_ru_suspended_job CASCADE;
DROP TABLE IF EXISTS public.act_ru_job CASCADE;
DROP TABLE IF EXISTS public.act_ru_identitylink CASCADE;
DROP TABLE IF EXISTS public.act_ru_history_job CASCADE;
DROP TABLE IF EXISTS public.act_ru_external_job CASCADE;
DROP TABLE IF EXISTS public.act_ru_execution CASCADE;
DROP TABLE IF EXISTS public.act_ru_event_subscr CASCADE;
DROP TABLE IF EXISTS public.act_ru_entitylink CASCADE;
DROP TABLE IF EXISTS public.act_ru_deadletter_job CASCADE;
DROP TABLE IF EXISTS public.act_ru_actinst CASCADE;
DROP TABLE IF EXISTS public.act_re_procdef CASCADE;
DROP TABLE IF EXISTS public.act_re_model CASCADE;
DROP TABLE IF EXISTS public.act_re_deployment CASCADE;
DROP TABLE IF EXISTS public.act_procdef_info CASCADE;
DROP TABLE IF EXISTS public.act_id_user CASCADE;
DROP TABLE IF EXISTS public.act_id_token CASCADE;
DROP TABLE IF EXISTS public.act_id_property CASCADE;
DROP TABLE IF EXISTS public.act_id_priv_mapping CASCADE;
DROP TABLE IF EXISTS public.act_id_priv CASCADE;
DROP TABLE IF EXISTS public.act_id_membership CASCADE;
DROP TABLE IF EXISTS public.act_id_info CASCADE;
DROP TABLE IF EXISTS public.act_id_group CASCADE;
DROP TABLE IF EXISTS public.act_id_bytearray CASCADE;
DROP TABLE IF EXISTS public.act_hi_varinst CASCADE;
DROP TABLE IF EXISTS public.act_hi_tsk_log CASCADE;
DROP TABLE IF EXISTS public.act_hi_taskinst CASCADE;
DROP TABLE IF EXISTS public.act_hi_procinst CASCADE;
DROP TABLE IF EXISTS public.act_hi_identitylink CASCADE;
DROP TABLE IF EXISTS public.act_hi_entitylink CASCADE;
DROP TABLE IF EXISTS public.act_hi_detail CASCADE;
DROP TABLE IF EXISTS public.act_hi_comment CASCADE;
DROP TABLE IF EXISTS public.act_hi_attachment CASCADE;
DROP TABLE IF EXISTS public.act_hi_actinst CASCADE;
DROP TABLE IF EXISTS public.act_ge_property CASCADE;
DROP TABLE IF EXISTS public.act_ge_bytearray CASCADE;
DROP TABLE IF EXISTS public.act_evt_log CASCADE;
DROP TABLE IF EXISTS public.act_dmn_hi_decision_execution CASCADE;
DROP TABLE IF EXISTS public.act_dmn_deployment_resource CASCADE;
DROP TABLE IF EXISTS public.act_dmn_deployment CASCADE;
DROP TABLE IF EXISTS public.act_dmn_decision CASCADE;
DROP TABLE IF EXISTS public.act_dmn_databasechangeloglock CASCADE;
DROP TABLE IF EXISTS public.act_dmn_databasechangelog CASCADE;
DROP TABLE IF EXISTS public.act_cmmn_ru_sentry_part_inst CASCADE;
DROP TABLE IF EXISTS public.act_cmmn_ru_plan_item_inst CASCADE;
DROP TABLE IF EXISTS public.act_cmmn_ru_mil_inst CASCADE;
DROP TABLE IF EXISTS public.act_cmmn_ru_case_inst CASCADE;
DROP TABLE IF EXISTS public.act_cmmn_hi_plan_item_inst CASCADE;
DROP TABLE IF EXISTS public.act_cmmn_hi_mil_inst CASCADE;
DROP TABLE IF EXISTS public.act_cmmn_hi_case_inst CASCADE;
DROP TABLE IF EXISTS public.act_cmmn_deployment_resource CASCADE;
DROP TABLE IF EXISTS public.act_cmmn_deployment CASCADE;
DROP TABLE IF EXISTS public.act_cmmn_databasechangeloglock CASCADE;
DROP TABLE IF EXISTS public.act_cmmn_databasechangelog CASCADE;
DROP TABLE IF EXISTS public.act_cmmn_casedef CASCADE;
DROP TABLE IF EXISTS public.act_app_deployment_resource CASCADE;
DROP TABLE IF EXISTS public.act_app_deployment CASCADE;
DROP TABLE IF EXISTS public.act_app_databasechangeloglock CASCADE;
DROP TABLE IF EXISTS public.act_app_databasechangelog CASCADE;
DROP TABLE IF EXISTS public.act_app_appdef CASCADE;

-- =====================================================
-- 第二步：创建所有表
-- =====================================================
CREATE TABLE IF NOT EXISTS public.act_app_appdef (
    id_ character varying(255) NOT NULL,
    rev_ integer NOT NULL,
    name_ character varying(255),
    key_ character varying(255) NOT NULL,
    version_ integer NOT NULL,
    category_ character varying(255),
    deployment_id_ character varying(255),
    resource_name_ character varying(4000),
    description_ character varying(4000),
    tenant_id_ character varying(255) DEFAULT ''::character varying
);
CREATE TABLE IF NOT EXISTS public.act_app_databasechangelog (
    id character varying(255) NOT NULL,
    author character varying(255) NOT NULL,
    filename character varying(255) NOT NULL,
    dateexecuted timestamp without time zone NOT NULL,
    orderexecuted integer NOT NULL,
    exectype character varying(10) NOT NULL,
    md5sum character varying(35),
    description character varying(255),
    comments character varying(255),
    tag character varying(255),
    liquibase character varying(20),
    contexts character varying(255),
    labels character varying(255),
    deployment_id character varying(10)
);
CREATE TABLE IF NOT EXISTS public.act_app_databasechangeloglock (
    id integer NOT NULL,
    locked boolean NOT NULL,
    lockgranted timestamp without time zone,
    lockedby character varying(255)
);
CREATE TABLE IF NOT EXISTS public.act_app_deployment (
    id_ character varying(255) NOT NULL,
    name_ character varying(255),
    category_ character varying(255),
    key_ character varying(255),
    deploy_time_ timestamp without time zone,
    tenant_id_ character varying(255) DEFAULT ''::character varying
);
CREATE TABLE IF NOT EXISTS public.act_app_deployment_resource (
    id_ character varying(255) NOT NULL,
    name_ character varying(255),
    deployment_id_ character varying(255),
    resource_bytes_ bytea
);
CREATE TABLE IF NOT EXISTS public.act_cmmn_casedef (
    id_ character varying(255) NOT NULL,
    rev_ integer NOT NULL,
    name_ character varying(255),
    key_ character varying(255) NOT NULL,
    version_ integer NOT NULL,
    category_ character varying(255),
    deployment_id_ character varying(255),
    resource_name_ character varying(4000),
    description_ character varying(4000),
    has_graphical_notation_ boolean,
    tenant_id_ character varying(255) DEFAULT ''::character varying,
    dgrm_resource_name_ character varying(4000),
    has_start_form_key_ boolean
);
CREATE TABLE IF NOT EXISTS public.act_cmmn_databasechangelog (
    id character varying(255) NOT NULL,
    author character varying(255) NOT NULL,
    filename character varying(255) NOT NULL,
    dateexecuted timestamp without time zone NOT NULL,
    orderexecuted integer NOT NULL,
    exectype character varying(10) NOT NULL,
    md5sum character varying(35),
    description character varying(255),
    comments character varying(255),
    tag character varying(255),
    liquibase character varying(20),
    contexts character varying(255),
    labels character varying(255),
    deployment_id character varying(10)
);
CREATE TABLE IF NOT EXISTS public.act_cmmn_databasechangeloglock (
    id integer NOT NULL,
    locked boolean NOT NULL,
    lockgranted timestamp without time zone,
    lockedby character varying(255)
);
CREATE TABLE IF NOT EXISTS public.act_cmmn_deployment (
    id_ character varying(255) NOT NULL,
    name_ character varying(255),
    category_ character varying(255),
    key_ character varying(255),
    deploy_time_ timestamp without time zone,
    parent_deployment_id_ character varying(255),
    tenant_id_ character varying(255) DEFAULT ''::character varying
);
CREATE TABLE IF NOT EXISTS public.act_cmmn_deployment_resource (
    id_ character varying(255) NOT NULL,
    name_ character varying(255),
    deployment_id_ character varying(255),
    resource_bytes_ bytea,
    generated_ boolean
);
CREATE TABLE IF NOT EXISTS public.act_cmmn_hi_case_inst (
    id_ character varying(255) NOT NULL,
    rev_ integer NOT NULL,
    business_key_ character varying(255),
    name_ character varying(255),
    parent_id_ character varying(255),
    case_def_id_ character varying(255),
    state_ character varying(255),
    start_time_ timestamp without time zone,
    end_time_ timestamp without time zone,
    start_user_id_ character varying(255),
    callback_id_ character varying(255),
    callback_type_ character varying(255),
    tenant_id_ character varying(255) DEFAULT ''::character varying,
    reference_id_ character varying(255),
    reference_type_ character varying(255),
    last_reactivation_time_ timestamp(3) without time zone,
    last_reactivation_user_id_ character varying(255),
    business_status_ character varying(255)
);
CREATE TABLE IF NOT EXISTS public.act_cmmn_hi_mil_inst (
    id_ character varying(255) NOT NULL,
    rev_ integer NOT NULL,
    name_ character varying(255) NOT NULL,
    time_stamp_ timestamp without time zone NOT NULL,
    case_inst_id_ character varying(255) NOT NULL,
    case_def_id_ character varying(255) NOT NULL,
    element_id_ character varying(255) NOT NULL,
    tenant_id_ character varying(255) DEFAULT ''::character varying
);
CREATE TABLE IF NOT EXISTS public.act_cmmn_hi_plan_item_inst (
    id_ character varying(255) NOT NULL,
    rev_ integer NOT NULL,
    name_ character varying(255),
    state_ character varying(255),
    case_def_id_ character varying(255),
    case_inst_id_ character varying(255),
    stage_inst_id_ character varying(255),
    is_stage_ boolean,
    element_id_ character varying(255),
    item_definition_id_ character varying(255),
    item_definition_type_ character varying(255),
    create_time_ timestamp without time zone,
    last_available_time_ timestamp without time zone,
    last_enabled_time_ timestamp without time zone,
    last_disabled_time_ timestamp without time zone,
    last_started_time_ timestamp without time zone,
    last_suspended_time_ timestamp without time zone,
    completed_time_ timestamp without time zone,
    occurred_time_ timestamp without time zone,
    terminated_time_ timestamp without time zone,
    exit_time_ timestamp without time zone,
    ended_time_ timestamp without time zone,
    last_updated_time_ timestamp without time zone,
    start_user_id_ character varying(255),
    reference_id_ character varying(255),
    reference_type_ character varying(255),
    tenant_id_ character varying(255) DEFAULT ''::character varying,
    entry_criterion_id_ character varying(255),
    exit_criterion_id_ character varying(255),
    show_in_overview_ boolean,
    extra_value_ character varying(255),
    derived_case_def_id_ character varying(255),
    last_unavailable_time_ timestamp(3) without time zone
);
CREATE TABLE IF NOT EXISTS public.act_cmmn_ru_case_inst (
    id_ character varying(255) NOT NULL,
    rev_ integer NOT NULL,
    business_key_ character varying(255),
    name_ character varying(255),
    parent_id_ character varying(255),
    case_def_id_ character varying(255),
    state_ character varying(255),
    start_time_ timestamp without time zone,
    start_user_id_ character varying(255),
    callback_id_ character varying(255),
    callback_type_ character varying(255),
    tenant_id_ character varying(255) DEFAULT ''::character varying,
    lock_time_ timestamp without time zone,
    is_completeable_ boolean,
    reference_id_ character varying(255),
    reference_type_ character varying(255),
    lock_owner_ character varying(255),
    last_reactivation_time_ timestamp(3) without time zone,
    last_reactivation_user_id_ character varying(255),
    business_status_ character varying(255)
);
CREATE TABLE IF NOT EXISTS public.act_cmmn_ru_mil_inst (
    id_ character varying(255) NOT NULL,
    name_ character varying(255) NOT NULL,
    time_stamp_ timestamp without time zone NOT NULL,
    case_inst_id_ character varying(255) NOT NULL,
    case_def_id_ character varying(255) NOT NULL,
    element_id_ character varying(255) NOT NULL,
    tenant_id_ character varying(255) DEFAULT ''::character varying
);
CREATE TABLE IF NOT EXISTS public.act_cmmn_ru_plan_item_inst (
    id_ character varying(255) NOT NULL,
    rev_ integer NOT NULL,
    case_def_id_ character varying(255),
    case_inst_id_ character varying(255),
    stage_inst_id_ character varying(255),
    is_stage_ boolean,
    element_id_ character varying(255),
    name_ character varying(255),
    state_ character varying(255),
    create_time_ timestamp without time zone,
    start_user_id_ character varying(255),
    reference_id_ character varying(255),
    reference_type_ character varying(255),
    tenant_id_ character varying(255) DEFAULT ''::character varying,
    item_definition_id_ character varying(255),
    item_definition_type_ character varying(255),
    is_completeable_ boolean,
    is_count_enabled_ boolean,
    var_count_ integer,
    sentry_part_inst_count_ integer,
    last_available_time_ timestamp(3) without time zone,
    last_enabled_time_ timestamp(3) without time zone,
    last_disabled_time_ timestamp(3) without time zone,
    last_started_time_ timestamp(3) without time zone,
    last_suspended_time_ timestamp(3) without time zone,
    completed_time_ timestamp(3) without time zone,
    occurred_time_ timestamp(3) without time zone,
    terminated_time_ timestamp(3) without time zone,
    exit_time_ timestamp(3) without time zone,
    ended_time_ timestamp(3) without time zone,
    entry_criterion_id_ character varying(255),
    exit_criterion_id_ character varying(255),
    extra_value_ character varying(255),
    derived_case_def_id_ character varying(255),
    last_unavailable_time_ timestamp(3) without time zone
);
CREATE TABLE IF NOT EXISTS public.act_cmmn_ru_sentry_part_inst (
    id_ character varying(255) NOT NULL,
    rev_ integer NOT NULL,
    case_def_id_ character varying(255),
    case_inst_id_ character varying(255),
    plan_item_inst_id_ character varying(255),
    on_part_id_ character varying(255),
    if_part_id_ character varying(255),
    time_stamp_ timestamp without time zone
);
CREATE TABLE IF NOT EXISTS public.act_dmn_databasechangelog (
    id character varying(255) NOT NULL,
    author character varying(255) NOT NULL,
    filename character varying(255) NOT NULL,
    dateexecuted timestamp without time zone NOT NULL,
    orderexecuted integer NOT NULL,
    exectype character varying(10) NOT NULL,
    md5sum character varying(35),
    description character varying(255),
    comments character varying(255),
    tag character varying(255),
    liquibase character varying(20),
    contexts character varying(255),
    labels character varying(255),
    deployment_id character varying(10)
);
CREATE TABLE IF NOT EXISTS public.act_dmn_databasechangeloglock (
    id integer NOT NULL,
    locked boolean NOT NULL,
    lockgranted timestamp without time zone,
    lockedby character varying(255)
);
CREATE TABLE IF NOT EXISTS public.act_dmn_decision (
    id_ character varying(255) NOT NULL,
    name_ character varying(255),
    version_ integer,
    key_ character varying(255),
    category_ character varying(255),
    deployment_id_ character varying(255),
    tenant_id_ character varying(255),
    resource_name_ character varying(255),
    description_ character varying(255),
    decision_type_ character varying(255)
);
CREATE TABLE IF NOT EXISTS public.act_dmn_deployment (
    id_ character varying(255) NOT NULL,
    name_ character varying(255),
    category_ character varying(255),
    deploy_time_ timestamp without time zone,
    tenant_id_ character varying(255),
    parent_deployment_id_ character varying(255)
);
CREATE TABLE IF NOT EXISTS public.act_dmn_deployment_resource (
    id_ character varying(255) NOT NULL,
    name_ character varying(255),
    deployment_id_ character varying(255),
    resource_bytes_ bytea
);
CREATE TABLE IF NOT EXISTS public.act_dmn_hi_decision_execution (
    id_ character varying(255) NOT NULL,
    decision_definition_id_ character varying(255),
    deployment_id_ character varying(255),
    start_time_ timestamp without time zone,
    end_time_ timestamp without time zone,
    instance_id_ character varying(255),
    execution_id_ character varying(255),
    activity_id_ character varying(255),
    failed_ boolean DEFAULT false,
    tenant_id_ character varying(255),
    execution_json_ text,
    scope_type_ character varying(255)
);
CREATE TABLE IF NOT EXISTS public.act_evt_log (
    log_nr_ integer NOT NULL,
    type_ character varying(64),
    proc_def_id_ character varying(64),
    proc_inst_id_ character varying(64),
    execution_id_ character varying(64),
    task_id_ character varying(64),
    time_stamp_ timestamp without time zone NOT NULL,
    user_id_ character varying(255),
    data_ bytea,
    lock_owner_ character varying(255),
    lock_time_ timestamp without time zone,
    is_processed_ smallint DEFAULT 0
);
CREATE TABLE IF NOT EXISTS public.act_ge_bytearray (
    id_ character varying(64) NOT NULL,
    rev_ integer,
    name_ character varying(255),
    deployment_id_ character varying(64),
    bytes_ bytea,
    generated_ boolean
);
CREATE TABLE IF NOT EXISTS public.act_ge_property (
    name_ character varying(64) NOT NULL,
    value_ character varying(300),
    rev_ integer
);
CREATE TABLE IF NOT EXISTS public.act_hi_actinst (
    id_ character varying(64) NOT NULL,
    rev_ integer DEFAULT 1,
    proc_def_id_ character varying(64) NOT NULL,
    proc_inst_id_ character varying(64) NOT NULL,
    execution_id_ character varying(64) NOT NULL,
    act_id_ character varying(255) NOT NULL,
    task_id_ character varying(64),
    call_proc_inst_id_ character varying(64),
    act_name_ character varying(255),
    act_type_ character varying(255) NOT NULL,
    assignee_ character varying(255),
    start_time_ timestamp without time zone NOT NULL,
    end_time_ timestamp without time zone,
    transaction_order_ integer,
    duration_ bigint,
    delete_reason_ character varying(4000),
    tenant_id_ character varying(255) DEFAULT ''::character varying
);
CREATE TABLE IF NOT EXISTS public.act_hi_attachment (
    id_ character varying(64) NOT NULL,
    rev_ integer,
    user_id_ character varying(255),
    name_ character varying(255),
    description_ character varying(4000),
    type_ character varying(255),
    task_id_ character varying(64),
    proc_inst_id_ character varying(64),
    url_ character varying(4000),
    content_id_ character varying(64),
    time_ timestamp without time zone
);
CREATE TABLE IF NOT EXISTS public.act_hi_comment (
    id_ character varying(64) NOT NULL,
    type_ character varying(255),
    time_ timestamp without time zone NOT NULL,
    user_id_ character varying(255),
    task_id_ character varying(64),
    proc_inst_id_ character varying(64),
    action_ character varying(255),
    message_ character varying(4000),
    full_msg_ bytea
);
CREATE TABLE IF NOT EXISTS public.act_hi_detail (
    id_ character varying(64) NOT NULL,
    type_ character varying(255) NOT NULL,
    proc_inst_id_ character varying(64),
    execution_id_ character varying(64),
    task_id_ character varying(64),
    act_inst_id_ character varying(64),
    name_ character varying(255) NOT NULL,
    var_type_ character varying(64),
    rev_ integer,
    time_ timestamp without time zone NOT NULL,
    bytearray_id_ character varying(64),
    double_ double precision,
    long_ bigint,
    text_ character varying(4000),
    text2_ character varying(4000)
);
CREATE TABLE IF NOT EXISTS public.act_hi_entitylink (
    id_ character varying(64) NOT NULL,
    link_type_ character varying(255),
    create_time_ timestamp without time zone,
    scope_id_ character varying(255),
    sub_scope_id_ character varying(255),
    scope_type_ character varying(255),
    scope_definition_id_ character varying(255),
    parent_element_id_ character varying(255),
    ref_scope_id_ character varying(255),
    ref_scope_type_ character varying(255),
    ref_scope_definition_id_ character varying(255),
    root_scope_id_ character varying(255),
    root_scope_type_ character varying(255),
    hierarchy_type_ character varying(255)
);
CREATE TABLE IF NOT EXISTS public.act_hi_identitylink (
    id_ character varying(64) NOT NULL,
    group_id_ character varying(255),
    type_ character varying(255),
    user_id_ character varying(255),
    task_id_ character varying(64),
    create_time_ timestamp without time zone,
    proc_inst_id_ character varying(64),
    scope_id_ character varying(255),
    sub_scope_id_ character varying(255),
    scope_type_ character varying(255),
    scope_definition_id_ character varying(255)
);
CREATE TABLE IF NOT EXISTS public.act_hi_procinst (
    id_ character varying(64) NOT NULL,
    rev_ integer DEFAULT 1,
    proc_inst_id_ character varying(64) NOT NULL,
    business_key_ character varying(255),
    proc_def_id_ character varying(64) NOT NULL,
    start_time_ timestamp without time zone NOT NULL,
    end_time_ timestamp without time zone,
    duration_ bigint,
    start_user_id_ character varying(255),
    start_act_id_ character varying(255),
    end_act_id_ character varying(255),
    super_process_instance_id_ character varying(64),
    delete_reason_ character varying(4000),
    tenant_id_ character varying(255) DEFAULT ''::character varying,
    name_ character varying(255),
    callback_id_ character varying(255),
    callback_type_ character varying(255),
    reference_id_ character varying(255),
    reference_type_ character varying(255),
    propagated_stage_inst_id_ character varying(255),
    business_status_ character varying(255)
);
CREATE TABLE IF NOT EXISTS public.act_hi_taskinst (
    id_ character varying(64) NOT NULL,
    rev_ integer DEFAULT 1,
    proc_def_id_ character varying(64),
    task_def_id_ character varying(64),
    task_def_key_ character varying(255),
    proc_inst_id_ character varying(64),
    execution_id_ character varying(64),
    scope_id_ character varying(255),
    sub_scope_id_ character varying(255),
    scope_type_ character varying(255),
    scope_definition_id_ character varying(255),
    propagated_stage_inst_id_ character varying(255),
    name_ character varying(255),
    parent_task_id_ character varying(64),
    description_ character varying(4000),
    owner_ character varying(255),
    assignee_ character varying(255),
    start_time_ timestamp without time zone NOT NULL,
    claim_time_ timestamp without time zone,
    end_time_ timestamp without time zone,
    duration_ bigint,
    delete_reason_ character varying(4000),
    priority_ integer,
    due_date_ timestamp without time zone,
    form_key_ character varying(255),
    category_ character varying(255),
    tenant_id_ character varying(255) DEFAULT ''::character varying,
    last_updated_time_ timestamp without time zone
);
CREATE TABLE IF NOT EXISTS public.act_hi_tsk_log (
    id_ integer NOT NULL,
    type_ character varying(64),
    task_id_ character varying(64) NOT NULL,
    time_stamp_ timestamp without time zone NOT NULL,
    user_id_ character varying(255),
    data_ character varying(4000),
    execution_id_ character varying(64),
    proc_inst_id_ character varying(64),
    proc_def_id_ character varying(64),
    scope_id_ character varying(255),
    scope_definition_id_ character varying(255),
    sub_scope_id_ character varying(255),
    scope_type_ character varying(255),
    tenant_id_ character varying(255) DEFAULT ''::character varying
);
CREATE TABLE IF NOT EXISTS public.act_hi_varinst (
    id_ character varying(64) NOT NULL,
    rev_ integer DEFAULT 1,
    proc_inst_id_ character varying(64),
    execution_id_ character varying(64),
    task_id_ character varying(64),
    name_ character varying(255) NOT NULL,
    var_type_ character varying(100),
    scope_id_ character varying(255),
    sub_scope_id_ character varying(255),
    scope_type_ character varying(255),
    bytearray_id_ character varying(64),
    double_ double precision,
    long_ bigint,
    text_ character varying(4000),
    text2_ character varying(4000),
    meta_info_ character varying(4000),
    create_time_ timestamp without time zone,
    last_updated_time_ timestamp without time zone
);
CREATE TABLE IF NOT EXISTS public.act_id_bytearray (
    id_ character varying(64) NOT NULL,
    rev_ integer,
    name_ character varying(255),
    bytes_ bytea
);
CREATE TABLE IF NOT EXISTS public.act_id_group (
    id_ character varying(64) NOT NULL,
    rev_ integer,
    name_ character varying(255),
    type_ character varying(255)
);
CREATE TABLE IF NOT EXISTS public.act_id_info (
    id_ character varying(64) NOT NULL,
    rev_ integer,
    user_id_ character varying(64),
    type_ character varying(64),
    key_ character varying(255),
    value_ character varying(255),
    password_ bytea,
    parent_id_ character varying(255)
);
CREATE TABLE IF NOT EXISTS public.act_id_membership (
    user_id_ character varying(64) NOT NULL,
    group_id_ character varying(64) NOT NULL
);
CREATE TABLE IF NOT EXISTS public.act_id_priv (
    id_ character varying(64) NOT NULL,
    name_ character varying(255) NOT NULL
);
CREATE TABLE IF NOT EXISTS public.act_id_priv_mapping (
    id_ character varying(64) NOT NULL,
    priv_id_ character varying(64) NOT NULL,
    user_id_ character varying(255),
    group_id_ character varying(255)
);
CREATE TABLE IF NOT EXISTS public.act_id_property (
    name_ character varying(64) NOT NULL,
    value_ character varying(300),
    rev_ integer
);
CREATE TABLE IF NOT EXISTS public.act_id_token (
    id_ character varying(64) NOT NULL,
    rev_ integer,
    token_value_ character varying(255),
    token_date_ timestamp without time zone,
    ip_address_ character varying(255),
    user_agent_ character varying(255),
    user_id_ character varying(255),
    token_data_ character varying(2000)
);
CREATE TABLE IF NOT EXISTS public.act_id_user (
    id_ character varying(64) NOT NULL,
    rev_ integer,
    first_ character varying(255),
    last_ character varying(255),
    display_name_ character varying(255),
    email_ character varying(255),
    pwd_ character varying(255),
    picture_id_ character varying(64),
    tenant_id_ character varying(255) DEFAULT ''::character varying
);
CREATE TABLE IF NOT EXISTS public.act_procdef_info (
    id_ character varying(64) NOT NULL,
    proc_def_id_ character varying(64) NOT NULL,
    rev_ integer,
    info_json_id_ character varying(64)
);
CREATE TABLE IF NOT EXISTS public.act_re_deployment (
    id_ character varying(64) NOT NULL,
    name_ character varying(255),
    category_ character varying(255),
    key_ character varying(255),
    tenant_id_ character varying(255) DEFAULT ''::character varying,
    deploy_time_ timestamp without time zone,
    derived_from_ character varying(64),
    derived_from_root_ character varying(64),
    parent_deployment_id_ character varying(255),
    engine_version_ character varying(255)
);
CREATE TABLE IF NOT EXISTS public.act_re_model (
    id_ character varying(64) NOT NULL,
    rev_ integer,
    name_ character varying(255),
    key_ character varying(255),
    category_ character varying(255),
    create_time_ timestamp without time zone,
    last_update_time_ timestamp without time zone,
    version_ integer,
    meta_info_ character varying(4000),
    deployment_id_ character varying(64),
    editor_source_value_id_ character varying(64),
    editor_source_extra_value_id_ character varying(64),
    tenant_id_ character varying(255) DEFAULT ''::character varying
);
CREATE TABLE IF NOT EXISTS public.act_re_procdef (
    id_ character varying(64) NOT NULL,
    rev_ integer,
    category_ character varying(255),
    name_ character varying(255),
    key_ character varying(255) NOT NULL,
    version_ integer NOT NULL,
    deployment_id_ character varying(64),
    resource_name_ character varying(4000),
    dgrm_resource_name_ character varying(4000),
    description_ character varying(4000),
    has_start_form_key_ boolean,
    has_graphical_notation_ boolean,
    suspension_state_ integer,
    tenant_id_ character varying(255) DEFAULT ''::character varying,
    derived_from_ character varying(64),
    derived_from_root_ character varying(64),
    derived_version_ integer DEFAULT 0 NOT NULL,
    engine_version_ character varying(255)
);
CREATE TABLE IF NOT EXISTS public.act_ru_actinst (
    id_ character varying(64) NOT NULL,
    rev_ integer DEFAULT 1,
    proc_def_id_ character varying(64) NOT NULL,
    proc_inst_id_ character varying(64) NOT NULL,
    execution_id_ character varying(64) NOT NULL,
    act_id_ character varying(255) NOT NULL,
    task_id_ character varying(64),
    call_proc_inst_id_ character varying(64),
    act_name_ character varying(255),
    act_type_ character varying(255) NOT NULL,
    assignee_ character varying(255),
    start_time_ timestamp without time zone NOT NULL,
    end_time_ timestamp without time zone,
    duration_ bigint,
    transaction_order_ integer,
    delete_reason_ character varying(4000),
    tenant_id_ character varying(255) DEFAULT ''::character varying
);
CREATE TABLE IF NOT EXISTS public.act_ru_deadletter_job (
    id_ character varying(64) NOT NULL,
    rev_ integer,
    category_ character varying(255),
    type_ character varying(255) NOT NULL,
    exclusive_ boolean,
    execution_id_ character varying(64),
    process_instance_id_ character varying(64),
    proc_def_id_ character varying(64),
    element_id_ character varying(255),
    element_name_ character varying(255),
    scope_id_ character varying(255),
    sub_scope_id_ character varying(255),
    scope_type_ character varying(255),
    scope_definition_id_ character varying(255),
    correlation_id_ character varying(255),
    exception_stack_id_ character varying(64),
    exception_msg_ character varying(4000),
    duedate_ timestamp without time zone,
    repeat_ character varying(255),
    handler_type_ character varying(255),
    handler_cfg_ character varying(4000),
    custom_values_id_ character varying(64),
    create_time_ timestamp without time zone,
    tenant_id_ character varying(255) DEFAULT ''::character varying
);
CREATE TABLE IF NOT EXISTS public.act_ru_entitylink (
    id_ character varying(64) NOT NULL,
    rev_ integer,
    create_time_ timestamp without time zone,
    link_type_ character varying(255),
    scope_id_ character varying(255),
    sub_scope_id_ character varying(255),
    scope_type_ character varying(255),
    scope_definition_id_ character varying(255),
    parent_element_id_ character varying(255),
    ref_scope_id_ character varying(255),
    ref_scope_type_ character varying(255),
    ref_scope_definition_id_ character varying(255),
    root_scope_id_ character varying(255),
    root_scope_type_ character varying(255),
    hierarchy_type_ character varying(255)
);
CREATE TABLE IF NOT EXISTS public.act_ru_event_subscr (
    id_ character varying(64) NOT NULL,
    rev_ integer,
    event_type_ character varying(255) NOT NULL,
    event_name_ character varying(255),
    execution_id_ character varying(64),
    proc_inst_id_ character varying(64),
    activity_id_ character varying(64),
    configuration_ character varying(255),
    created_ timestamp without time zone NOT NULL,
    proc_def_id_ character varying(64),
    sub_scope_id_ character varying(64),
    scope_id_ character varying(64),
    scope_definition_id_ character varying(64),
    scope_type_ character varying(64),
    lock_time_ timestamp without time zone,
    lock_owner_ character varying(255),
    tenant_id_ character varying(255) DEFAULT ''::character varying
);
CREATE TABLE IF NOT EXISTS public.act_ru_execution (
    id_ character varying(64) NOT NULL,
    rev_ integer,
    proc_inst_id_ character varying(64),
    business_key_ character varying(255),
    parent_id_ character varying(64),
    proc_def_id_ character varying(64),
    super_exec_ character varying(64),
    root_proc_inst_id_ character varying(64),
    act_id_ character varying(255),
    is_active_ boolean,
    is_concurrent_ boolean,
    is_scope_ boolean,
    is_event_scope_ boolean,
    is_mi_root_ boolean,
    suspension_state_ integer,
    cached_ent_state_ integer,
    tenant_id_ character varying(255) DEFAULT ''::character varying,
    name_ character varying(255),
    start_act_id_ character varying(255),
    start_time_ timestamp without time zone,
    start_user_id_ character varying(255),
    lock_time_ timestamp without time zone,
    lock_owner_ character varying(255),
    is_count_enabled_ boolean,
    evt_subscr_count_ integer,
    task_count_ integer,
    job_count_ integer,
    timer_job_count_ integer,
    susp_job_count_ integer,
    deadletter_job_count_ integer,
    external_worker_job_count_ integer,
    var_count_ integer,
    id_link_count_ integer,
    callback_id_ character varying(255),
    callback_type_ character varying(255),
    reference_id_ character varying(255),
    reference_type_ character varying(255),
    propagated_stage_inst_id_ character varying(255),
    business_status_ character varying(255)
);
CREATE TABLE IF NOT EXISTS public.act_ru_external_job (
    id_ character varying(64) NOT NULL,
    rev_ integer,
    category_ character varying(255),
    type_ character varying(255) NOT NULL,
    lock_exp_time_ timestamp without time zone,
    lock_owner_ character varying(255),
    exclusive_ boolean,
    execution_id_ character varying(64),
    process_instance_id_ character varying(64),
    proc_def_id_ character varying(64),
    element_id_ character varying(255),
    element_name_ character varying(255),
    scope_id_ character varying(255),
    sub_scope_id_ character varying(255),
    scope_type_ character varying(255),
    scope_definition_id_ character varying(255),
    correlation_id_ character varying(255),
    retries_ integer,
    exception_stack_id_ character varying(64),
    exception_msg_ character varying(4000),
    duedate_ timestamp without time zone,
    repeat_ character varying(255),
    handler_type_ character varying(255),
    handler_cfg_ character varying(4000),
    custom_values_id_ character varying(64),
    create_time_ timestamp without time zone,
    tenant_id_ character varying(255) DEFAULT ''::character varying
);
CREATE TABLE IF NOT EXISTS public.act_ru_history_job (
    id_ character varying(64) NOT NULL,
    rev_ integer,
    lock_exp_time_ timestamp without time zone,
    lock_owner_ character varying(255),
    retries_ integer,
    exception_stack_id_ character varying(64),
    exception_msg_ character varying(4000),
    handler_type_ character varying(255),
    handler_cfg_ character varying(4000),
    custom_values_id_ character varying(64),
    adv_handler_cfg_id_ character varying(64),
    create_time_ timestamp without time zone,
    scope_type_ character varying(255),
    tenant_id_ character varying(255) DEFAULT ''::character varying
);
CREATE TABLE IF NOT EXISTS public.act_ru_identitylink (
    id_ character varying(64) NOT NULL,
    rev_ integer,
    group_id_ character varying(255),
    type_ character varying(255),
    user_id_ character varying(255),
    task_id_ character varying(64),
    proc_inst_id_ character varying(64),
    proc_def_id_ character varying(64),
    scope_id_ character varying(255),
    sub_scope_id_ character varying(255),
    scope_type_ character varying(255),
    scope_definition_id_ character varying(255)
);
CREATE TABLE IF NOT EXISTS public.act_ru_job (
    id_ character varying(64) NOT NULL,
    rev_ integer,
    category_ character varying(255),
    type_ character varying(255) NOT NULL,
    lock_exp_time_ timestamp without time zone,
    lock_owner_ character varying(255),
    exclusive_ boolean,
    execution_id_ character varying(64),
    process_instance_id_ character varying(64),
    proc_def_id_ character varying(64),
    element_id_ character varying(255),
    element_name_ character varying(255),
    scope_id_ character varying(255),
    sub_scope_id_ character varying(255),
    scope_type_ character varying(255),
    scope_definition_id_ character varying(255),
    correlation_id_ character varying(255),
    retries_ integer,
    exception_stack_id_ character varying(64),
    exception_msg_ character varying(4000),
    duedate_ timestamp without time zone,
    repeat_ character varying(255),
    handler_type_ character varying(255),
    handler_cfg_ character varying(4000),
    custom_values_id_ character varying(64),
    create_time_ timestamp without time zone,
    tenant_id_ character varying(255) DEFAULT ''::character varying
);
CREATE TABLE IF NOT EXISTS public.act_ru_suspended_job (
    id_ character varying(64) NOT NULL,
    rev_ integer,
    category_ character varying(255),
    type_ character varying(255) NOT NULL,
    exclusive_ boolean,
    execution_id_ character varying(64),
    process_instance_id_ character varying(64),
    proc_def_id_ character varying(64),
    element_id_ character varying(255),
    element_name_ character varying(255),
    scope_id_ character varying(255),
    sub_scope_id_ character varying(255),
    scope_type_ character varying(255),
    scope_definition_id_ character varying(255),
    correlation_id_ character varying(255),
    retries_ integer,
    exception_stack_id_ character varying(64),
    exception_msg_ character varying(4000),
    duedate_ timestamp without time zone,
    repeat_ character varying(255),
    handler_type_ character varying(255),
    handler_cfg_ character varying(4000),
    custom_values_id_ character varying(64),
    create_time_ timestamp without time zone,
    tenant_id_ character varying(255) DEFAULT ''::character varying
);
CREATE TABLE IF NOT EXISTS public.act_ru_task (
    id_ character varying(64) NOT NULL,
    rev_ integer,
    execution_id_ character varying(64),
    proc_inst_id_ character varying(64),
    proc_def_id_ character varying(64),
    task_def_id_ character varying(64),
    scope_id_ character varying(255),
    sub_scope_id_ character varying(255),
    scope_type_ character varying(255),
    scope_definition_id_ character varying(255),
    propagated_stage_inst_id_ character varying(255),
    name_ character varying(255),
    parent_task_id_ character varying(64),
    description_ character varying(4000),
    task_def_key_ character varying(255),
    owner_ character varying(255),
    assignee_ character varying(255),
    delegation_ character varying(64),
    priority_ integer,
    create_time_ timestamp without time zone,
    due_date_ timestamp without time zone,
    category_ character varying(255),
    suspension_state_ integer,
    tenant_id_ character varying(255) DEFAULT ''::character varying,
    form_key_ character varying(255),
    claim_time_ timestamp without time zone,
    is_count_enabled_ boolean,
    var_count_ integer,
    id_link_count_ integer,
    sub_task_count_ integer
);
CREATE TABLE IF NOT EXISTS public.act_ru_timer_job (
    id_ character varying(64) NOT NULL,
    rev_ integer,
    category_ character varying(255),
    type_ character varying(255) NOT NULL,
    lock_exp_time_ timestamp without time zone,
    lock_owner_ character varying(255),
    exclusive_ boolean,
    execution_id_ character varying(64),
    process_instance_id_ character varying(64),
    proc_def_id_ character varying(64),
    element_id_ character varying(255),
    element_name_ character varying(255),
    scope_id_ character varying(255),
    sub_scope_id_ character varying(255),
    scope_type_ character varying(255),
    scope_definition_id_ character varying(255),
    correlation_id_ character varying(255),
    retries_ integer,
    exception_stack_id_ character varying(64),
    exception_msg_ character varying(4000),
    duedate_ timestamp without time zone,
    repeat_ character varying(255),
    handler_type_ character varying(255),
    handler_cfg_ character varying(4000),
    custom_values_id_ character varying(64),
    create_time_ timestamp without time zone,
    tenant_id_ character varying(255) DEFAULT ''::character varying
);
CREATE TABLE IF NOT EXISTS public.act_ru_variable (
    id_ character varying(64) NOT NULL,
    rev_ integer,
    type_ character varying(255) NOT NULL,
    name_ character varying(255) NOT NULL,
    execution_id_ character varying(64),
    proc_inst_id_ character varying(64),
    task_id_ character varying(64),
    scope_id_ character varying(255),
    sub_scope_id_ character varying(255),
    scope_type_ character varying(255),
    bytearray_id_ character varying(64),
    double_ double precision,
    long_ bigint,
    text_ character varying(4000),
    text2_ character varying(4000),
    meta_info_ character varying(4000)
);
CREATE TABLE IF NOT EXISTS public.admin_alert_rules (
    id character varying(36) NOT NULL,
    created_at timestamp(6) with time zone NOT NULL,
    duration integer,
    enabled boolean,
    metric_name character varying(50),
    name character varying(100) NOT NULL,
    notify_channels character varying(500),
    operator character varying(20),
    severity character varying(20),
    threshold double precision,
    CONSTRAINT admin_alert_rules_severity_check CHECK (((severity)::text = ANY ((ARRAY['INFO'::character varying, 'WARNING'::character varying, 'ERROR'::character varying, 'CRITICAL'::character varying])::text[])))
);
CREATE TABLE IF NOT EXISTS public.admin_alerts (
    id character varying(36) NOT NULL,
    acknowledged_at timestamp(6) with time zone,
    acknowledged_by character varying(36),
    created_at timestamp(6) with time zone NOT NULL,
    message text,
    metric_value double precision,
    resolved_at timestamp(6) with time zone,
    resolved_by character varying(36),
    rule_id character varying(36),
    severity character varying(20) NOT NULL,
    status character varying(20) NOT NULL,
    title character varying(200) NOT NULL,
    CONSTRAINT admin_alerts_severity_check CHECK (((severity)::text = ANY ((ARRAY['INFO'::character varying, 'WARNING'::character varying, 'ERROR'::character varying, 'CRITICAL'::character varying])::text[]))),
    CONSTRAINT admin_alerts_status_check CHECK (((status)::text = ANY ((ARRAY['ACTIVE'::character varying, 'ACKNOWLEDGED'::character varying, 'RESOLVED'::character varying, 'ESCALATED'::character varying])::text[])))
);
CREATE TABLE IF NOT EXISTS public.admin_audit_logs (
    id character varying(255) NOT NULL,
    action character varying(255) NOT NULL,
    change_details text,
    failure_reason character varying(255),
    ip_address character varying(255),
    new_value text,
    old_value text,
    resource_id character varying(255),
    resource_name character varying(255),
    resource_type character varying(255) NOT NULL,
    success boolean,
    "timestamp" timestamp(6) with time zone,
    user_agent character varying(255),
    user_id character varying(255) NOT NULL,
    user_name character varying(255),
    CONSTRAINT admin_audit_logs_action_check CHECK (((action)::text = ANY ((ARRAY['USER_LOGIN'::character varying, 'USER_LOGOUT'::character varying, 'USER_LOGIN_FAILED'::character varying, 'USER_CREATED'::character varying, 'USER_UPDATED'::character varying, 'USER_DELETED'::character varying, 'USER_LOCKED'::character varying, 'USER_UNLOCKED'::character varying, 'PASSWORD_CHANGED'::character varying, 'PASSWORD_RESET'::character varying, 'ROLE_CREATED'::character varying, 'ROLE_UPDATED'::character varying, 'ROLE_DELETED'::character varying, 'PERMISSION_GRANTED'::character varying, 'PERMISSION_REVOKED'::character varying, 'ROLE_ASSIGNED'::character varying, 'ROLE_UNASSIGNED'::character varying, 'DATA_CREATED'::character varying, 'DATA_UPDATED'::character varying, 'DATA_DELETED'::character varying, 'DATA_EXPORTED'::character varying, 'DATA_IMPORTED'::character varying, 'CONFIG_CREATED'::character varying, 'CONFIG_UPDATED'::character varying, 'CONFIG_DELETED'::character varying, 'SYSTEM_STARTUP'::character varying, 'SYSTEM_SHUTDOWN'::character varying, 'BACKUP_CREATED'::character varying, 'BACKUP_RESTORED'::character varying])::text[])))
);
CREATE TABLE IF NOT EXISTS public.admin_column_permissions (
    id character varying(36) NOT NULL,
    column_name character varying(100) NOT NULL,
    created_at timestamp(6) with time zone NOT NULL,
    mask_expression character varying(200),
    mask_type character varying(50),
    masked boolean,
    rule_id character varying(36) NOT NULL,
    visible boolean
);
CREATE TABLE IF NOT EXISTS public.admin_config_history (
    id character varying(255) NOT NULL,
    change_reason character varying(255),
    changed_at timestamp(6) with time zone,
    changed_by character varying(255),
    config_id character varying(255) NOT NULL,
    config_key character varying(255) NOT NULL,
    new_value text,
    new_version integer,
    old_value text,
    old_version integer
);
CREATE TABLE IF NOT EXISTS public.admin_data_permission_rules (
    id character varying(36) NOT NULL,
    created_at timestamp(6) with time zone NOT NULL,
    custom_filter text,
    data_scope character varying(30) NOT NULL,
    enabled boolean,
    name character varying(100) NOT NULL,
    permission_type character varying(20) NOT NULL,
    priority integer,
    resource_type character varying(100) NOT NULL,
    target_id character varying(36) NOT NULL,
    target_type character varying(20) NOT NULL,
    updated_at timestamp(6) with time zone NOT NULL,
    CONSTRAINT admin_data_permission_rules_data_scope_check CHECK (((data_scope)::text = ANY ((ARRAY['ALL'::character varying, 'DEPARTMENT'::character varying, 'DEPARTMENT_AND_CHILDREN'::character varying, 'SELF'::character varying, 'CUSTOM'::character varying])::text[]))),
    CONSTRAINT admin_data_permission_rules_permission_type_check CHECK (((permission_type)::text = ANY ((ARRAY['ROLE'::character varying, 'DEPARTMENT'::character varying, 'USER'::character varying, 'CUSTOM'::character varying])::text[])))
);
CREATE TABLE IF NOT EXISTS public.admin_log_retention_policies (
    id character varying(255) NOT NULL,
    archive_after_days integer,
    archive_location character varying(255),
    compression_enabled boolean,
    created_at timestamp(6) with time zone,
    enabled boolean,
    log_type character varying(255) NOT NULL,
    retention_days integer NOT NULL,
    updated_at timestamp(6) with time zone,
    updated_by character varying(255),
    CONSTRAINT admin_log_retention_policies_log_type_check CHECK (((log_type)::text = ANY ((ARRAY['SYSTEM'::character varying, 'BUSINESS'::character varying, 'ACCESS'::character varying, 'ERROR'::character varying, 'SECURITY'::character varying])::text[])))
);
CREATE TABLE IF NOT EXISTS public.admin_password_history (
    id character varying(64) NOT NULL,
    created_at timestamp(6) with time zone,
    password_hash character varying(255) NOT NULL,
    user_id character varying(64) NOT NULL
);
CREATE TABLE IF NOT EXISTS public.admin_permission_change_history (
    id character varying(36) NOT NULL,
    change_type character varying(50) NOT NULL,
    changed_at timestamp(6) with time zone NOT NULL,
    changed_by character varying(36) NOT NULL,
    ip_address character varying(50),
    new_value character varying(500),
    old_value character varying(500),
    reason character varying(500),
    target_permission_id character varying(36),
    target_role_id character varying(36),
    target_user_id character varying(36),
    user_agent character varying(500)
);
CREATE TABLE IF NOT EXISTS public.admin_permission_conflicts (
    id character varying(64) NOT NULL,
    conflict_description text,
    conflict_source1 character varying(100) NOT NULL,
    conflict_source2 character varying(100) NOT NULL,
    detected_at timestamp(6) with time zone,
    resolution_result text,
    resolution_strategy character varying(30),
    resolved_at timestamp(6) with time zone,
    resolved_by character varying(64),
    status character varying(20) NOT NULL,
    user_id character varying(64) NOT NULL,
    permission_id character varying(64) NOT NULL,
    CONSTRAINT admin_permission_conflicts_resolution_strategy_check CHECK (((resolution_strategy)::text = ANY ((ARRAY['DENY'::character varying, 'ALLOW'::character varying, 'HIGHEST_PRIVILEGE'::character varying, 'LOWEST_PRIVILEGE'::character varying, 'LATEST'::character varying, 'MANUAL'::character varying])::text[])))
);
CREATE TABLE IF NOT EXISTS public.admin_permission_delegations (
    id character varying(64) NOT NULL,
    conditions jsonb,
    created_at timestamp(6) with time zone,
    created_by character varying(64),
    delegatee_id character varying(64) NOT NULL,
    delegation_type character varying(20) NOT NULL,
    delegator_id character varying(64) NOT NULL,
    reason text,
    revoke_reason text,
    revoked_at timestamp(6) with time zone,
    revoked_by character varying(64),
    status character varying(20) NOT NULL,
    valid_from timestamp(6) with time zone NOT NULL,
    valid_to timestamp(6) with time zone,
    permission_id character varying(64) NOT NULL,
    CONSTRAINT admin_permission_delegations_delegation_type_check CHECK (((delegation_type)::text = ANY ((ARRAY['TEMPORARY'::character varying, 'PROXY'::character varying, 'TRANSFER'::character varying])::text[])))
);
CREATE TABLE IF NOT EXISTS public.admin_security_policies (
    id character varying(255) NOT NULL,
    created_at timestamp(6) with time zone,
    enabled boolean,
    policy_config text,
    policy_name character varying(255) NOT NULL,
    policy_type character varying(255) NOT NULL,
    updated_at timestamp(6) with time zone,
    updated_by character varying(255)
);
CREATE TABLE IF NOT EXISTS public.admin_system_configs (
    id character varying(255) NOT NULL,
    category character varying(255) NOT NULL,
    config_key character varying(255) NOT NULL,
    config_name character varying(255) NOT NULL,
    config_value text,
    created_at timestamp(6) with time zone,
    default_value character varying(255),
    description character varying(255),
    editable boolean,
    encrypted boolean,
    environment character varying(255),
    updated_at timestamp(6) with time zone,
    updated_by character varying(255),
    value_type character varying(255),
    version integer
);
CREATE TABLE IF NOT EXISTS public.admin_system_logs (
    id character varying(255) NOT NULL,
    action character varying(255),
    extra_data text,
    ip_address character varying(255),
    log_level character varying(255) NOT NULL,
    log_type character varying(255) NOT NULL,
    message text,
    module character varying(255),
    request_body text,
    request_method character varying(255),
    request_url character varying(255),
    response_body text,
    response_status integer,
    response_time bigint,
    stack_trace text,
    "timestamp" timestamp(6) with time zone,
    user_agent character varying(255),
    user_id character varying(255),
    user_name character varying(255),
    CONSTRAINT admin_system_logs_log_level_check CHECK (((log_level)::text = ANY ((ARRAY['TRACE'::character varying, 'DEBUG'::character varying, 'INFO'::character varying, 'WARN'::character varying, 'ERROR'::character varying, 'FATAL'::character varying])::text[]))),
    CONSTRAINT admin_system_logs_log_type_check CHECK (((log_type)::text = ANY ((ARRAY['SYSTEM'::character varying, 'BUSINESS'::character varying, 'ACCESS'::character varying, 'ERROR'::character varying, 'SECURITY'::character varying])::text[])))
);
CREATE TABLE IF NOT EXISTS public.dw_action_definitions (
    id bigint NOT NULL,
    function_unit_id bigint NOT NULL,
    action_name character varying(100) NOT NULL,
    action_type character varying(20) NOT NULL,
    config_json jsonb DEFAULT '{}'::jsonb NOT NULL,
    icon character varying(50),
    button_color character varying(20),
    description text,
    is_default boolean DEFAULT false,
    created_at timestamp without time zone DEFAULT CURRENT_TIMESTAMP NOT NULL,
    updated_at timestamp without time zone DEFAULT CURRENT_TIMESTAMP
);
CREATE TABLE IF NOT EXISTS public.dw_field_definitions (
    id bigint NOT NULL,
    table_id bigint NOT NULL,
    field_name character varying(100) NOT NULL,
    data_type character varying(50) NOT NULL,
    length integer,
    precision_value integer,
    scale integer,
    nullable boolean DEFAULT true,
    default_value character varying(500),
    is_primary_key boolean DEFAULT false,
    is_unique boolean DEFAULT false,
    description text,
    sort_order integer DEFAULT 0 NOT NULL
);
CREATE TABLE IF NOT EXISTS public.dw_foreign_keys (
    id bigint NOT NULL,
    table_id bigint NOT NULL,
    field_id bigint NOT NULL,
    ref_table_id bigint NOT NULL,
    ref_field_id bigint NOT NULL,
    on_delete character varying(20) DEFAULT 'NO ACTION'::character varying,
    on_update character varying(20) DEFAULT 'NO ACTION'::character varying
);
CREATE TABLE IF NOT EXISTS public.dw_form_definitions (
    id bigint NOT NULL,
    function_unit_id bigint NOT NULL,
    form_name character varying(100) NOT NULL,
    form_type character varying(20) NOT NULL,
    config_json jsonb DEFAULT '{}'::jsonb NOT NULL,
    description text,
    bound_table_id bigint,
    created_at timestamp without time zone DEFAULT CURRENT_TIMESTAMP NOT NULL,
    updated_at timestamp without time zone DEFAULT CURRENT_TIMESTAMP,
    CONSTRAINT chk_form_type CHECK (((form_type)::text = ANY ((ARRAY['MAIN'::character varying, 'SUB'::character varying, 'ACTION'::character varying, 'POPUP'::character varying])::text[])))
);
CREATE TABLE IF NOT EXISTS public.dw_form_table_bindings (
    id bigint NOT NULL,
    form_id bigint NOT NULL,
    table_id bigint NOT NULL,
    binding_type character varying(20) NOT NULL,
    binding_mode character varying(20) DEFAULT 'READONLY'::character varying NOT NULL,
    foreign_key_field character varying(100),
    sort_order integer DEFAULT 0,
    created_at timestamp without time zone DEFAULT CURRENT_TIMESTAMP NOT NULL,
    updated_at timestamp without time zone,
    CONSTRAINT chk_binding_mode CHECK (((binding_mode)::text = ANY ((ARRAY['EDITABLE'::character varying, 'READONLY'::character varying])::text[]))),
    CONSTRAINT chk_binding_type CHECK (((binding_type)::text = ANY ((ARRAY['PRIMARY'::character varying, 'SUB'::character varying, 'RELATED'::character varying])::text[]))),
    CONSTRAINT uk_form_table_binding UNIQUE (form_id, table_id)
);
CREATE TABLE IF NOT EXISTS public.dw_function_units (
    id bigint NOT NULL,
    name character varying(100) NOT NULL,
    description text,
    icon_id bigint,
    status character varying(20) DEFAULT 'DRAFT'::character varying NOT NULL,
    current_version character varying(20),
    created_by character varying(50) NOT NULL,
    created_at timestamp without time zone DEFAULT CURRENT_TIMESTAMP NOT NULL,
    updated_by character varying(50),
    updated_at timestamp without time zone DEFAULT CURRENT_TIMESTAMP,
    code character varying(50) NOT NULL,
    CONSTRAINT chk_function_unit_status CHECK (((status)::text = ANY ((ARRAY['DRAFT'::character varying, 'PUBLISHED'::character varying, 'ARCHIVED'::character varying])::text[])))
);
CREATE TABLE IF NOT EXISTS public.dw_icons (
    id bigint NOT NULL,
    name character varying(100) NOT NULL,
    category character varying(30) NOT NULL,
    svg_content text NOT NULL,
    file_size integer,
    description character varying(500),
    created_by character varying(50),
    created_at timestamp without time zone DEFAULT CURRENT_TIMESTAMP,
    updated_by character varying(50),
    updated_at timestamp without time zone DEFAULT CURRENT_TIMESTAMP
);
CREATE TABLE IF NOT EXISTS public.dw_operation_logs (
    id bigint NOT NULL,
    operator character varying(50) NOT NULL,
    operation_type character varying(50) NOT NULL,
    target_type character varying(50) NOT NULL,
    target_id bigint,
    description character varying(500),
    details text,
    ip_address character varying(50),
    operation_time timestamp without time zone DEFAULT CURRENT_TIMESTAMP NOT NULL
);
CREATE TABLE IF NOT EXISTS public.dw_process_definitions (
    id bigint NOT NULL,
    function_unit_id bigint NOT NULL,
    bpmn_xml text NOT NULL,
    created_at timestamp without time zone DEFAULT CURRENT_TIMESTAMP NOT NULL,
    updated_at timestamp without time zone DEFAULT CURRENT_TIMESTAMP
);
CREATE TABLE IF NOT EXISTS public.dw_table_definitions (
    id bigint NOT NULL,
    function_unit_id bigint NOT NULL,
    table_name character varying(100) NOT NULL,
    table_type character varying(20) NOT NULL,
    description text,
    created_at timestamp without time zone DEFAULT CURRENT_TIMESTAMP NOT NULL,
    updated_at timestamp without time zone DEFAULT CURRENT_TIMESTAMP,
    CONSTRAINT chk_table_type CHECK (((table_type)::text = ANY ((ARRAY['MAIN'::character varying, 'SUB'::character varying, 'ACTION'::character varying, 'RELATION'::character varying])::text[])))
);
CREATE TABLE IF NOT EXISTS public.dw_versions (
    id bigint NOT NULL,
    function_unit_id bigint NOT NULL,
    version_number character varying(20) NOT NULL,
    change_log text,
    snapshot_data bytea NOT NULL,
    published_by character varying(50) NOT NULL,
    published_at timestamp without time zone DEFAULT CURRENT_TIMESTAMP NOT NULL
);
CREATE TABLE IF NOT EXISTS public.flw_channel_definition (
    id_ character varying(255) NOT NULL,
    name_ character varying(255),
    version_ integer,
    key_ character varying(255),
    category_ character varying(255),
    deployment_id_ character varying(255),
    create_time_ timestamp(3) without time zone,
    tenant_id_ character varying(255),
    resource_name_ character varying(255),
    description_ character varying(255),
    type_ character varying(255),
    implementation_ character varying(255)
);
CREATE TABLE IF NOT EXISTS public.flw_ev_databasechangelog (
    id character varying(255) NOT NULL,
    author character varying(255) NOT NULL,
    filename character varying(255) NOT NULL,
    dateexecuted timestamp without time zone NOT NULL,
    orderexecuted integer NOT NULL,
    exectype character varying(10) NOT NULL,
    md5sum character varying(35),
    description character varying(255),
    comments character varying(255),
    tag character varying(255),
    liquibase character varying(20),
    contexts character varying(255),
    labels character varying(255),
    deployment_id character varying(10)
);
CREATE TABLE IF NOT EXISTS public.flw_ev_databasechangeloglock (
    id integer NOT NULL,
    locked boolean NOT NULL,
    lockgranted timestamp without time zone,
    lockedby character varying(255)
);
CREATE TABLE IF NOT EXISTS public.flw_event_definition (
    id_ character varying(255) NOT NULL,
    name_ character varying(255),
    version_ integer,
    key_ character varying(255),
    category_ character varying(255),
    deployment_id_ character varying(255),
    tenant_id_ character varying(255),
    resource_name_ character varying(255),
    description_ character varying(255)
);
CREATE TABLE IF NOT EXISTS public.flw_event_deployment (
    id_ character varying(255) NOT NULL,
    name_ character varying(255),
    category_ character varying(255),
    deploy_time_ timestamp(3) without time zone,
    tenant_id_ character varying(255),
    parent_deployment_id_ character varying(255)
);
CREATE TABLE IF NOT EXISTS public.flw_event_resource (
    id_ character varying(255) NOT NULL,
    name_ character varying(255),
    deployment_id_ character varying(255),
    resource_bytes_ bytea
);
CREATE TABLE IF NOT EXISTS public.flw_ru_batch (
    id_ character varying(64) NOT NULL,
    rev_ integer,
    type_ character varying(64) NOT NULL,
    search_key_ character varying(255),
    search_key2_ character varying(255),
    create_time_ timestamp without time zone NOT NULL,
    complete_time_ timestamp without time zone,
    status_ character varying(255),
    batch_doc_id_ character varying(64),
    tenant_id_ character varying(255) DEFAULT ''::character varying
);
CREATE TABLE IF NOT EXISTS public.flw_ru_batch_part (
    id_ character varying(64) NOT NULL,
    rev_ integer,
    batch_id_ character varying(64),
    type_ character varying(64) NOT NULL,
    scope_id_ character varying(64),
    sub_scope_id_ character varying(64),
    scope_type_ character varying(64),
    search_key_ character varying(255),
    search_key2_ character varying(255),
    create_time_ timestamp without time zone NOT NULL,
    complete_time_ timestamp without time zone,
    status_ character varying(255),
    result_doc_id_ character varying(64),
    tenant_id_ character varying(255) DEFAULT ''::character varying
);
CREATE TABLE IF NOT EXISTS public.sys_approvers (
    id character varying(64) NOT NULL,
    created_at timestamp(6) with time zone,
    created_by character varying(64),
    target_id character varying(64) NOT NULL,
    target_type character varying(20) NOT NULL,
    user_id character varying(64) NOT NULL,
    CONSTRAINT sys_approvers_target_type_check CHECK (((target_type)::text = ANY ((ARRAY['VIRTUAL_GROUP'::character varying, 'BUSINESS_UNIT'::character varying])::text[])))
);
CREATE TABLE IF NOT EXISTS public.sys_business_unit_roles (
    id character varying(64) NOT NULL,
    business_unit_id character varying(64) NOT NULL,
    created_at timestamp(6) with time zone,
    created_by character varying(64),
    role_id character varying(64) NOT NULL
);
CREATE TABLE IF NOT EXISTS public.sys_business_units (
    id character varying(64) NOT NULL,
    code character varying(50) NOT NULL,
    cost_center character varying(50),
    created_at timestamp(6) with time zone,
    created_by character varying(64),
    description text,
    level integer NOT NULL,
    location character varying(200),
    name character varying(100) NOT NULL,
    parent_id character varying(64),
    path character varying(500),
    phone character varying(50),
    sort_order integer,
    status character varying(20) NOT NULL,
    updated_at timestamp(6) with time zone,
    updated_by character varying(64),
    CONSTRAINT sys_business_units_status_check CHECK (((status)::text = ANY ((ARRAY['ACTIVE'::character varying, 'DISABLED'::character varying])::text[])))
);
CREATE TABLE IF NOT EXISTS public.sys_developer_role_permissions (
    id character varying(64) NOT NULL,
    role_id character varying(64) NOT NULL,
    permission character varying(50) NOT NULL,
    created_at timestamp without time zone DEFAULT CURRENT_TIMESTAMP,
    created_by character varying(64)
);
CREATE TABLE IF NOT EXISTS public.sys_dictionaries (
    id character varying(64) NOT NULL,
    code character varying(50) NOT NULL,
    name character varying(100) NOT NULL,
    type character varying(50),
    description text,
    status character varying(20) DEFAULT 'ACTIVE'::character varying,
    created_at timestamp without time zone DEFAULT CURRENT_TIMESTAMP,
    updated_at timestamp without time zone DEFAULT CURRENT_TIMESTAMP,
    cache_ttl integer,
    created_by character varying(36),
    data_source_config text,
    data_source_type character varying(20),
    sort_order integer,
    updated_by character varying(36),
    version integer DEFAULT 0,
    CONSTRAINT chk_dict_data_source_type CHECK (((data_source_type)::text = ANY ((ARRAY['DATABASE'::character varying, 'API'::character varying, 'FILE'::character varying, 'STATIC'::character varying])::text[])))
);
CREATE TABLE IF NOT EXISTS public.sys_dictionary_data_sources (
    id character varying(36) NOT NULL,
    dictionary_id character varying(36) NOT NULL,
    source_type character varying(20) NOT NULL,
    connection_string character varying(500),
    table_name character varying(200),
    code_field character varying(100),
    name_field character varying(100),
    value_field character varying(100),
    filter_condition character varying(500),
    order_by_field character varying(100),
    cache_ttl integer DEFAULT 300,
    enabled boolean DEFAULT true,
    created_at timestamp without time zone DEFAULT CURRENT_TIMESTAMP NOT NULL,
    updated_at timestamp without time zone DEFAULT CURRENT_TIMESTAMP NOT NULL
);
CREATE TABLE IF NOT EXISTS public.sys_dictionary_items (
    id character varying(64) NOT NULL,
    dictionary_id character varying(64) NOT NULL,
    parent_id character varying(64),
    item_code character varying(50) NOT NULL,
    name character varying(200) NOT NULL,
    name_en character varying(200),
    name_zh_cn character varying(200),
    name_zh_tw character varying(200),
    value character varying(500),
    description character varying(500),
    status character varying(20) NOT NULL,
    sort_order integer DEFAULT 0,
    valid_from timestamp without time zone,
    valid_to timestamp without time zone,
    ext_attributes text,
    created_at timestamp without time zone DEFAULT CURRENT_TIMESTAMP NOT NULL,
    created_by character varying(36),
    updated_at timestamp without time zone DEFAULT CURRENT_TIMESTAMP NOT NULL,
    updated_by character varying(36)
);
CREATE TABLE IF NOT EXISTS public.sys_dictionary_versions (
    id character varying(36) NOT NULL,
    dictionary_id character varying(36) NOT NULL,
    version integer NOT NULL,
    snapshot_data text NOT NULL,
    change_description character varying(500),
    created_at timestamp without time zone DEFAULT CURRENT_TIMESTAMP NOT NULL,
    created_by character varying(36)
);
CREATE TABLE IF NOT EXISTS public.sys_function_unit_access (
    id character varying(64) NOT NULL,
    function_unit_id character varying(64) NOT NULL,
    access_type character varying(20) NOT NULL,
    target_type character varying(20) NOT NULL,
    target_id character varying(64) NOT NULL,
    created_at timestamp without time zone DEFAULT CURRENT_TIMESTAMP,
    created_by character varying(64),
    role_id character varying(64) NOT NULL,
    role_name character varying(100)
);
CREATE TABLE IF NOT EXISTS public.sys_function_unit_approvals (
    id character varying(64) NOT NULL,
    deployment_id character varying(64) NOT NULL,
    approval_type character varying(20) NOT NULL,
    approver_id character varying(64) NOT NULL,
    approver_name character varying(100),
    status character varying(20) DEFAULT 'PENDING'::character varying NOT NULL,
    comment text,
    approved_at timestamp without time zone,
    created_at timestamp without time zone DEFAULT CURRENT_TIMESTAMP,
    approval_order integer
);
CREATE TABLE IF NOT EXISTS public.sys_function_unit_contents (
    id character varying(64) NOT NULL,
    function_unit_id character varying(64) NOT NULL,
    content_type character varying(20) NOT NULL,
    content_name character varying(200) NOT NULL,
    content_path character varying(500),
    content_data text,
    checksum character varying(64),
    created_at timestamp without time zone DEFAULT CURRENT_TIMESTAMP,
    flowable_deployment_id character varying(64),
    flowable_process_definition_id character varying(64),
    source_id character varying(64)
);
CREATE TABLE IF NOT EXISTS public.sys_function_unit_dependencies (
    id character varying(64) NOT NULL,
    function_unit_id character varying(64) NOT NULL,
    dependency_code character varying(50) NOT NULL,
    dependency_version character varying(20) NOT NULL,
    dependency_type character varying(20) DEFAULT 'REQUIRED'::character varying NOT NULL,
    created_at timestamp without time zone DEFAULT CURRENT_TIMESTAMP
);
CREATE TABLE IF NOT EXISTS public.sys_function_unit_deployments (
    id character varying(64) NOT NULL,
    function_unit_id character varying(64) NOT NULL,
    environment character varying(20) NOT NULL,
    strategy character varying(20) NOT NULL,
    status character varying(20) DEFAULT 'PENDING'::character varying NOT NULL,
    deployed_at timestamp without time zone,
    deployed_by character varying(64),
    completed_at timestamp without time zone,
    rollback_to_id character varying(64),
    error_message text,
    deployment_log text,
    created_at timestamp without time zone DEFAULT CURRENT_TIMESTAMP,
    created_by character varying(64),
    rollback_at timestamp(6) with time zone,
    rollback_by character varying(64),
    rollback_reason text,
    started_at timestamp(6) with time zone
);
CREATE TABLE IF NOT EXISTS public.sys_function_units (
    id character varying(64) NOT NULL,
    checksum character varying(64),
    code character varying(50) NOT NULL,
    created_at timestamp(6) with time zone,
    created_by character varying(64),
    description text,
    digital_signature text,
    enabled boolean NOT NULL,
    imported_at timestamp(6) with time zone,
    imported_by character varying(64),
    name character varying(100) NOT NULL,
    package_path character varying(500),
    package_size bigint,
    status character varying(20) NOT NULL,
    updated_at timestamp(6) with time zone,
    updated_by character varying(64),
    validated_at timestamp(6) with time zone,
    validated_by character varying(64),
    version character varying(20) NOT NULL,
    process_deployed boolean,
    process_deployment_count integer,
    CONSTRAINT chk_func_unit_status CHECK (((status)::text = ANY ((ARRAY['DRAFT'::character varying, 'VALIDATED'::character varying, 'DEPLOYED'::character varying, 'DEPRECATED'::character varying])::text[])))
);
CREATE TABLE IF NOT EXISTS public.sys_login_audit (
    id uuid DEFAULT public.uuid_generate_v4() NOT NULL,
    user_id character varying(64),
    username character varying(50) NOT NULL,
    action character varying(20) NOT NULL,
    ip_address character varying(45),
    user_agent text,
    success boolean DEFAULT true,
    failure_reason character varying(255),
    created_at timestamp without time zone DEFAULT CURRENT_TIMESTAMP
);
CREATE TABLE IF NOT EXISTS public.sys_member_change_logs (
    id character varying(64) NOT NULL,
    change_type character varying(20) NOT NULL,
    created_at timestamp(6) with time zone,
    operator_id character varying(64),
    reason text,
    role_ids text,
    target_id character varying(64) NOT NULL,
    target_type character varying(20) NOT NULL,
    user_id character varying(64) NOT NULL,
    CONSTRAINT sys_member_change_logs_change_type_check CHECK (((change_type)::text = ANY ((ARRAY['JOIN'::character varying, 'EXIT'::character varying, 'REMOVED'::character varying])::text[]))),
    CONSTRAINT sys_member_change_logs_target_type_check CHECK (((target_type)::text = ANY ((ARRAY['VIRTUAL_GROUP'::character varying, 'BUSINESS_UNIT'::character varying])::text[])))
);
CREATE TABLE IF NOT EXISTS public.sys_permission_requests (
    id character varying(64) NOT NULL,
    applicant_id character varying(64) NOT NULL,
    approved_at timestamp(6) with time zone,
    approver_comment text,
    approver_id character varying(64),
    created_at timestamp(6) with time zone,
    reason text,
    request_type character varying(20) NOT NULL,
    role_ids text,
    status character varying(20) NOT NULL,
    target_id character varying(64) NOT NULL,
    updated_at timestamp(6) with time zone,
    CONSTRAINT sys_permission_requests_request_type_check CHECK (((request_type)::text = ANY ((ARRAY['VIRTUAL_GROUP'::character varying, 'BUSINESS_UNIT'::character varying, 'BUSINESS_UNIT_ROLE'::character varying])::text[]))),
    CONSTRAINT sys_permission_requests_status_check CHECK (((status)::text = ANY ((ARRAY['PENDING'::character varying, 'APPROVED'::character varying, 'REJECTED'::character varying, 'CANCELLED'::character varying])::text[])))
);
CREATE TABLE IF NOT EXISTS public.sys_permissions (
    id character varying(64) NOT NULL,
    code character varying(100) NOT NULL,
    name character varying(100) NOT NULL,
    type character varying(50),
    resource character varying(100),
    action character varying(50),
    description text,
    created_at timestamp without time zone DEFAULT CURRENT_TIMESTAMP,
    parent_id character varying(64),
    sort_order integer
);
CREATE TABLE IF NOT EXISTS public.sys_role_assignments (
    id character varying(64) NOT NULL,
    role_id character varying(64) NOT NULL,
    target_type character varying(20) NOT NULL,
    target_id character varying(64) NOT NULL,
    assigned_at timestamp without time zone DEFAULT CURRENT_TIMESTAMP,
    assigned_by character varying(64),
    valid_from timestamp without time zone,
    valid_to timestamp without time zone,
    created_at timestamp without time zone DEFAULT CURRENT_TIMESTAMP,
    created_by character varying(64),
    updated_at timestamp without time zone DEFAULT CURRENT_TIMESTAMP
);
CREATE TABLE IF NOT EXISTS public.sys_role_permissions (
    id character varying(64) NOT NULL,
    role_id character varying(64) NOT NULL,
    permission_id character varying(64) NOT NULL,
    created_at timestamp without time zone DEFAULT CURRENT_TIMESTAMP,
    condition_type character varying(50),
    condition_value jsonb,
    granted_at timestamp(6) with time zone,
    granted_by character varying(64)
);
CREATE TABLE IF NOT EXISTS public.sys_roles (
    id character varying(64) NOT NULL,
    code character varying(50) NOT NULL,
    name character varying(100) NOT NULL,
    type character varying(20) DEFAULT 'BUSINESS'::character varying NOT NULL,
    description text,
    status character varying(20) DEFAULT 'ACTIVE'::character varying,
    is_system boolean DEFAULT false,
    created_at timestamp without time zone DEFAULT CURRENT_TIMESTAMP,
    created_by character varying(64),
    updated_at timestamp without time zone DEFAULT CURRENT_TIMESTAMP,
    updated_by character varying(64),
    CONSTRAINT chk_role_type CHECK (((type)::text = ANY ((ARRAY['ADMIN'::character varying, 'DEVELOPER'::character varying, 'BU_BOUNDED'::character varying, 'BU_UNBOUNDED'::character varying])::text[])))
);
CREATE TABLE IF NOT EXISTS public.sys_user_business_unit_roles (
    id character varying(64) NOT NULL,
    business_unit_id character varying(64) NOT NULL,
    created_at timestamp(6) with time zone,
    created_by character varying(64),
    role_id character varying(64) NOT NULL,
    user_id character varying(64) NOT NULL
);
CREATE TABLE IF NOT EXISTS public.sys_user_business_units (
    id character varying(64) NOT NULL,
    business_unit_id character varying(64) NOT NULL,
    created_at timestamp(6) with time zone,
    created_by character varying(64),
    user_id character varying(64) NOT NULL
);
CREATE TABLE IF NOT EXISTS public.sys_user_preferences (
    id character varying(64) NOT NULL,
    created_at timestamp(6) with time zone,
    preference_key character varying(100) NOT NULL,
    preference_value character varying(500),
    updated_at timestamp(6) with time zone,
    user_id character varying(64) NOT NULL
);
CREATE TABLE IF NOT EXISTS public.sys_user_roles (
    id character varying(64) NOT NULL,
    user_id character varying(64) NOT NULL,
    role_id character varying(64) NOT NULL,
    assigned_at timestamp without time zone DEFAULT CURRENT_TIMESTAMP,
    assigned_by character varying(64),
    valid_from timestamp without time zone,
    valid_to timestamp without time zone
);
CREATE TABLE IF NOT EXISTS public.sys_users (
    id character varying(64) NOT NULL,
    username character varying(100) NOT NULL,
    password_hash character varying(255) NOT NULL,
    email character varying(255),
    display_name character varying(50),
    full_name character varying(100),
    phone character varying(50),
    employee_id character varying(50),
    "position" character varying(100),
    entity_manager_id character varying(64),
    function_manager_id character varying(64),
    status character varying(20) DEFAULT 'ACTIVE'::character varying NOT NULL,
    language character varying(10) DEFAULT 'zh_CN'::character varying,
    must_change_password boolean DEFAULT false,
    password_expired_at timestamp without time zone,
    last_login_at timestamp without time zone,
    last_login_ip character varying(50),
    failed_login_count integer DEFAULT 0,
    locked_until timestamp without time zone,
    created_at timestamp without time zone DEFAULT CURRENT_TIMESTAMP,
    created_by character varying(64),
    updated_at timestamp without time zone DEFAULT CURRENT_TIMESTAMP,
    updated_by character varying(64),
    deleted boolean DEFAULT false NOT NULL,
    deleted_at timestamp without time zone,
    deleted_by character varying(64),
    CONSTRAINT chk_sys_user_status CHECK (((status)::text = ANY ((ARRAY['ACTIVE'::character varying, 'DISABLED'::character varying, 'LOCKED'::character varying, 'PENDING'::character varying])::text[])))
);
CREATE TABLE IF NOT EXISTS public.sys_virtual_group_members (
    id character varying(64) NOT NULL,
    group_id character varying(64) NOT NULL,
    user_id character varying(64) NOT NULL,
    joined_at timestamp without time zone DEFAULT CURRENT_TIMESTAMP,
    added_by character varying(64)
);
CREATE TABLE IF NOT EXISTS public.sys_virtual_group_roles (
    id character varying(64) NOT NULL,
    created_at timestamp(6) with time zone,
    created_by character varying(64),
    role_id character varying(64) NOT NULL,
    virtual_group_id character varying(64) NOT NULL
);
CREATE TABLE IF NOT EXISTS public.sys_virtual_group_task_history (
    id character varying(64) NOT NULL,
    group_id character varying(64) NOT NULL,
    task_id character varying(64) NOT NULL,
    action_type character varying(20) NOT NULL,
    from_user_id character varying(64),
    to_user_id character varying(64),
    assigned_user_id character varying(64),
    assigned_at timestamp without time zone DEFAULT CURRENT_TIMESTAMP,
    completed_at timestamp without time zone,
    status character varying(20),
    reason text,
    comment text,
    created_at timestamp with time zone DEFAULT CURRENT_TIMESTAMP,
    CONSTRAINT chk_vg_task_action_type CHECK (((action_type)::text = ANY ((ARRAY['CREATED'::character varying, 'ASSIGNED'::character varying, 'CLAIMED'::character varying, 'DELEGATED'::character varying, 'COMPLETED'::character varying, 'CANCELLED'::character varying, 'RETURNED'::character varying])::text[])))
);
CREATE TABLE IF NOT EXISTS public.sys_virtual_groups (
    id character varying(64) NOT NULL,
    name character varying(100) NOT NULL,
    code character varying(50) NOT NULL,
    description text,
    type character varying(50) DEFAULT 'CUSTOM'::character varying,
    rule_expression text,
    status character varying(20) DEFAULT 'ACTIVE'::character varying,
    created_at timestamp without time zone DEFAULT CURRENT_TIMESTAMP,
    created_by character varying(64),
    updated_at timestamp without time zone DEFAULT CURRENT_TIMESTAMP,
    updated_by character varying(64),
    ad_group character varying(100),
    CONSTRAINT chk_virtual_group_type CHECK (((type)::text = ANY ((ARRAY['SYSTEM'::character varying, 'CUSTOM'::character varying])::text[])))
);
CREATE TABLE IF NOT EXISTS public.up_dashboard_layout (
    id bigint NOT NULL,
    component_id character varying(50) NOT NULL,
    component_type character varying(50) NOT NULL,
    config jsonb,
    created_at timestamp(6) without time zone,
    grid_h integer NOT NULL,
    grid_w integer NOT NULL,
    grid_x integer NOT NULL,
    grid_y integer NOT NULL,
    is_visible boolean,
    updated_at timestamp(6) without time zone,
    user_id character varying(64) NOT NULL
);
CREATE TABLE IF NOT EXISTS public.up_delegation_audit (
    id bigint NOT NULL,
    created_at timestamp(6) without time zone,
    delegate_id character varying(64) NOT NULL,
    delegator_id character varying(64) NOT NULL,
    ip_address character varying(50),
    operation_detail text,
    operation_result character varying(50),
    operation_type character varying(50) NOT NULL,
    task_id character varying(64),
    user_agent character varying(500)
);
CREATE TABLE IF NOT EXISTS public.up_delegation_rule (
    id bigint NOT NULL,
    created_at timestamp(6) without time zone,
    delegate_id character varying(64) NOT NULL,
    delegation_type character varying(20) NOT NULL,
    delegator_id character varying(64) NOT NULL,
    end_time timestamp(6) without time zone,
    priority_filter jsonb,
    process_types jsonb,
    reason text,
    start_time timestamp(6) without time zone,
    status character varying(20),
    updated_at timestamp(6) without time zone,
    CONSTRAINT up_delegation_rule_delegation_type_check CHECK (((delegation_type)::text = ANY ((ARRAY['ALL'::character varying, 'PARTIAL'::character varying, 'TEMPORARY'::character varying, 'URGENT'::character varying])::text[]))),
    CONSTRAINT up_delegation_rule_status_check CHECK (((status)::text = ANY ((ARRAY['ACTIVE'::character varying, 'INACTIVE'::character varying, 'EXPIRED'::character varying, 'SUSPENDED'::character varying])::text[])))
);
CREATE TABLE IF NOT EXISTS public.up_favorite_process (
    id bigint NOT NULL,
    created_at timestamp(6) without time zone,
    display_order integer,
    process_definition_key character varying(255) NOT NULL,
    user_id character varying(64) NOT NULL
);
CREATE TABLE IF NOT EXISTS public.up_notification_preference (
    id bigint NOT NULL,
    browser_enabled boolean,
    created_at timestamp(6) without time zone,
    email_enabled boolean,
    in_app_enabled boolean,
    notification_type character varying(50) NOT NULL,
    quiet_end_time time(6) without time zone,
    quiet_start_time time(6) without time zone,
    updated_at timestamp(6) without time zone,
    user_id character varying(64) NOT NULL
);
CREATE TABLE IF NOT EXISTS public.up_permission_request (
    id bigint NOT NULL,
    applicant_id character varying(64) NOT NULL,
    approve_comment text,
    approve_time timestamp(6) without time zone,
    approver_id character varying(64),
    created_at timestamp(6) without time zone,
    organization_unit_id character varying(64),
    organization_unit_name character varying(200),
    permissions jsonb,
    reason text NOT NULL,
    request_type character varying(30) NOT NULL,
    role_id character varying(64),
    role_name character varying(100),
    status character varying(20),
    updated_at timestamp(6) without time zone,
    valid_from timestamp(6) without time zone,
    valid_to timestamp(6) without time zone,
    virtual_group_id character varying(64),
    virtual_group_name character varying(200),
    business_unit_id character varying(64),
    business_unit_name character varying(200),
    CONSTRAINT up_permission_request_request_type_check CHECK (((request_type)::text = ANY ((ARRAY['ROLE_ASSIGNMENT'::character varying, 'VIRTUAL_GROUP_JOIN'::character varying, 'FUNCTION'::character varying, 'DATA'::character varying, 'TEMPORARY'::character varying])::text[]))),
    CONSTRAINT up_permission_request_status_check CHECK (((status)::text = ANY ((ARRAY['PENDING'::character varying, 'APPROVED'::character varying, 'REJECTED'::character varying])::text[])))
);
CREATE TABLE IF NOT EXISTS public.up_process_draft (
    id bigint NOT NULL,
    attachments jsonb,
    created_at timestamp(6) without time zone,
    form_data jsonb NOT NULL,
    process_definition_key character varying(255) NOT NULL,
    updated_at timestamp(6) without time zone,
    user_id character varying(64) NOT NULL
);
CREATE TABLE IF NOT EXISTS public.up_process_history (
    id bigint NOT NULL,
    activity_id character varying(100),
    activity_name character varying(255),
    activity_type character varying(50),
    comment text,
    duration bigint,
    operation_time timestamp(6) without time zone,
    operation_type character varying(50) NOT NULL,
    operator_id character varying(64) NOT NULL,
    operator_name character varying(100),
    process_instance_id character varying(64) NOT NULL,
    task_id character varying(64)
);
CREATE TABLE IF NOT EXISTS public.up_process_instance (
    id character varying(64) NOT NULL,
    business_key character varying(255),
    candidate_users character varying(500),
    current_assignee character varying(64),
    current_node character varying(255),
    end_time timestamp(6) without time zone,
    priority character varying(32),
    process_definition_id character varying(64),
    process_definition_key character varying(255) NOT NULL,
    process_definition_name character varying(255),
    start_time timestamp(6) without time zone,
    start_user_id character varying(64) NOT NULL,
    start_user_name character varying(100),
    status character varying(32) NOT NULL,
    updated_at timestamp(6) without time zone,
    variables jsonb
);
CREATE TABLE IF NOT EXISTS public.up_user_preference (
    id bigint NOT NULL,
    created_at timestamp(6) without time zone,
    date_format character varying(20),
    font_size character varying(10),
    language character varying(10),
    layout_density character varying(10),
    page_size integer,
    theme character varying(20),
    theme_color character varying(20),
    timezone character varying(50),
    updated_at timestamp(6) without time zone,
    user_id character varying(64) NOT NULL
);
CREATE TABLE IF NOT EXISTS public.wf_audit_logs (
    id character varying(64) NOT NULL,
    process_instance_id character varying(64),
    task_id character varying(64),
    user_id character varying(64),
    operation_type character varying(50) NOT NULL,
    operation_detail text,
    created_at timestamp without time zone DEFAULT CURRENT_TIMESTAMP,
    after_data jsonb,
    before_data jsonb,
    context_data jsonb,
    duration_ms bigint,
    error_message text,
    ip_address character varying(45),
    is_sensitive boolean NOT NULL,
    operation_description text,
    operation_result character varying(20) NOT NULL,
    request_id character varying(64),
    resource_id character varying(64) NOT NULL,
    resource_name character varying(255),
    resource_type character varying(50) NOT NULL,
    risk_level character varying(20),
    session_id character varying(128),
    tenant_id character varying(64),
    "timestamp" timestamp(6) without time zone NOT NULL,
    user_agent character varying(500)
);
CREATE TABLE IF NOT EXISTS public.wf_exception_records (
    id character varying(64) NOT NULL,
    process_instance_id character varying(64),
    task_id character varying(64),
    exception_type character varying(100),
    exception_message text,
    stack_trace text,
    handled boolean DEFAULT false,
    handled_by character varying(64),
    handled_at timestamp without time zone,
    created_at timestamp without time zone DEFAULT CURRENT_TIMESTAMP,
    activity_id character varying(255),
    activity_name character varying(255),
    alert_sent boolean NOT NULL,
    alert_sent_time timestamp(6) without time zone,
    context_data text,
    created_time timestamp(6) without time zone NOT NULL,
    exception_class character varying(500),
    last_retry_time timestamp(6) without time zone,
    max_retry_count integer NOT NULL,
    next_retry_time timestamp(6) without time zone,
    occurred_time timestamp(6) without time zone NOT NULL,
    parent_exception_id character varying(64),
    process_definition_id character varying(64),
    process_definition_key character varying(255),
    resolution_method character varying(50),
    resolution_note text,
    resolved boolean NOT NULL,
    resolved_by character varying(64),
    resolved_time timestamp(6) without time zone,
    retry_count integer NOT NULL,
    root_cause text,
    severity character varying(20) NOT NULL,
    status character varying(20) NOT NULL,
    task_name character varying(255),
    tenant_id character varying(64),
    updated_time timestamp(6) without time zone,
    variables_snapshot text,
    CONSTRAINT wf_exception_records_severity_check CHECK (((severity)::text = ANY ((ARRAY['CRITICAL'::character varying, 'HIGH'::character varying, 'MEDIUM'::character varying, 'LOW'::character varying])::text[]))),
    CONSTRAINT wf_exception_records_status_check CHECK (((status)::text = ANY ((ARRAY['PENDING'::character varying, 'PROCESSING'::character varying, 'RESOLVED'::character varying, 'IGNORED'::character varying])::text[])))
);
CREATE TABLE IF NOT EXISTS public.wf_extended_task_info (
    task_id character varying(64) NOT NULL,
    process_instance_id character varying(64),
    assignment_type character varying(20),
    original_assignee character varying(64),
    delegated_from character varying(64),
    priority integer DEFAULT 50,
    due_date timestamp without time zone,
    reminder_sent boolean DEFAULT false,
    custom_data text,
    created_at timestamp without time zone DEFAULT CURRENT_TIMESTAMP,
    updated_at timestamp without time zone DEFAULT CURRENT_TIMESTAMP,
    assignment_target character varying(255) NOT NULL,
    business_key character varying(255),
    claimed_by character varying(64),
    claimed_time timestamp(6) without time zone,
    completed_by character varying(64),
    completed_time timestamp(6) without time zone,
    created_by character varying(64),
    created_time timestamp(6) without time zone NOT NULL,
    delegated_by character varying(64),
    delegated_time timestamp(6) without time zone,
    delegated_to character varying(64),
    delegation_reason character varying(500),
    extended_properties text,
    form_key character varying(255),
    is_deleted boolean NOT NULL,
    process_definition_id character varying(64) NOT NULL,
    status character varying(20) NOT NULL,
    task_definition_key character varying(255),
    task_description character varying(4000),
    task_name character varying(255),
    tenant_id character varying(64),
    updated_by character varying(64),
    updated_time timestamp(6) without time zone,
    version bigint,
    id bigint NOT NULL
);
CREATE TABLE IF NOT EXISTS public.wf_process_variables (
    id character varying(64) NOT NULL,
    process_instance_id character varying(64) NOT NULL,
    name character varying(100) NOT NULL,
    type character varying(50),
    value text,
    created_at timestamp without time zone DEFAULT CURRENT_TIMESTAMP,
    updated_at timestamp without time zone DEFAULT CURRENT_TIMESTAMP,
    activity_instance_id character varying(64),
    binary_value oid,
    case_execution_id character varying(64),
    case_instance_id character varying(64),
    change_reason character varying(500),
    created_by character varying(64),
    created_time timestamp(6) without time zone NOT NULL,
    date_value timestamp(6) without time zone,
    double_value double precision,
    execution_id character varying(64),
    is_concurrent_local boolean,
    json_value jsonb,
    long_value bigint,
    operation_type character varying(20),
    sequence_counter bigint,
    task_id character varying(64),
    tenant_id character varying(255),
    text_value text,
    text_value2 text,
    updated_by character varying(64),
    updated_time timestamp(6) without time zone NOT NULL
);
CREATE TABLE IF NOT EXISTS public.wf_saga_steps (
    id uuid DEFAULT public.uuid_generate_v4() NOT NULL,
    saga_id uuid NOT NULL,
    step_name character varying(100) NOT NULL,
    step_order integer NOT NULL,
    status character varying(20) NOT NULL,
    input_data jsonb,
    output_data jsonb,
    error_message text,
    started_at timestamp without time zone,
    completed_at timestamp without time zone
);
CREATE TABLE IF NOT EXISTS public.wf_saga_transactions (
    id uuid DEFAULT public.uuid_generate_v4() NOT NULL,
    saga_type character varying(100) NOT NULL,
    status character varying(20) NOT NULL,
    context jsonb,
    started_at timestamp without time zone DEFAULT CURRENT_TIMESTAMP NOT NULL,
    completed_at timestamp without time zone,
    error_message text,
    version bigint DEFAULT 0
);

-- =====================================================
-- 第三步：创建索引
-- =====================================================
CREATE INDEX IF NOT EXISTS act_idx_app_def_dply ON public.act_app_appdef USING btree (deployment_id_);
CREATE INDEX IF NOT EXISTS act_idx_app_rsrc_dpl ON public.act_app_deployment_resource USING btree (deployment_id_);
CREATE INDEX IF NOT EXISTS act_idx_athrz_procedef ON public.act_ru_identitylink USING btree (proc_def_id_);
CREATE INDEX IF NOT EXISTS act_idx_bytear_depl ON public.act_ge_bytearray USING btree (deployment_id_);
CREATE INDEX IF NOT EXISTS act_idx_case_def_dply ON public.act_cmmn_casedef USING btree (deployment_id_);
CREATE INDEX IF NOT EXISTS act_idx_case_inst_case_def ON public.act_cmmn_ru_case_inst USING btree (case_def_id_);
CREATE INDEX IF NOT EXISTS act_idx_case_inst_parent ON public.act_cmmn_ru_case_inst USING btree (parent_id_);
CREATE INDEX IF NOT EXISTS act_idx_case_inst_ref_id_ ON public.act_cmmn_ru_case_inst USING btree (reference_id_);
CREATE INDEX IF NOT EXISTS act_idx_cmmn_rsrc_dpl ON public.act_cmmn_deployment_resource USING btree (deployment_id_);
CREATE INDEX IF NOT EXISTS act_idx_deadletter_job_correlation_id ON public.act_ru_deadletter_job USING btree (correlation_id_);
CREATE INDEX IF NOT EXISTS act_idx_deadletter_job_custom_values_id ON public.act_ru_deadletter_job USING btree (custom_values_id_);
CREATE INDEX IF NOT EXISTS act_idx_deadletter_job_exception_stack_id ON public.act_ru_deadletter_job USING btree (exception_stack_id_);
CREATE INDEX IF NOT EXISTS act_idx_deadletter_job_execution_id ON public.act_ru_deadletter_job USING btree (execution_id_);
CREATE INDEX IF NOT EXISTS act_idx_deadletter_job_proc_def_id ON public.act_ru_deadletter_job USING btree (proc_def_id_);
CREATE INDEX IF NOT EXISTS act_idx_deadletter_job_process_instance_id ON public.act_ru_deadletter_job USING btree (process_instance_id_);
CREATE INDEX IF NOT EXISTS act_idx_djob_scope ON public.act_ru_deadletter_job USING btree (scope_id_, scope_type_);
CREATE INDEX IF NOT EXISTS act_idx_djob_scope_def ON public.act_ru_deadletter_job USING btree (scope_definition_id_, scope_type_);
CREATE INDEX IF NOT EXISTS act_idx_djob_sub_scope ON public.act_ru_deadletter_job USING btree (sub_scope_id_, scope_type_);
CREATE INDEX IF NOT EXISTS act_idx_dmn_instance_id ON public.act_dmn_hi_decision_execution USING btree (instance_id_);
CREATE INDEX IF NOT EXISTS act_idx_ejob_scope ON public.act_ru_external_job USING btree (scope_id_, scope_type_);
CREATE INDEX IF NOT EXISTS act_idx_ejob_scope_def ON public.act_ru_external_job USING btree (scope_definition_id_, scope_type_);
CREATE INDEX IF NOT EXISTS act_idx_ejob_sub_scope ON public.act_ru_external_job USING btree (sub_scope_id_, scope_type_);
CREATE INDEX IF NOT EXISTS act_idx_ent_lnk_ref_scope ON public.act_ru_entitylink USING btree (ref_scope_id_, ref_scope_type_, link_type_);
CREATE INDEX IF NOT EXISTS act_idx_ent_lnk_root_scope ON public.act_ru_entitylink USING btree (root_scope_id_, root_scope_type_, link_type_);
CREATE INDEX IF NOT EXISTS act_idx_ent_lnk_scope ON public.act_ru_entitylink USING btree (scope_id_, scope_type_, link_type_);
CREATE INDEX IF NOT EXISTS act_idx_ent_lnk_scope_def ON public.act_ru_entitylink USING btree (scope_definition_id_, scope_type_, link_type_);
CREATE INDEX IF NOT EXISTS act_idx_event_subscr ON public.act_ru_event_subscr USING btree (execution_id_);
CREATE INDEX IF NOT EXISTS act_idx_event_subscr_config_ ON public.act_ru_event_subscr USING btree (configuration_);
CREATE INDEX IF NOT EXISTS act_idx_event_subscr_scoperef_ ON public.act_ru_event_subscr USING btree (scope_id_, scope_type_);
CREATE INDEX IF NOT EXISTS act_idx_exe_parent ON public.act_ru_execution USING btree (parent_id_);
CREATE INDEX IF NOT EXISTS act_idx_exe_procdef ON public.act_ru_execution USING btree (proc_def_id_);
CREATE INDEX IF NOT EXISTS act_idx_exe_procinst ON public.act_ru_execution USING btree (proc_inst_id_);
CREATE INDEX IF NOT EXISTS act_idx_exe_root ON public.act_ru_execution USING btree (root_proc_inst_id_);
CREATE INDEX IF NOT EXISTS act_idx_exe_super ON public.act_ru_execution USING btree (super_exec_);
CREATE INDEX IF NOT EXISTS act_idx_exec_buskey ON public.act_ru_execution USING btree (business_key_);
CREATE INDEX IF NOT EXISTS act_idx_exec_ref_id_ ON public.act_ru_execution USING btree (reference_id_);
CREATE INDEX IF NOT EXISTS act_idx_external_job_correlation_id ON public.act_ru_external_job USING btree (correlation_id_);
CREATE INDEX IF NOT EXISTS act_idx_external_job_custom_values_id ON public.act_ru_external_job USING btree (custom_values_id_);
CREATE INDEX IF NOT EXISTS act_idx_external_job_exception_stack_id ON public.act_ru_external_job USING btree (exception_stack_id_);
CREATE INDEX IF NOT EXISTS act_idx_hi_act_inst_end ON public.act_hi_actinst USING btree (end_time_);
CREATE INDEX IF NOT EXISTS act_idx_hi_act_inst_exec ON public.act_hi_actinst USING btree (execution_id_, act_id_);
CREATE INDEX IF NOT EXISTS act_idx_hi_act_inst_procinst ON public.act_hi_actinst USING btree (proc_inst_id_, act_id_);
CREATE INDEX IF NOT EXISTS act_idx_hi_act_inst_start ON public.act_hi_actinst USING btree (start_time_);
CREATE INDEX IF NOT EXISTS act_idx_hi_case_inst_end ON public.act_cmmn_hi_case_inst USING btree (end_time_);
CREATE INDEX IF NOT EXISTS act_idx_hi_detail_act_inst ON public.act_hi_detail USING btree (act_inst_id_);
CREATE INDEX IF NOT EXISTS act_idx_hi_detail_name ON public.act_hi_detail USING btree (name_);
CREATE INDEX IF NOT EXISTS act_idx_hi_detail_proc_inst ON public.act_hi_detail USING btree (proc_inst_id_);
CREATE INDEX IF NOT EXISTS act_idx_hi_detail_task_id ON public.act_hi_detail USING btree (task_id_);
CREATE INDEX IF NOT EXISTS act_idx_hi_detail_time ON public.act_hi_detail USING btree (time_);
CREATE INDEX IF NOT EXISTS act_idx_hi_ent_lnk_ref_scope ON public.act_hi_entitylink USING btree (ref_scope_id_, ref_scope_type_, link_type_);
CREATE INDEX IF NOT EXISTS act_idx_hi_ent_lnk_root_scope ON public.act_hi_entitylink USING btree (root_scope_id_, root_scope_type_, link_type_);
CREATE INDEX IF NOT EXISTS act_idx_hi_ent_lnk_scope ON public.act_hi_entitylink USING btree (scope_id_, scope_type_, link_type_);
CREATE INDEX IF NOT EXISTS act_idx_hi_ent_lnk_scope_def ON public.act_hi_entitylink USING btree (scope_definition_id_, scope_type_, link_type_);
CREATE INDEX IF NOT EXISTS act_idx_hi_ident_lnk_procinst ON public.act_hi_identitylink USING btree (proc_inst_id_);
CREATE INDEX IF NOT EXISTS act_idx_hi_ident_lnk_scope ON public.act_hi_identitylink USING btree (scope_id_, scope_type_);
CREATE INDEX IF NOT EXISTS act_idx_hi_ident_lnk_scope_def ON public.act_hi_identitylink USING btree (scope_definition_id_, scope_type_);
CREATE INDEX IF NOT EXISTS act_idx_hi_ident_lnk_sub_scope ON public.act_hi_identitylink USING btree (sub_scope_id_, scope_type_);
CREATE INDEX IF NOT EXISTS act_idx_hi_ident_lnk_task ON public.act_hi_identitylink USING btree (task_id_);
CREATE INDEX IF NOT EXISTS act_idx_hi_ident_lnk_user ON public.act_hi_identitylink USING btree (user_id_);
CREATE INDEX IF NOT EXISTS act_idx_hi_pro_i_buskey ON public.act_hi_procinst USING btree (business_key_);
CREATE INDEX IF NOT EXISTS act_idx_hi_pro_inst_end ON public.act_hi_procinst USING btree (end_time_);
CREATE INDEX IF NOT EXISTS act_idx_hi_pro_super_procinst ON public.act_hi_procinst USING btree (super_process_instance_id_);
CREATE INDEX IF NOT EXISTS act_idx_hi_procvar_exe ON public.act_hi_varinst USING btree (execution_id_);
CREATE INDEX IF NOT EXISTS act_idx_hi_procvar_name_type ON public.act_hi_varinst USING btree (name_, var_type_);
CREATE INDEX IF NOT EXISTS act_idx_hi_procvar_proc_inst ON public.act_hi_varinst USING btree (proc_inst_id_);
CREATE INDEX IF NOT EXISTS act_idx_hi_procvar_task_id ON public.act_hi_varinst USING btree (task_id_);
CREATE INDEX IF NOT EXISTS act_idx_hi_task_inst_procinst ON public.act_hi_taskinst USING btree (proc_inst_id_);
CREATE INDEX IF NOT EXISTS act_idx_hi_task_scope ON public.act_hi_taskinst USING btree (scope_id_, scope_type_);
CREATE INDEX IF NOT EXISTS act_idx_hi_task_scope_def ON public.act_hi_taskinst USING btree (scope_definition_id_, scope_type_);
CREATE INDEX IF NOT EXISTS act_idx_hi_task_sub_scope ON public.act_hi_taskinst USING btree (sub_scope_id_, scope_type_);
CREATE INDEX IF NOT EXISTS act_idx_hi_var_scope_id_type ON public.act_hi_varinst USING btree (scope_id_, scope_type_);
CREATE INDEX IF NOT EXISTS act_idx_hi_var_sub_id_type ON public.act_hi_varinst USING btree (sub_scope_id_, scope_type_);
CREATE INDEX IF NOT EXISTS act_idx_ident_lnk_group ON public.act_ru_identitylink USING btree (group_id_);
CREATE INDEX IF NOT EXISTS act_idx_ident_lnk_scope ON public.act_ru_identitylink USING btree (scope_id_, scope_type_);
CREATE INDEX IF NOT EXISTS act_idx_ident_lnk_scope_def ON public.act_ru_identitylink USING btree (scope_definition_id_, scope_type_);
CREATE INDEX IF NOT EXISTS act_idx_ident_lnk_sub_scope ON public.act_ru_identitylink USING btree (sub_scope_id_, scope_type_);
CREATE INDEX IF NOT EXISTS act_idx_ident_lnk_user ON public.act_ru_identitylink USING btree (user_id_);
CREATE INDEX IF NOT EXISTS act_idx_idl_procinst ON public.act_ru_identitylink USING btree (proc_inst_id_);
CREATE INDEX IF NOT EXISTS act_idx_job_correlation_id ON public.act_ru_job USING btree (correlation_id_);
CREATE INDEX IF NOT EXISTS act_idx_job_custom_values_id ON public.act_ru_job USING btree (custom_values_id_);
CREATE INDEX IF NOT EXISTS act_idx_job_exception_stack_id ON public.act_ru_job USING btree (exception_stack_id_);
CREATE INDEX IF NOT EXISTS act_idx_job_execution_id ON public.act_ru_job USING btree (execution_id_);
CREATE INDEX IF NOT EXISTS act_idx_job_proc_def_id ON public.act_ru_job USING btree (proc_def_id_);
CREATE INDEX IF NOT EXISTS act_idx_job_process_instance_id ON public.act_ru_job USING btree (process_instance_id_);
CREATE INDEX IF NOT EXISTS act_idx_job_scope ON public.act_ru_job USING btree (scope_id_, scope_type_);
CREATE INDEX IF NOT EXISTS act_idx_job_scope_def ON public.act_ru_job USING btree (scope_definition_id_, scope_type_);
CREATE INDEX IF NOT EXISTS act_idx_job_sub_scope ON public.act_ru_job USING btree (sub_scope_id_, scope_type_);
CREATE INDEX IF NOT EXISTS act_idx_memb_group ON public.act_id_membership USING btree (group_id_);
CREATE INDEX IF NOT EXISTS act_idx_memb_user ON public.act_id_membership USING btree (user_id_);
CREATE INDEX IF NOT EXISTS act_idx_mil_case_def ON public.act_cmmn_ru_mil_inst USING btree (case_def_id_);
CREATE INDEX IF NOT EXISTS act_idx_mil_case_inst ON public.act_cmmn_ru_mil_inst USING btree (case_inst_id_);
CREATE INDEX IF NOT EXISTS act_idx_model_deployment ON public.act_re_model USING btree (deployment_id_);
CREATE INDEX IF NOT EXISTS act_idx_model_source ON public.act_re_model USING btree (editor_source_value_id_);
CREATE INDEX IF NOT EXISTS act_idx_model_source_extra ON public.act_re_model USING btree (editor_source_extra_value_id_);
CREATE INDEX IF NOT EXISTS act_idx_plan_item_case_def ON public.act_cmmn_ru_plan_item_inst USING btree (case_def_id_);
CREATE INDEX IF NOT EXISTS act_idx_plan_item_case_inst ON public.act_cmmn_ru_plan_item_inst USING btree (case_inst_id_);
CREATE INDEX IF NOT EXISTS act_idx_plan_item_stage_inst ON public.act_cmmn_ru_plan_item_inst USING btree (stage_inst_id_);
CREATE INDEX IF NOT EXISTS act_idx_priv_group ON public.act_id_priv_mapping USING btree (group_id_);
CREATE INDEX IF NOT EXISTS act_idx_priv_mapping ON public.act_id_priv_mapping USING btree (priv_id_);
CREATE INDEX IF NOT EXISTS act_idx_priv_user ON public.act_id_priv_mapping USING btree (user_id_);
CREATE INDEX IF NOT EXISTS act_idx_procdef_info_json ON public.act_procdef_info USING btree (info_json_id_);
CREATE INDEX IF NOT EXISTS act_idx_procdef_info_proc ON public.act_procdef_info USING btree (proc_def_id_);
CREATE INDEX IF NOT EXISTS act_idx_ru_acti_end ON public.act_ru_actinst USING btree (end_time_);
CREATE INDEX IF NOT EXISTS act_idx_ru_acti_exec ON public.act_ru_actinst USING btree (execution_id_);
CREATE INDEX IF NOT EXISTS act_idx_ru_acti_exec_act ON public.act_ru_actinst USING btree (execution_id_, act_id_);
CREATE INDEX IF NOT EXISTS act_idx_ru_acti_proc ON public.act_ru_actinst USING btree (proc_inst_id_);
CREATE INDEX IF NOT EXISTS act_idx_ru_acti_proc_act ON public.act_ru_actinst USING btree (proc_inst_id_, act_id_);
CREATE INDEX IF NOT EXISTS act_idx_ru_acti_start ON public.act_ru_actinst USING btree (start_time_);
CREATE INDEX IF NOT EXISTS act_idx_ru_acti_task ON public.act_ru_actinst USING btree (task_id_);
CREATE INDEX IF NOT EXISTS act_idx_ru_var_scope_id_type ON public.act_ru_variable USING btree (scope_id_, scope_type_);
CREATE INDEX IF NOT EXISTS act_idx_ru_var_sub_id_type ON public.act_ru_variable USING btree (sub_scope_id_, scope_type_);
CREATE INDEX IF NOT EXISTS act_idx_sentry_case_def ON public.act_cmmn_ru_sentry_part_inst USING btree (case_def_id_);
CREATE INDEX IF NOT EXISTS act_idx_sentry_case_inst ON public.act_cmmn_ru_sentry_part_inst USING btree (case_inst_id_);
CREATE INDEX IF NOT EXISTS act_idx_sentry_plan_item ON public.act_cmmn_ru_sentry_part_inst USING btree (plan_item_inst_id_);
CREATE INDEX IF NOT EXISTS act_idx_sjob_scope ON public.act_ru_suspended_job USING btree (scope_id_, scope_type_);
CREATE INDEX IF NOT EXISTS act_idx_sjob_scope_def ON public.act_ru_suspended_job USING btree (scope_definition_id_, scope_type_);
CREATE INDEX IF NOT EXISTS act_idx_sjob_sub_scope ON public.act_ru_suspended_job USING btree (sub_scope_id_, scope_type_);
CREATE INDEX IF NOT EXISTS act_idx_suspended_job_correlation_id ON public.act_ru_suspended_job USING btree (correlation_id_);
CREATE INDEX IF NOT EXISTS act_idx_suspended_job_custom_values_id ON public.act_ru_suspended_job USING btree (custom_values_id_);
CREATE INDEX IF NOT EXISTS act_idx_suspended_job_exception_stack_id ON public.act_ru_suspended_job USING btree (exception_stack_id_);
CREATE INDEX IF NOT EXISTS act_idx_suspended_job_execution_id ON public.act_ru_suspended_job USING btree (execution_id_);
CREATE INDEX IF NOT EXISTS act_idx_suspended_job_proc_def_id ON public.act_ru_suspended_job USING btree (proc_def_id_);
CREATE INDEX IF NOT EXISTS act_idx_suspended_job_process_instance_id ON public.act_ru_suspended_job USING btree (process_instance_id_);
CREATE INDEX IF NOT EXISTS act_idx_task_create ON public.act_ru_task USING btree (create_time_);
CREATE INDEX IF NOT EXISTS act_idx_task_exec ON public.act_ru_task USING btree (execution_id_);
CREATE INDEX IF NOT EXISTS act_idx_task_procdef ON public.act_ru_task USING btree (proc_def_id_);
CREATE INDEX IF NOT EXISTS act_idx_task_procinst ON public.act_ru_task USING btree (proc_inst_id_);
CREATE INDEX IF NOT EXISTS act_idx_task_scope ON public.act_ru_task USING btree (scope_id_, scope_type_);
CREATE INDEX IF NOT EXISTS act_idx_task_scope_def ON public.act_ru_task USING btree (scope_definition_id_, scope_type_);
CREATE INDEX IF NOT EXISTS act_idx_task_sub_scope ON public.act_ru_task USING btree (sub_scope_id_, scope_type_);
CREATE INDEX IF NOT EXISTS act_idx_timer_job_correlation_id ON public.act_ru_timer_job USING btree (correlation_id_);
CREATE INDEX IF NOT EXISTS act_idx_timer_job_custom_values_id ON public.act_ru_timer_job USING btree (custom_values_id_);
CREATE INDEX IF NOT EXISTS act_idx_timer_job_duedate ON public.act_ru_timer_job USING btree (duedate_);
CREATE INDEX IF NOT EXISTS act_idx_timer_job_exception_stack_id ON public.act_ru_timer_job USING btree (exception_stack_id_);
CREATE INDEX IF NOT EXISTS act_idx_timer_job_execution_id ON public.act_ru_timer_job USING btree (execution_id_);
CREATE INDEX IF NOT EXISTS act_idx_timer_job_proc_def_id ON public.act_ru_timer_job USING btree (proc_def_id_);
CREATE INDEX IF NOT EXISTS act_idx_timer_job_process_instance_id ON public.act_ru_timer_job USING btree (process_instance_id_);
CREATE INDEX IF NOT EXISTS act_idx_tjob_scope ON public.act_ru_timer_job USING btree (scope_id_, scope_type_);
CREATE INDEX IF NOT EXISTS act_idx_tjob_scope_def ON public.act_ru_timer_job USING btree (scope_definition_id_, scope_type_);
CREATE INDEX IF NOT EXISTS act_idx_tjob_sub_scope ON public.act_ru_timer_job USING btree (sub_scope_id_, scope_type_);
CREATE INDEX IF NOT EXISTS act_idx_tskass_task ON public.act_ru_identitylink USING btree (task_id_);
CREATE INDEX IF NOT EXISTS act_idx_var_bytearray ON public.act_ru_variable USING btree (bytearray_id_);
CREATE INDEX IF NOT EXISTS act_idx_var_exe ON public.act_ru_variable USING btree (execution_id_);
CREATE INDEX IF NOT EXISTS act_idx_var_procinst ON public.act_ru_variable USING btree (proc_inst_id_);
CREATE INDEX IF NOT EXISTS act_idx_variable_task_id ON public.act_ru_variable USING btree (task_id_);
CREATE INDEX IF NOT EXISTS flw_idx_batch_part ON public.flw_ru_batch_part USING btree (batch_id_);
CREATE INDEX IF NOT EXISTS idx_alert_severity ON public.admin_alerts USING btree (severity);
CREATE INDEX IF NOT EXISTS idx_alert_status ON public.admin_alerts USING btree (status);
CREATE INDEX IF NOT EXISTS idx_assignment_target ON public.wf_extended_task_info USING btree (assignment_target);
CREATE INDEX IF NOT EXISTS idx_assignment_type ON public.wf_extended_task_info USING btree (assignment_type);
CREATE INDEX IF NOT EXISTS idx_audit_action ON public.admin_audit_logs USING btree (action);
CREATE INDEX IF NOT EXISTS idx_audit_composite ON public.wf_audit_logs USING btree (user_id, operation_type, "timestamp");
CREATE INDEX IF NOT EXISTS idx_audit_ip_address ON public.wf_audit_logs USING btree (ip_address);
CREATE INDEX IF NOT EXISTS idx_audit_operation_type ON public.wf_audit_logs USING btree (operation_type);
CREATE INDEX IF NOT EXISTS idx_audit_resource ON public.admin_audit_logs USING btree (resource_type, resource_id);
CREATE INDEX IF NOT EXISTS idx_audit_resource_id ON public.wf_audit_logs USING btree (resource_id);
CREATE INDEX IF NOT EXISTS idx_audit_resource_type ON public.wf_audit_logs USING btree (resource_type);
CREATE INDEX IF NOT EXISTS idx_audit_session_id ON public.wf_audit_logs USING btree (session_id);
CREATE INDEX IF NOT EXISTS idx_audit_tenant_id ON public.wf_audit_logs USING btree (tenant_id);
CREATE INDEX IF NOT EXISTS idx_audit_timestamp ON public.admin_audit_logs USING btree ("timestamp");
CREATE INDEX IF NOT EXISTS idx_audit_user ON public.admin_audit_logs USING btree (user_id);
CREATE INDEX IF NOT EXISTS idx_audit_user_id ON public.wf_audit_logs USING btree (user_id);
CREATE INDEX IF NOT EXISTS idx_claimed_by ON public.wf_extended_task_info USING btree (claimed_by);
CREATE INDEX IF NOT EXISTS idx_col_perm_column ON public.admin_column_permissions USING btree (column_name);
CREATE INDEX IF NOT EXISTS idx_col_perm_rule ON public.admin_column_permissions USING btree (rule_id);
CREATE INDEX IF NOT EXISTS idx_config_category ON public.admin_system_configs USING btree (category);
CREATE INDEX IF NOT EXISTS idx_config_history_key ON public.admin_config_history USING btree (config_key);
CREATE INDEX IF NOT EXISTS idx_config_history_time ON public.admin_config_history USING btree (changed_at);
CREATE INDEX IF NOT EXISTS idx_config_key ON public.admin_system_configs USING btree (config_key);
CREATE INDEX IF NOT EXISTS idx_created_time ON public.wf_extended_task_info USING btree (created_time);
CREATE INDEX IF NOT EXISTS idx_delegated_to ON public.wf_extended_task_info USING btree (delegated_to);
CREATE INDEX IF NOT EXISTS idx_dev_role_perm_role ON public.sys_developer_role_permissions USING btree (role_id);
CREATE INDEX IF NOT EXISTS idx_dict_code ON public.sys_dictionaries USING btree (code);
CREATE INDEX IF NOT EXISTS idx_dict_ds_dict_id ON public.sys_dictionary_data_sources USING btree (dictionary_id);
CREATE INDEX IF NOT EXISTS idx_dict_item_code ON public.sys_dictionary_items USING btree (dictionary_id, item_code);
CREATE INDEX IF NOT EXISTS idx_dict_item_dict_id ON public.sys_dictionary_items USING btree (dictionary_id);
CREATE INDEX IF NOT EXISTS idx_dict_item_parent ON public.sys_dictionary_items USING btree (parent_id);
CREATE INDEX IF NOT EXISTS idx_dict_item_status ON public.sys_dictionary_items USING btree (status);
CREATE INDEX IF NOT EXISTS idx_dict_status ON public.sys_dictionaries USING btree (status);
CREATE INDEX IF NOT EXISTS idx_dict_type ON public.sys_dictionaries USING btree (type);
CREATE INDEX IF NOT EXISTS idx_dict_ver_dict_id ON public.sys_dictionary_versions USING btree (dictionary_id);
CREATE INDEX IF NOT EXISTS idx_dict_ver_version ON public.sys_dictionary_versions USING btree (dictionary_id, version);
CREATE INDEX IF NOT EXISTS idx_dp_rule_target ON public.admin_data_permission_rules USING btree (target_type, target_id);
CREATE INDEX IF NOT EXISTS idx_dp_rule_type ON public.admin_data_permission_rules USING btree (permission_type);
CREATE INDEX IF NOT EXISTS idx_due_date ON public.wf_extended_task_info USING btree (due_date);
CREATE INDEX IF NOT EXISTS idx_dw_action_definitions_fu ON public.dw_action_definitions USING btree (function_unit_id);
CREATE INDEX IF NOT EXISTS idx_dw_field_definitions_table ON public.dw_field_definitions USING btree (table_id);
CREATE INDEX IF NOT EXISTS idx_dw_foreign_keys_table ON public.dw_foreign_keys USING btree (table_id);
CREATE INDEX IF NOT EXISTS idx_dw_form_definitions_fu ON public.dw_form_definitions USING btree (function_unit_id);
CREATE INDEX IF NOT EXISTS idx_dw_form_table_bindings_form ON public.dw_form_table_bindings USING btree (form_id);
CREATE INDEX IF NOT EXISTS idx_dw_form_table_bindings_table ON public.dw_form_table_bindings USING btree (table_id);
CREATE INDEX IF NOT EXISTS idx_dw_function_units_name ON public.dw_function_units USING btree (name);
CREATE INDEX IF NOT EXISTS idx_dw_function_units_status ON public.dw_function_units USING btree (status);
CREATE INDEX IF NOT EXISTS idx_dw_icons_category ON public.dw_icons USING btree (category);
CREATE INDEX IF NOT EXISTS idx_dw_icons_name ON public.dw_icons USING btree (name);
CREATE INDEX IF NOT EXISTS idx_dw_operation_logs_operator ON public.dw_operation_logs USING btree (operator);
CREATE INDEX IF NOT EXISTS idx_dw_operation_logs_target ON public.dw_operation_logs USING btree (target_type, target_id);
CREATE INDEX IF NOT EXISTS idx_dw_operation_logs_time ON public.dw_operation_logs USING btree (operation_time);
CREATE INDEX IF NOT EXISTS idx_dw_process_definitions_fu ON public.dw_process_definitions USING btree (function_unit_id);
CREATE INDEX IF NOT EXISTS idx_dw_table_definitions_fu ON public.dw_table_definitions USING btree (function_unit_id);
CREATE INDEX IF NOT EXISTS idx_dw_versions_fu ON public.dw_versions USING btree (function_unit_id);
CREATE INDEX IF NOT EXISTS idx_exception_occurred_time ON public.wf_exception_records USING btree (occurred_time);
CREATE INDEX IF NOT EXISTS idx_exception_process_instance ON public.wf_exception_records USING btree (process_instance_id);
CREATE INDEX IF NOT EXISTS idx_exception_resolved ON public.wf_exception_records USING btree (resolved);
CREATE INDEX IF NOT EXISTS idx_exception_severity ON public.wf_exception_records USING btree (severity);
CREATE INDEX IF NOT EXISTS idx_exception_status ON public.wf_exception_records USING btree (status);
CREATE INDEX IF NOT EXISTS idx_exception_task_id ON public.wf_exception_records USING btree (task_id);
CREATE INDEX IF NOT EXISTS idx_exception_type ON public.wf_exception_records USING btree (exception_type);
CREATE INDEX IF NOT EXISTS idx_fu_access_func_unit ON public.sys_function_unit_access USING btree (function_unit_id);
CREATE INDEX IF NOT EXISTS idx_fu_approval_deployment ON public.sys_function_unit_approvals USING btree (deployment_id);
CREATE INDEX IF NOT EXISTS idx_fu_content_func_unit ON public.sys_function_unit_contents USING btree (function_unit_id);
CREATE INDEX IF NOT EXISTS idx_fu_dependency_func_unit ON public.sys_function_unit_dependencies USING btree (function_unit_id);
CREATE INDEX IF NOT EXISTS idx_fu_deployment_func_unit ON public.sys_function_unit_deployments USING btree (function_unit_id);
CREATE INDEX IF NOT EXISTS idx_fu_deployment_status ON public.sys_function_unit_deployments USING btree (status);
CREATE INDEX IF NOT EXISTS idx_function_unit_code ON public.dw_function_units USING btree (code);
CREATE INDEX IF NOT EXISTS idx_log_level ON public.admin_system_logs USING btree (log_level);
CREATE INDEX IF NOT EXISTS idx_log_module ON public.admin_system_logs USING btree (module);
CREATE INDEX IF NOT EXISTS idx_log_timestamp ON public.admin_system_logs USING btree ("timestamp");
CREATE INDEX IF NOT EXISTS idx_log_type ON public.admin_system_logs USING btree (log_type);
CREATE INDEX IF NOT EXISTS idx_log_user ON public.admin_system_logs USING btree (user_id);
CREATE INDEX IF NOT EXISTS idx_login_audit_action ON public.sys_login_audit USING btree (action);
CREATE INDEX IF NOT EXISTS idx_login_audit_created ON public.sys_login_audit USING btree (created_at);
CREATE INDEX IF NOT EXISTS idx_login_audit_user ON public.sys_login_audit USING btree (user_id);
CREATE INDEX IF NOT EXISTS idx_login_audit_username ON public.sys_login_audit USING btree (username);
CREATE INDEX IF NOT EXISTS idx_priority ON public.wf_extended_task_info USING btree (priority);
CREATE INDEX IF NOT EXISTS idx_process_instance ON public.wf_extended_task_info USING btree (process_instance_id);
CREATE INDEX IF NOT EXISTS idx_role_assignments_role ON public.sys_role_assignments USING btree (role_id);
CREATE INDEX IF NOT EXISTS idx_role_assignments_target ON public.sys_role_assignments USING btree (target_type, target_id);
CREATE INDEX IF NOT EXISTS idx_role_assignments_valid ON public.sys_role_assignments USING btree (valid_from, valid_to);
CREATE INDEX IF NOT EXISTS idx_status ON public.wf_extended_task_info USING btree (status);
CREATE INDEX IF NOT EXISTS idx_sys_permissions_parent ON public.sys_permissions USING btree (parent_id);
CREATE INDEX IF NOT EXISTS idx_sys_roles_code ON public.sys_roles USING btree (code);
CREATE INDEX IF NOT EXISTS idx_sys_roles_type ON public.sys_roles USING btree (type);
CREATE INDEX IF NOT EXISTS idx_sys_user_roles_role ON public.sys_user_roles USING btree (role_id);
CREATE INDEX IF NOT EXISTS idx_sys_user_roles_user ON public.sys_user_roles USING btree (user_id);
CREATE INDEX IF NOT EXISTS idx_sys_users_deleted ON public.sys_users USING btree (deleted);
CREATE INDEX IF NOT EXISTS idx_sys_users_email ON public.sys_users USING btree (email);
CREATE INDEX IF NOT EXISTS idx_sys_users_employee_id ON public.sys_users USING btree (employee_id);
CREATE INDEX IF NOT EXISTS idx_sys_users_entity_manager ON public.sys_users USING btree (entity_manager_id);
CREATE INDEX IF NOT EXISTS idx_sys_users_function_manager ON public.sys_users USING btree (function_manager_id);
CREATE INDEX IF NOT EXISTS idx_sys_users_status ON public.sys_users USING btree (status);
CREATE INDEX IF NOT EXISTS idx_sys_users_username ON public.sys_users USING btree (username);
CREATE INDEX IF NOT EXISTS idx_variable_created_time ON public.wf_process_variables USING btree (created_time);
CREATE INDEX IF NOT EXISTS idx_variable_name ON public.wf_process_variables USING btree (name);
CREATE INDEX IF NOT EXISTS idx_variable_proc_inst ON public.wf_process_variables USING btree (process_instance_id);
CREATE INDEX IF NOT EXISTS idx_variable_task ON public.wf_process_variables USING btree (task_id);
CREATE INDEX IF NOT EXISTS idx_vg_task_history_action ON public.sys_virtual_group_task_history USING btree (action_type);
CREATE INDEX IF NOT EXISTS idx_vg_task_history_created ON public.sys_virtual_group_task_history USING btree (created_at);
CREATE INDEX IF NOT EXISTS idx_vg_task_history_group ON public.sys_virtual_group_task_history USING btree (group_id);
CREATE INDEX IF NOT EXISTS idx_vg_task_history_task ON public.sys_virtual_group_task_history USING btree (task_id);
CREATE INDEX IF NOT EXISTS idx_wf_audit_process ON public.wf_audit_logs USING btree (process_instance_id);
CREATE INDEX IF NOT EXISTS idx_wf_audit_user ON public.wf_audit_logs USING btree (user_id);
CREATE INDEX IF NOT EXISTS idx_wf_exception_handled ON public.wf_exception_records USING btree (handled);
CREATE INDEX IF NOT EXISTS idx_wf_exception_process ON public.wf_exception_records USING btree (process_instance_id);
CREATE INDEX IF NOT EXISTS idx_wf_saga_status ON public.wf_saga_transactions USING btree (status);
CREATE INDEX IF NOT EXISTS idx_wf_saga_steps_saga ON public.wf_saga_steps USING btree (saga_id);
CREATE INDEX IF NOT EXISTS idx_wf_saga_type ON public.wf_saga_transactions USING btree (saga_type);
CREATE INDEX IF NOT EXISTS idx_wf_task_id ON public.wf_extended_task_info USING btree (task_id);
CREATE INDEX IF NOT EXISTS idx_wf_task_process ON public.wf_extended_task_info USING btree (process_instance_id);
CREATE INDEX IF NOT EXISTS idx_wf_var_name ON public.wf_process_variables USING btree (name);
CREATE INDEX IF NOT EXISTS idx_wf_var_process ON public.wf_process_variables USING btree (process_instance_id);

-- =====================================================
-- 第四步：创建序列
-- =====================================================
CREATE SEQUENCE IF NOT EXISTS public.act_evt_log_log_nr__seq AS integer START WITH 1 INCREMENT BY 1 NO MINVALUE NO MAXVALUE CACHE 1;
CREATE SEQUENCE IF NOT EXISTS public.act_hi_tsk_log_id__seq AS integer START WITH 1 INCREMENT BY 1 NO MINVALUE NO MAXVALUE CACHE 1;
CREATE SEQUENCE IF NOT EXISTS public.dw_action_definitions_id_seq AS integer START WITH 1 INCREMENT BY 1 NO MINVALUE NO MAXVALUE CACHE 1;
CREATE SEQUENCE IF NOT EXISTS public.dw_field_definitions_id_seq AS integer START WITH 1 INCREMENT BY 1 NO MINVALUE NO MAXVALUE CACHE 1;
CREATE SEQUENCE IF NOT EXISTS public.dw_foreign_keys_id_seq AS integer START WITH 1 INCREMENT BY 1 NO MINVALUE NO MAXVALUE CACHE 1;
CREATE SEQUENCE IF NOT EXISTS public.dw_form_definitions_id_seq AS integer START WITH 1 INCREMENT BY 1 NO MINVALUE NO MAXVALUE CACHE 1;
CREATE SEQUENCE IF NOT EXISTS public.dw_form_table_bindings_id_seq AS integer START WITH 1 INCREMENT BY 1 NO MINVALUE NO MAXVALUE CACHE 1;
CREATE SEQUENCE IF NOT EXISTS public.dw_function_units_id_seq AS integer START WITH 1 INCREMENT BY 1 NO MINVALUE NO MAXVALUE CACHE 1;
CREATE SEQUENCE IF NOT EXISTS public.dw_icons_id_seq AS integer START WITH 1 INCREMENT BY 1 NO MINVALUE NO MAXVALUE CACHE 1;
CREATE SEQUENCE IF NOT EXISTS public.dw_operation_logs_id_seq AS integer START WITH 1 INCREMENT BY 1 NO MINVALUE NO MAXVALUE CACHE 1;
CREATE SEQUENCE IF NOT EXISTS public.dw_process_definitions_id_seq AS integer START WITH 1 INCREMENT BY 1 NO MINVALUE NO MAXVALUE CACHE 1;
CREATE SEQUENCE IF NOT EXISTS public.dw_table_definitions_id_seq AS integer START WITH 1 INCREMENT BY 1 NO MINVALUE NO MAXVALUE CACHE 1;
CREATE SEQUENCE IF NOT EXISTS public.dw_versions_id_seq AS integer START WITH 1 INCREMENT BY 1 NO MINVALUE NO MAXVALUE CACHE 1;
CREATE SEQUENCE IF NOT EXISTS public.up_dashboard_layout_id_seq AS integer START WITH 1 INCREMENT BY 1 NO MINVALUE NO MAXVALUE CACHE 1;
CREATE SEQUENCE IF NOT EXISTS public.up_delegation_audit_id_seq AS integer START WITH 1 INCREMENT BY 1 NO MINVALUE NO MAXVALUE CACHE 1;
CREATE SEQUENCE IF NOT EXISTS public.up_delegation_rule_id_seq AS integer START WITH 1 INCREMENT BY 1 NO MINVALUE NO MAXVALUE CACHE 1;
CREATE SEQUENCE IF NOT EXISTS public.up_favorite_process_id_seq AS integer START WITH 1 INCREMENT BY 1 NO MINVALUE NO MAXVALUE CACHE 1;
CREATE SEQUENCE IF NOT EXISTS public.up_notification_preference_id_seq AS integer START WITH 1 INCREMENT BY 1 NO MINVALUE NO MAXVALUE CACHE 1;
CREATE SEQUENCE IF NOT EXISTS public.up_permission_request_id_seq AS integer START WITH 1 INCREMENT BY 1 NO MINVALUE NO MAXVALUE CACHE 1;
CREATE SEQUENCE IF NOT EXISTS public.up_process_draft_id_seq AS integer START WITH 1 INCREMENT BY 1 NO MINVALUE NO MAXVALUE CACHE 1;
CREATE SEQUENCE IF NOT EXISTS public.up_process_history_id_seq AS integer START WITH 1 INCREMENT BY 1 NO MINVALUE NO MAXVALUE CACHE 1;
CREATE SEQUENCE IF NOT EXISTS public.up_user_preference_id_seq AS integer START WITH 1 INCREMENT BY 1 NO MINVALUE NO MAXVALUE CACHE 1;
CREATE SEQUENCE IF NOT EXISTS public.wf_extended_task_info_id_seq AS integer START WITH 1 INCREMENT BY 1 NO MINVALUE NO MAXVALUE CACHE 1;

-- =====================================================
-- 第五步：插入数据
-- =====================================================
INSERT INTO public.act_app_databasechangelog (id, author, filename, dateexecuted, orderexecuted, exectype, md5sum, description, comments, tag, liquibase, contexts, labels, deployment_id) VALUES ('1', 'flowable', 'org/flowable/app/db/liquibase/flowable-app-db-changelog.xml', '2026-01-14 17:11:36.881182', 1, 'EXECUTED', '9:959783069c0c7ce80320a0617aa48969', 'createTable tableName=ACT_APP_DEPLOYMENT', NULL, NULL, '4.24.0', NULL, NULL, NULL);
INSERT INTO public.act_app_databasechangelog (id, author, filename, dateexecuted, orderexecuted, exectype, md5sum, description, comments, tag, liquibase, contexts, labels, deployment_id) VALUES ('1', 'flowable', 'org/flowable/app/db/liquibase/flowable-app-db-changelog.xml', '2026-01-14 17:11:36.881182', 1, 'EXECUTED', '9:959783069c0c7ce80320a0617aa48969', 'createTable tableName=ACT_APP_DEPLOYMENT', NULL, NULL, '4.24.0', NULL, NULL, NULL);
INSERT INTO public.act_app_databasechangelog (id, author, filename, dateexecuted, orderexecuted, exectype, md5sum, description, comments, tag, liquibase, contexts, labels, deployment_id) VALUES ('3', 'flowable', 'org/flowable/app/db/liquibase/flowable-app-db-changelog.xml', '2026-01-14 17:11:36.897756', 2, 'EXECUTED', '9:c05b79a3b00e95136533085718361208', 'createIndex indexName=ACT_IDX_APP_DEF_UNIQ, tableName=ACT_APP_APPDEF', '', NULL, '4.24.0', NULL, NULL, '8381896797');
INSERT INTO public.act_app_databasechangeloglock (id, locked, lockgranted, lockedby) VALUES (1, false, NULL, NULL);
INSERT INTO public.act_cmmn_databasechangelog (id, author, filename, dateexecuted, orderexecuted, exectype, md5sum, description, comments, tag, liquibase, contexts, labels, deployment_id) VALUES ('1', 'flowable', 'org/flowable/cmmn/db/liquibase/flowable-cmmn-db-changelog.xml', '2026-01-14 17:11:36.284078', 1, 'EXECUTED', '9:d0cc0aaadf0e4ef70c5b412cd05fadc4', 'createTable tableName=ACT_CMMN_DEPLOYMENT', NULL, NULL, '4.24.0', NULL, NULL, NULL);
INSERT INTO public.act_cmmn_databasechangelog (id, author, filename, dateexecuted, orderexecuted, exectype, md5sum, description, comments, tag, liquibase, contexts, labels, deployment_id) VALUES ('2', 'flowable', 'org/flowable/cmmn/db/liquibase/flowable-cmmn-db-changelog.xml', '2026-01-14 17:11:36.316879', 2, 'EXECUTED', '9:8095a5a8a222a100c2d0310cacbda5e7', 'addColumn tableName=ACT_CMMN_CASEDEF', NULL, NULL, '4.24.0', NULL, NULL, NULL);
INSERT INTO public.act_cmmn_databasechangelog (id, author, filename, dateexecuted, orderexecuted, exectype, md5sum, description, comments, tag, liquibase, contexts, labels, deployment_id) VALUES ('3', 'flowable', 'org/flowable/cmmn/db/liquibase/flowable-cmmn-db-changelog.xml', '2026-01-14 17:11:36.372838', 3, 'EXECUTED', '9:f031b4f0ae67bc5a640736b379049b12', 'addColumn tableName=ACT_CMMN_RU_PLAN_ITEM_INST', NULL, NULL, '4.24.0', NULL, NULL, NULL);
INSERT INTO public.act_cmmn_databasechangelog (id, author, filename, dateexecuted, orderexecuted, exectype, md5sum, description, comments, tag, liquibase, contexts, labels, deployment_id) VALUES ('4', 'flowable', 'org/flowable/cmmn/db/liquibase/flowable-cmmn-db-changelog.xml', '2026-01-14 17:11:36.44873', 4, 'EXECUTED', '9:c484ecfb08719feccac2f80fc962dda9', 'createTable tableName=ACT_CMMN_HI_PLAN_ITEM_INST', NULL, NULL, '4.24.0', NULL, NULL, NULL);
INSERT INTO public.act_cmmn_databasechangelog (id, author, filename, dateexecuted, orderexecuted, exectype, md5sum, description, comments, tag, liquibase, contexts, labels, deployment_id) VALUES ('6', 'flowable', 'org/flowable/cmmn/db/liquibase/flowable-cmmn-db-changelog.xml', '2026-01-14 17:11:36.469984', 5, 'EXECUTED', '9:7343ab247d959e5add9278b5386de833', 'createIndex indexName=ACT_IDX_CASE_DEF_UNIQ, tableName=ACT_CMMN_CASEDEF', '', NULL, '4.24.0', NULL, NULL, '8381896015');
INSERT INTO public.act_cmmn_databasechangelog (id, author, filename, dateexecuted, orderexecuted, exectype, md5sum, description, comments, tag, liquibase, contexts, labels, deployment_id) VALUES ('7', 'flowable', 'org/flowable/cmmn/db/liquibase/flowable-cmmn-db-changelog.xml', '2026-01-14 17:11:36.511524', 6, 'EXECUTED', '9:d73200db684b6cdb748cc03570d5d2e9', 'renameColumn newColumnName=CREATE_TIME_, oldColumnName=START_TIME_, tableName=ACT_CMMN_RU_PLAN_ITEM_INST', NULL, NULL, '4.24.0', NULL, NULL, NULL);
INSERT INTO public.act_cmmn_databasechangelog (id, author, filename, dateexecuted, orderexecuted, exectype, md5sum, description, comments, tag, liquibase, contexts, labels, deployment_id) VALUES ('8', 'flowable', 'org/flowable/cmmn/db/liquibase/flowable-cmmn-db-changelog.xml', '2026-01-14 17:11:36.52187', 7, 'EXECUTED', '9:eda5e43816221f2d8554bfcc90f1c37e', 'addColumn tableName=ACT_CMMN_HI_PLAN_ITEM_INST', '', NULL, '4.24.0', NULL, NULL, '8381896015');
INSERT INTO public.act_cmmn_databasechangelog (id, author, filename, dateexecuted, orderexecuted, exectype, md5sum, description, comments, tag, liquibase, contexts, labels, deployment_id) VALUES ('9', 'flowable', 'org/flowable/cmmn/db/liquibase/flowable-cmmn-db-changelog.xml', '2026-01-14 17:11:36.539497', 8, 'EXECUTED', '9:c34685611779075a73caf8c380f078ea', 'addColumn tableName=ACT_CMMN_RU_PLAN_ITEM_INST', NULL, NULL, '4.24.0', NULL, NULL, NULL);
INSERT INTO public.act_cmmn_databasechangelog (id, author, filename, dateexecuted, orderexecuted, exectype, md5sum, description, comments, tag, liquibase, contexts, labels, deployment_id) VALUES ('10', 'flowable', 'org/flowable/cmmn/db/liquibase/flowable-cmmn-db-changelog.xml', '2026-01-14 17:11:36.56556', 9, 'EXECUTED', '9:368e9472ad2348206205170d6c52d58e', 'addColumn tableName=ACT_CMMN_RU_CASE_INST', NULL, NULL, '4.24.0', NULL, NULL, NULL);
INSERT INTO public.act_cmmn_databasechangelog (id, author, filename, dateexecuted, orderexecuted, exectype, md5sum, description, comments, tag, liquibase, contexts, labels, deployment_id) VALUES ('11', 'flowable', 'org/flowable/cmmn/db/liquibase/flowable-cmmn-db-changelog.xml', '2026-01-14 17:11:36.576827', 10, 'EXECUTED', '9:e54b50ceb2bcd5355ae4dfb56d9ff3ad', 'addColumn tableName=ACT_CMMN_RU_PLAN_ITEM_INST', NULL, NULL, '4.24.0', NULL, NULL, NULL);
INSERT INTO public.act_cmmn_databasechangelog (id, author, filename, dateexecuted, orderexecuted, exectype, md5sum, description, comments, tag, liquibase, contexts, labels, deployment_id) VALUES ('12', 'flowable', 'org/flowable/cmmn/db/liquibase/flowable-cmmn-db-changelog.xml', '2026-01-14 17:11:36.587979', 11, 'EXECUTED', '9:f53f262768d04e74529f43fcd93429b0', 'addColumn tableName=ACT_CMMN_RU_CASE_INST', '', NULL, '4.24.0', NULL, NULL, '8381896015');
INSERT INTO public.act_cmmn_databasechangelog (id, author, filename, dateexecuted, orderexecuted, exectype, md5sum, description, comments, tag, liquibase, contexts, labels, deployment_id) VALUES ('13', 'flowable', 'org/flowable/cmmn/db/liquibase/flowable-cmmn-db-changelog.xml', '2026-01-14 17:11:36.602914', 12, 'EXECUTED', '9:64e7eafbe97997094654e83caea99895', 'addColumn tableName=ACT_CMMN_RU_PLAN_ITEM_INST', NULL, NULL, '4.24.0', NULL, NULL, NULL);
INSERT INTO public.act_cmmn_databasechangelog (id, author, filename, dateexecuted, orderexecuted, exectype, md5sum, description, comments, tag, liquibase, contexts, labels, deployment_id) VALUES ('14', 'flowable', 'org/flowable/cmmn/db/liquibase/flowable-cmmn-db-changelog.xml', '2026-01-14 17:11:36.617188', 13, 'EXECUTED', '9:ab7d934abde497eac034701542e0a281', 'addColumn tableName=ACT_CMMN_RU_CASE_INST', NULL, NULL, '4.24.0', NULL, NULL, NULL);
INSERT INTO public.act_cmmn_databasechangelog (id, author, filename, dateexecuted, orderexecuted, exectype, md5sum, description, comments, tag, liquibase, contexts, labels, deployment_id) VALUES ('16', 'flowable', 'org/flowable/cmmn/db/liquibase/flowable-cmmn-db-changelog.xml', '2026-01-14 17:11:36.631458', 14, 'EXECUTED', '9:03928d422e510959770e7a9daa5a993f', 'addColumn tableName=ACT_CMMN_RU_CASE_INST', NULL, NULL, '4.24.0', NULL, NULL, NULL);
INSERT INTO public.act_cmmn_databasechangelog (id, author, filename, dateexecuted, orderexecuted, exectype, md5sum, description, comments, tag, liquibase, contexts, labels, deployment_id) VALUES ('17', 'flowable', 'org/flowable/cmmn/db/liquibase/flowable-cmmn-db-changelog.xml', '2026-01-14 17:11:36.643064', 15, 'EXECUTED', '9:f30304cf001d6eac78c793ea88cd5781', 'createIndex indexName=ACT_IDX_HI_CASE_INST_END, tableName=ACT_CMMN_HI_CASE_INST', '', NULL, '4.24.0', NULL, NULL, '8381896015');
INSERT INTO public.act_cmmn_databasechangeloglock (id, locked, lockgranted, lockedby) VALUES (1, false, NULL, NULL);
INSERT INTO public.act_dmn_databasechangelog (id, author, filename, dateexecuted, orderexecuted, exectype, md5sum, description, comments, tag, liquibase, contexts, labels, deployment_id) VALUES ('1', 'activiti', 'org/flowable/dmn/db/liquibase/flowable-dmn-db-changelog.xml', '2026-01-14 17:11:35.504255', 1, 'EXECUTED', '9:5b36e70aee5a2e42f6e7a62ea5fa681b', 'createTable tableName=ACT_DMN_DEPLOYMENT', NULL, NULL, '4.24.0', NULL, NULL, NULL);
INSERT INTO public.act_dmn_databasechangelog (id, author, filename, dateexecuted, orderexecuted, exectype, md5sum, description, comments, tag, liquibase, contexts, labels, deployment_id) VALUES ('2', 'flowable', 'org/flowable/dmn/db/liquibase/flowable-dmn-db-changelog.xml', '2026-01-14 17:11:35.521245', 2, 'EXECUTED', '9:fd13fa3f7af55d2b72f763fc261da30d', 'createTable tableName=ACT_DMN_HI_DECISION_EXECUTION', '', NULL, '4.24.0', NULL, NULL, '8381895464');
INSERT INTO public.act_dmn_databasechangelog (id, author, filename, dateexecuted, orderexecuted, exectype, md5sum, description, comments, tag, liquibase, contexts, labels, deployment_id) VALUES ('3', 'flowable', 'org/flowable/dmn/db/liquibase/flowable-dmn-db-changelog.xml', '2026-01-14 17:11:35.53143', 3, 'EXECUTED', '9:9f30e6a3557d4b4c713dbb2dcc141782', 'addColumn tableName=ACT_DMN_HI_DECISION_EXECUTION', '', NULL, '4.24.0', NULL, NULL, '8381895464');
INSERT INTO public.act_dmn_databasechangelog (id, author, filename, dateexecuted, orderexecuted, exectype, md5sum, description, comments, tag, liquibase, contexts, labels, deployment_id) VALUES ('4', 'flowable', 'org/flowable/dmn/db/liquibase/flowable-dmn-db-changelog.xml', '2026-01-14 17:11:35.542009', 4, 'EXECUTED', '9:41085fbde807dba96104ee75a2fcc4cc', 'dropColumn columnName=PARENT_DEPLOYMENT_ID_, tableName=ACT_DMN_DECISION_TABLE', '', NULL, '4.24.0', NULL, NULL, '8381895464');
INSERT INTO public.act_dmn_databasechangelog (id, author, filename, dateexecuted, orderexecuted, exectype, md5sum, description, comments, tag, liquibase, contexts, labels, deployment_id) VALUES ('6', 'flowable', 'org/flowable/dmn/db/liquibase/flowable-dmn-db-changelog.xml', '2026-01-14 17:11:35.552966', 5, 'EXECUTED', '9:f00f92f3ef1af3fc1604f0323630f9b1', 'createIndex indexName=ACT_IDX_DEC_TBL_UNIQ, tableName=ACT_DMN_DECISION_TABLE', '', NULL, '4.24.0', NULL, NULL, '8381895464');
INSERT INTO public.act_dmn_databasechangelog (id, author, filename, dateexecuted, orderexecuted, exectype, md5sum, description, comments, tag, liquibase, contexts, labels, deployment_id) VALUES ('7', 'flowable', 'org/flowable/dmn/db/liquibase/flowable-dmn-db-changelog.xml', '2026-01-14 17:11:35.570229', 6, 'EXECUTED', '9:d24d4c5f44083b4edf1231a7a682a2cd', 'dropIndex indexName=ACT_IDX_DEC_TBL_UNIQ, tableName=ACT_DMN_DECISION_TABLE', NULL, NULL, '4.24.0', NULL, NULL, NULL);
INSERT INTO public.act_dmn_databasechangelog (id, author, filename, dateexecuted, orderexecuted, exectype, md5sum, description, comments, tag, liquibase, contexts, labels, deployment_id) VALUES ('8', 'flowable', 'org/flowable/dmn/db/liquibase/flowable-dmn-db-changelog.xml', '2026-01-14 17:11:35.578836', 7, 'EXECUTED', '9:3998ef0958b46fe9c19458183952d2a0', 'addColumn tableName=ACT_DMN_DECISION', '', NULL, '4.24.0', NULL, NULL, '8381895464');
INSERT INTO public.act_dmn_databasechangelog (id, author, filename, dateexecuted, orderexecuted, exectype, md5sum, description, comments, tag, liquibase, contexts, labels, deployment_id) VALUES ('9', 'flowable', 'org/flowable/dmn/db/liquibase/flowable-dmn-db-changelog.xml', '2026-01-14 17:11:35.591222', 8, 'EXECUTED', '9:5c9dc65601456faa1aa12f8d3afe0e9e', 'createIndex indexName=ACT_IDX_DMN_INSTANCE_ID, tableName=ACT_DMN_HI_DECISION_EXECUTION', '', NULL, '4.24.0', NULL, NULL, '8381895464');
INSERT INTO public.act_dmn_databasechangeloglock (id, locked, lockgranted, lockedby) VALUES (1, false, NULL, NULL);
INSERT INTO public.act_ge_bytearray (id_, rev_, name_, deployment_id_, bytes_, generated_) VALUES ('46d79886-f12a-11f0-a8df-f2dbc029a3c2', 1, 'Process_1.bpmn', '46d79885-f12a-11f0-a8df-f2dbc029a3c2', '\x3c3f786d6c2076657273696f6e3d22312e302220656e636f64696e673d225554462d38223f3e0a3c62706d6e3a646566696e6974696f6e7320786d6c6e733a7873693d22687474703a2f2f7777772e77332e6f72672f323030312f584d4c536368656d612d696e7374616e63652220786d6c6e733a62706d6e3d22687474703a2f2f7777772e6f6d672e6f72672f737065632f42504d4e2f32303130303532342f4d4f44454c2220786d6c6e733a62706d6e64693d22687474703a2f2f7777772e6f6d672e6f72672f737065632f42504d4e2f32303130303532342f44492220786d6c6e733a64633d22687474703a2f2f7777772e6f6d672e6f72672f737065632f44442f32303130303532342f44432220786d6c6e733a64693d22687474703a2f2f7777772e6f6d672e6f72672f737065632f44442f32303130303532342f44492220786d6c6e733a637573746f6d3d22687474703a2f2f637573746f6d2e62706d6e2e696f2f736368656d61222069643d22446566696e6974696f6e735f3122207461726765744e616d6573706163653d22687474703a2f2f62706d6e2e696f2f736368656d612f62706d6e223e0a20203c62706d6e3a70726f636573732069643d2250726f636573735f312220697345786563757461626c653d2274727565223e0a202020203c62706d6e3a73746172744576656e742069643d2253746172744576656e745f3122206e616d653d22e5bc80e5a78b223e0a2020202020203c62706d6e3a6f7574676f696e673e466c6f775f313c2f62706d6e3a6f7574676f696e673e0a202020203c2f62706d6e3a73746172744576656e743e0a202020203c62706d6e3a656e644576656e742069643d22456e644576656e745f3122206e616d653d22e7bb93e69d9f223e0a2020202020203c62706d6e3a696e636f6d696e673e466c6f775f3069336d7167613c2f62706d6e3a696e636f6d696e673e0a202020203c2f62706d6e3a656e644576656e743e0a202020203c62706d6e3a73657175656e6365466c6f772069643d22466c6f775f312220736f757263655265663d2253746172744576656e745f3122207461726765745265663d2241637469766974795f30396468337a3922202f3e0a202020203c62706d6e3a757365725461736b2069643d2241637469766974795f30396468337a39223e0a2020202020203c62706d6e3a657874656e73696f6e456c656d656e74733e0a20202020202020203c637573746f6d3a70726f706572746965733e0a202020202020202020203c637573746f6d3a76616c756573206e616d653d22666f726d4964222076616c75653d223722202f3e0a202020202020202020203c637573746f6d3a76616c756573206e616d653d22666f726d4e616d65222076616c75653d2274657374466f726d22202f3e0a202020202020202020203c637573746f6d3a76616c756573206e616d653d22666f726d4964222076616c75653d223722202f3e0a202020202020202020203c637573746f6d3a76616c756573206e616d653d22666f726d4e616d65222076616c75653d2274657374466f726d22202f3e0a202020202020202020203c637573746f6d3a76616c756573206e616d653d22666f726d4964222076616c75653d223722202f3e0a202020202020202020203c637573746f6d3a76616c756573206e616d653d22666f726d4e616d65222076616c75653d2274657374466f726d22202f3e0a202020202020202020203c637573746f6d3a76616c756573206e616d653d2261737369676e656554797065222076616c75653d22494e49544941544f5222202f3e0a202020202020202020203c637573746f6d3a76616c756573206e616d653d2261737369676e656556616c7565222076616c75653d2222202f3e0a202020202020202020203c637573746f6d3a76616c756573206e616d653d2261737369676e65654c6162656c222076616c75653d22e6b581e7a88be58f91e8b5b7e4baba22202f3e0a202020202020202020203c637573746f6d3a76616c756573206e616d653d2263616e6469646174655573657273222076616c75653d2222202f3e0a202020202020202020203c637573746f6d3a76616c756573206e616d653d2263616e64696461746547726f757073222076616c75653d2222202f3e0a20202020202020203c2f637573746f6d3a70726f706572746965733e0a2020202020203c2f62706d6e3a657874656e73696f6e456c656d656e74733e0a2020202020203c62706d6e3a696e636f6d696e673e466c6f775f313c2f62706d6e3a696e636f6d696e673e0a2020202020203c62706d6e3a6f7574676f696e673e466c6f775f30756e37686c683c2f62706d6e3a6f7574676f696e673e0a202020203c2f62706d6e3a757365725461736b3e0a202020203c62706d6e3a73657175656e6365466c6f772069643d22466c6f775f30756e37686c682220736f757263655265663d2241637469766974795f30396468337a3922207461726765745265663d2241637469766974795f306d767635686322202f3e0a202020203c62706d6e3a73657175656e6365466c6f772069643d22466c6f775f3069336d7167612220736f757263655265663d2241637469766974795f306d767635686322207461726765745265663d22456e644576656e745f3122202f3e0a202020203c62706d6e3a757365725461736b2069643d2241637469766974795f306d7676356863223e0a2020202020203c62706d6e3a657874656e73696f6e456c656d656e74733e0a20202020202020203c637573746f6d3a70726f706572746965733e0a202020202020202020203c637573746f6d3a76616c756573206e616d653d2261737369676e656554797065222076616c75653d22454e544954595f4d414e4147455222202f3e0a202020202020202020203c637573746f6d3a76616c756573206e616d653d2261737369676e656556616c7565222076616c75653d2222202f3e0a202020202020202020203c637573746f6d3a76616c756573206e616d653d2261737369676e65654c6162656c222076616c75653d22e5ae9ee4bd93e7bb8fe7908622202f3e0a202020202020202020203c637573746f6d3a76616c756573206e616d653d2263616e6469646174655573657273222076616c75653d225361726168204368656e22202f3e0a202020202020202020203c637573746f6d3a76616c756573206e616d653d2263616e64696461746547726f757073222076616c75653d2222202f3e0a202020202020202020203c637573746f6d3a76616c756573206e616d653d22666f726d4964222076616c75653d223722202f3e0a202020202020202020203c637573746f6d3a76616c756573206e616d653d22666f726d4e616d65222076616c75653d2274657374466f726d22202f3e0a20202020202020203c2f637573746f6d3a70726f706572746965733e0a2020202020203c2f62706d6e3a657874656e73696f6e456c656d656e74733e0a2020202020203c62706d6e3a696e636f6d696e673e466c6f775f30756e37686c683c2f62706d6e3a696e636f6d696e673e0a2020202020203c62706d6e3a6f7574676f696e673e466c6f775f3069336d7167613c2f62706d6e3a6f7574676f696e673e0a202020203c2f62706d6e3a757365725461736b3e0a20203c2f62706d6e3a70726f636573733e0a20203c62706d6e64693a42504d4e4469616772616d2069643d2242504d4e4469616772616d5f31223e0a202020203c62706d6e64693a42504d4e506c616e652069643d2242504d4e506c616e655f31222062706d6e456c656d656e743d2250726f636573735f31223e0a2020202020203c62706d6e64693a42504d4e53686170652069643d2253746172744576656e745f315f6469222062706d6e456c656d656e743d2253746172744576656e745f31223e0a20202020202020203c64633a426f756e647320783d223138302220793d22313630222077696474683d22333622206865696768743d22333622202f3e0a20202020202020203c62706d6e64693a42504d4e4c6162656c3e0a202020202020202020203c64633a426f756e647320783d223138372220793d22323033222077696474683d22323222206865696768743d22313422202f3e0a20202020202020203c2f62706d6e64693a42504d4e4c6162656c3e0a2020202020203c2f62706d6e64693a42504d4e53686170653e0a2020202020203c62706d6e64693a42504d4e53686170652069643d22456e644576656e745f315f6469222062706d6e456c656d656e743d22456e644576656e745f31223e0a20202020202020203c64633a426f756e647320783d223639322220793d22313630222077696474683d22333622206865696768743d22333622202f3e0a20202020202020203c62706d6e64693a42504d4e4c6162656c3e0a202020202020202020203c64633a426f756e647320783d223639392220793d22323033222077696474683d22323222206865696768743d22313422202f3e0a20202020202020203c2f62706d6e64693a42504d4e4c6162656c3e0a2020202020203c2f62706d6e64693a42504d4e53686170653e0a2020202020203c62706d6e64693a42504d4e53686170652069643d2241637469766974795f3131326a75366a5f6469222062706d6e456c656d656e743d2241637469766974795f30396468337a39223e0a20202020202020203c64633a426f756e647320783d223236302220793d22313338222077696474683d2231303022206865696768743d22383022202f3e0a2020202020203c2f62706d6e64693a42504d4e53686170653e0a2020202020203c62706d6e64693a42504d4e53686170652069643d2241637469766974795f30397962666d375f6469222062706d6e456c656d656e743d2241637469766974795f306d7676356863223e0a20202020202020203c64633a426f756e647320783d223431302220793d22313338222077696474683d2231303022206865696768743d22383022202f3e0a2020202020203c2f62706d6e64693a42504d4e53686170653e0a2020202020203c62706d6e64693a42504d4e456467652069643d22466c6f775f315f6469222062706d6e456c656d656e743d22466c6f775f31223e0a20202020202020203c64693a776179706f696e7420783d223231362220793d2231373822202f3e0a20202020202020203c64693a776179706f696e7420783d223236302220793d2231373822202f3e0a2020202020203c2f62706d6e64693a42504d4e456467653e0a2020202020203c62706d6e64693a42504d4e456467652069643d22466c6f775f30756e37686c685f6469222062706d6e456c656d656e743d22466c6f775f30756e37686c68223e0a20202020202020203c64693a776179706f696e7420783d223336302220793d2231373822202f3e0a20202020202020203c64693a776179706f696e7420783d223431302220793d2231373822202f3e0a2020202020203c2f62706d6e64693a42504d4e456467653e0a2020202020203c62706d6e64693a42504d4e456467652069643d22466c6f775f3069336d7167615f6469222062706d6e456c656d656e743d22466c6f775f3069336d716761223e0a20202020202020203c64693a776179706f696e7420783d223531302220793d2231373822202f3e0a20202020202020203c64693a776179706f696e7420783d223639322220793d2231373822202f3e0a2020202020203c2f62706d6e64693a42504d4e456467653e0a202020203c2f62706d6e64693a42504d4e506c616e653e0a20203c2f62706d6e64693a42504d4e4469616772616d3e0a3c2f62706d6e3a646566696e6974696f6e733e0a', false);
INSERT INTO public.act_ge_bytearray (id_, rev_, name_, deployment_id_, bytes_, generated_) VALUES ('46dc5377-f12a-11f0-a8df-f2dbc029a3c2', 1, 'Process_1.Process_1.png', '46d79885-f12a-11f0-a8df-f2dbc029a3c2', '\x89504e470d0a1a0a0000000d49484452000002e2000000e40806000000dd25410b000010f649444154785eeddddd6f54677e07f07d91aabdccb6bb97b9d9abfd17b6bde9c5ae5a3552762f00bf60909149204aa48002586d521527482d7749c806902a354058b541f18549a3a609845a4a431210091b52b12924e1b51888c16c01870dd3f3504f34796c60b0c1f3cccf9f8ff4958367e69c83e777e67c39399ef9ce7700000000000000000000000000000000000000000000000000000000000000000000000000000000000000000000000000000000000000000000000000000000000000000000000000000000000000000000000000000000000000000000000000000000000000000000000000000000000000000000000000000000000000000000000000000000000000000000000000000000000000000000000000000000000000000000000000000000000000000000000000000000000000000000000000000000000000000000000000000000000000000000000000000000000000000000000000000000000000000000000000000000000000000000000000000000000000000000000000000000000000000000000000000000000000000000000000000000000000000000000000000000000000000000000000000000000000000000000000000000000000000000000000000000000000000000000000000000000000000000000000000000000000000000000000000000000000000000000000000000000000000000008082d46ab53f3a7af4e82befbefbee57bb76edaabdf9e69b32cba97eeed78787874feddebdfb97f9f3d3aecc55eb1371ae002094aa2ceda80ed6b53367ced4ae5cb9521b1f1f97594efab9a79fff9e3d7b2e5605ea81fc396a47e6aaf589385700104a3a63990ed6f9415c663fa74f9f3e5715a6f7f3e7a81d99ab721269ae00209474d980339665243d0f5561ba9a3f47edc85c959348730500a1a46b49f303b7b42ee9f9c89fa37664aeca4a94b90280509a2d4cbfbf70ba76f4837faa1d7aebe91b49ff9dbe97df4f66962885c95c959528730500a13453982e8d9eac7dfcc6dfd63efad7d5df4afa5eba2dbfbf4c3f510a93b92a2b51e60a004269a6301d3f3434a92cd573e2d0ce49f797e9274a6132576525ca5c014028cd14a6ff7a7bfda4a2544fba2dbfbf4c3f510a93b92a2b51e60a004269a6307dfce6da4945a99e745b7e7f997ea21426735556a2cc150084a23095952885c95c959528730500a1345398d2bb59e445a99e745b7e7f997ea21426735556a2cc150084d24c61faf49d172615a57ad26df9fd65fa895298cc555989325700104a3385e9fcc983b58ffffdef2695a5f4bd745b7e7f997ea21426735556a2cc150084d24c614af96cdfd64985297d2fbf9fcc2c510a93b92a2b51e60a004269aa305dbd5afbf43f374e2a4ce97be9b649f79769274a6132576525ca5c014028b72b4ce9130e7ff7ce864965a99e749b4f41bc7b895298cc55598932570010ca4d0bd3d5abb5d39feeaefdf6dffe665249ca93ee93eeeb2ce6cc13a53099abb21265ae002094a90ad3edce56de2cce62ce3c510a93b92a2b51e60a004299aa303573b6f266498fcd9727cd274a6132576525ca5c0140285315a6bc04dd69f2e549f3895298cc55598932570010ca5485495a972885c95c959528730533d1dbdb7b5f6767e7bc8e8e8ee7abafbbaa7c56e57295dac4d7f4e75d13b7cf4bf7cf9701ccd0c58b17ff786868e8e9175e78e1a381818173fdfdfd571e79e491eb69475cbe7cf9b555ab568d3df9e493c79e7efae99dab57affecbea21dfcd971189c25456a21426735556a2cc154c475757d72faa63fc6095f189d2dd6cd2fd07d3e3f3650277e8bdf7de5bfeecb3cf9e5cb66c59ad2adfb51d3b76d4f6efdf5f3b72e448edfcf9f3b5247d4d7f4edf4fb7af59b3e67a5f5fdf7855c8dfe8eeeefe49becc0814a6b212a53099abb21265aee04e5405fa675591de3b45c19e4ef6a6e5e5eb006ee3e0c1837ff5e28b2f9e7af8e1876bafbefa6aedecd9b3374a77b3d2fdd3e3aa42fed5ca952b5fa976c41fe5eb68670a5359895298cc5559893257d08cdedede1f747474fcba2acf37fe6f776356ac5851dbbe7dfb2d4fc4a5dbd3fdf2c7a6e5a5e5a6e5e7eb0432d57ef5fdd75f7f7d2815f02d5bb6d42e5dbaf4ed867d87d2e3d372aa1df0724f4fcfaff2f5b52b85a9ac44294ce6aaac44992bb89daa2cdfdfd5d5f5516381eeeeeeae6ddebcb976e2c489fcd07e4be9fee971e9f15921ff30ad275f3730a1da7feedbb66ddbef1e7df4d1dad1a347f37d6b46d2f2aa727fa5afaf6f205f6f3b5298ca4a94c264aeca4a94b9825ba90af84fab9c6c2ccdebd7afaf1d3f7e3c3f94df91f4f8b49cac8c1f4febcbb701e6bc6a9fb9eff9e79f1f7deaa9a76aa3a3a3f9fe7457a4e5f6f7f75f5ebc78f1d67cfded46612a2b510a93b92a2b51e60a6e66e24cf837253c9dc51e1a1aca0fdf339296979d1d3feecc3834a8f693ef6fdbb6edd354c2d3c1e75e4acb5fb56ad585850b173e996f473b5198ca4a94c264aeca4a94b982a9a46bb61b2f4759b26449edc08103f961fbae48cb4dcb6f28e31fba661c26a46bc21f7becb17b76263c97d6b374e9d2b16a477c30df9676a13095952885c95c95952873055399f8c5cc6fce84dfab125e9796df78663cad3fdf269873aa1de381f48b9977fb9af0db49ebebe9e9199d3f7ffe8ff36d6a070a5359895298cc5559893257909b788bc2afeba578e7ce9df961fa9e48eb69382bfeb5b73664ce4b6f5198ded5a415366edc78aada119fcbb7a91d284c65254a6132576525ca5c41aeb3e17dc2d32f54cea6ec1738f7e6db067346fab09e74367c6c6c2cdf4f66455aefa2458b2eb6e387fe284c65254a6132576525ca5c41a3050b16fcbc5e84d3a522337d77943b95d6d778894ada9e7c1b614e489f9839383898ef23b36aebd6ad47aa1d7173be6da55398ca4a94c264aeca4a94b982469dffffb1f5374a707abfef5648eb6d382b3e986f2384373636f627cb972faf8d8c8ce4fbc7acaad6ff87ea5fc667d6ae5dfbbd7c1b4ba63095952885c95c959528730575d5f1f68755f11daf97e0d93e1b5e97d6db50c4c7d376e5db0aa1bdf6da6b03fdfdfdf9bed1124b972efdbcda11ff34dfc656a8b6e3ed2a7f9e7f3fa7309595d20b93b96acf943e57d0a899d799eaf679f5029c3e8ebe95d2fa1bcaf8bc7c5b21b40d1b36fc76c78e1df97ed1129b366d4a1f7bfb0ff936b642c38bc22d5fd014a6b2527a613257ed99d2e70a1a35f33a537d7f43fd7e2fbffc727e389e5569fd0ddbbc21df56086d6060e0dcfefdfbf3fda2258687870f7674740ce5dbd80a0d2f0ab77c415398ca4ae985c95cb5674a9f2b68d4cceb4c5757d7eefaedfbf6edcb0fc7b32aadbfbe2d69bb1ab713c25bb366cd95d97eeff09b397cf870ba34e5837c1b5b618a17b2295fd014a6b2527a619a629ecc551ba4f4b9824653bcbe4c7a9da9be1eab7fbfd51d20adbf611b8f657f1d886df9f2e5d7bffcf2cb7cbf6889f3e7cf5faa76c293f936b6c2142f60796ebca0294c65a5f4c234c51ce5315705a6f4b9824653bcaee449af33ff5bff73ab3b405a7f7d5bbababac6f2bf0f84b668d1a2dab56bd7f2fda225aaed481f779fbf60141d85a9ace4cf4fbbc65c9595fcf9118994567780b4fe86edf943de5320b465cb965d6bf5bf86ebce9e3dfbdf9de59f117fbbd32504c5a6f4339753cc93b96a83943e57d0688ad79749af33e9cc73fdfbadee00ce8833a73df1c41363adbe3eacee934f3ed9d759ee35e2df2a4a750a535929bd3099abf64ce973058d9a799de9748d3894e1a9a79e3a5ecabba6bcf5d65bbb0a7cd794492f608d14a6b2527a613257ed99d2e70a1a35f33ae35d53a0106bd7aedd59cafb88af5bb72e7ddc6e29ef237ed317b0460a535929bd3099abf64ce973058d9a799de9f43ee25086fefefebf58b366cdf57cc768816bdddddd073b0bf964cd66294c65254a6132576525ca5c415d67419facf9f8e38f5f6f28e23e5993b965eddab5df5bba74e9f8c8c848be6fccaa13274ebc53ed80a7d3f6e4db583285a9ac44294ce6aaac44992ba8ebeeeefe6175cc1daf17e0e3c78fe787e55991d6db50c2c7d376e5db0ae1ad5ebdfa8dc1c1c17cff9855cf3cf3cc6faa9d7073be6da55398ca4a94c264aeca4a94b98246d531375d0e7aa3046fdebc393f2ccf8ab4de86223e986f23cc09d5bf407fd2d7d7f7d5d8d858be8fcc8ad1d1d1f7ab1d70246d47be6da55398ca4a94c264aeca4a94b982460b162cf879bd0457c7df593f2b9ed6d7d5d5f5cd6529697bf26d843963e5ca95af6cd9b225df4f6645b5ee7fa976c2e7f26d6a070a5359895298cc555989325790ab8ebd7beb4578fdfaf5f9e1f99e4aeb6b381bbe37df369853e6cf9fffe3dededecbb3fd7ea2fbf6ed4b97a48ca4f5e7dbd40e14a6b212a53099abb21265ae20d7d5d5f5b3ea18fc75bd10efdcb9333f4cdf13693d0d25fcebb41df9b6c19cd3d3d3f3ab65cb965d191d1dcdf7997b626464e43faa1df08b2a0fe6dbd22e14a6b212a53099abb21265ae602a1d1d1dbfae97e27489ca810307f2c3f55d9596df78494a5a7fbe4d3067f5f5f50df4f7f75f4e079f7be9ead5ab9f543bfc07d5cef8d7f936b41385a9ac44294ce6aaac44992b984a6f6fef0faa42fc61bd182f59b2e49e95f1b4dc6a7ddf9c814feb4debcfb709e6b4c58b176f5db56ad5857b75667c6464644f2ae1d50ef88ff9badb8dc25456a21426735556a2cc15dc4c753cbebfcaf1c633e3434343f9e17b46d2f21acf844faceffe7c5b80cac2850b9fecebeb1bbbdbd78c4f5c137eacddcf84d7294c65254a6132576525ca5cc1ad54c7e59f3696f194f40b95337d3795f4f8ec17336f94f0b4be7c1b8006d58ef2604f4fcfe8c68d1b4f5dba7429dfb7eec8850b17de9b78779491b4dc7c5ded4a612a2b510a93b92a2b51e60a6e279da1ee6cb84c25259d1d4feff77de2c489fcd07e4be9fee971d959f01b97a3a4f5e4eb06a650ed403faa7698e7162d5a74f1a5975e3a72f6ecd96bf9ce760bd74e9e3cf9cec0c0c08d774649cb49cbcbd7d1ce14a6b212a53099abb21265aea019e99aed895fe0cc0b746dc58a15b5eddbb7d7f6efdf5f3b72e448edfcf9f3370ef6e96bfa73fa7eba3dfbd8fa7aaea7e5ba261ca6217dd84eb5136dae8af4c8430f3df4c5a64d9b0e0c0f0f1f3c7cf8f0b173e7cefdbeda0f2f8d8c8c1c3d74e8d0beeaa0f5e6ba75eb06abc71cac1ef33fe971edf8613dcd5098ca4a94c264aeca4a94b9823b31f1d686dfbccff80cb3d75b14c2ddf1dd050b16fc59b543fd7df52fdba16ae74a9f8a59bfa62c7d7d3f7d3fdd9eee97ee9f2f201285a9ac44294ce6aaac44992b988eea78fe8bead83e58657c8a827daba4fb0fa6c7e7cb04b82b14a6b212a53099abb21265ae60267a7b7befab8af5bc8e8e8ee7abafbbaa7c56e5f244e94e5fd39f774ddc3e2fdd3f5f06c05da53095952885c95c959528730500a1284c65254a6132576525ca5c0140280a5359895298cc555989325700108ac25456a21426735556a2cc150084a23095952885c95c959528730500a1284c65254a6132576525ca5c0140280a5359895298cc555989325700108ac25456a21426735556a2cc150084a23095952885c95c959528730500a1284c65254a6132576525ca5c0140280a5359895298cc555989325700108ac25456a21426735556a2cc150084a23095952885c95c959528730500a1284c65254a6132576525ca5c0140280a5359895298cc555989325700108ac25456a21426735556a2cc150084a23095952885c95c959528730500a1ecdab5ebfa952b57261db865f6533d0fa7aac274357f8eda91b92a2791e60a0042191e1e3e75e6cc9949076f99fd7cf1c517ff5c15a6f7f3e7a81d99ab721269ae002094ddbb77ff72cf9e3d174f9f3e7dce19ccd6a4fab99ffefcf3cf7f5395a563551ec89fa37664ae5a9f88730500e1a483743a6356653c5d4b2ab39ef4734f3fff506529fd7d26fe5ee6aa35093957000000000000000000000000000000000000000000000000000004f07f07178e4d89a3c38c0000000049454e44ae426082', true);
INSERT INTO public.act_ge_bytearray (id_, rev_, name_, deployment_id_, bytes_, generated_) VALUES ('2d5e787f-f132-11f0-bfbd-f2dbc029a3c2', 1, 'fu-20260114-paed3z.bpmn', '2d5e787e-f132-11f0-bfbd-f2dbc029a3c2', '\x3c3f786d6c2076657273696f6e3d22312e302220656e636f64696e673d225554462d38223f3e0a3c62706d6e3a646566696e6974696f6e7320786d6c6e733a7873693d22687474703a2f2f7777772e77332e6f72672f323030312f584d4c536368656d612d696e7374616e63652220786d6c6e733a62706d6e3d22687474703a2f2f7777772e6f6d672e6f72672f737065632f42504d4e2f32303130303532342f4d4f44454c2220786d6c6e733a62706d6e64693d22687474703a2f2f7777772e6f6d672e6f72672f737065632f42504d4e2f32303130303532342f44492220786d6c6e733a64633d22687474703a2f2f7777772e6f6d672e6f72672f737065632f44442f32303130303532342f44432220786d6c6e733a64693d22687474703a2f2f7777772e6f6d672e6f72672f737065632f44442f32303130303532342f44492220786d6c6e733a637573746f6d3d22687474703a2f2f637573746f6d2e62706d6e2e696f2f736368656d61222069643d22446566696e6974696f6e735f3122207461726765744e616d6573706163653d22687474703a2f2f62706d6e2e696f2f736368656d612f62706d6e223e0a20203c62706d6e3a70726f636573732069643d2250726f636573735f312220697345786563757461626c653d2274727565223e0a202020203c62706d6e3a73746172744576656e742069643d2253746172744576656e745f3122206e616d653d22e5bc80e5a78b223e0a2020202020203c62706d6e3a6f7574676f696e673e466c6f775f313c2f62706d6e3a6f7574676f696e673e0a202020203c2f62706d6e3a73746172744576656e743e0a202020203c62706d6e3a656e644576656e742069643d22456e644576656e745f3122206e616d653d22e7bb93e69d9f223e0a2020202020203c62706d6e3a696e636f6d696e673e466c6f775f3069336d7167613c2f62706d6e3a696e636f6d696e673e0a202020203c2f62706d6e3a656e644576656e743e0a202020203c62706d6e3a73657175656e6365466c6f772069643d22466c6f775f312220736f757263655265663d2253746172744576656e745f3122207461726765745265663d2241637469766974795f30396468337a3922202f3e0a202020203c62706d6e3a757365725461736b2069643d2241637469766974795f30396468337a39223e0a2020202020203c62706d6e3a657874656e73696f6e456c656d656e74733e0a20202020202020203c637573746f6d3a70726f706572746965733e0a202020202020202020203c637573746f6d3a76616c756573206e616d653d22666f726d4964222076616c75653d223722202f3e0a202020202020202020203c637573746f6d3a76616c756573206e616d653d22666f726d4e616d65222076616c75653d2274657374466f726d22202f3e0a202020202020202020203c637573746f6d3a76616c756573206e616d653d22666f726d4964222076616c75653d223722202f3e0a202020202020202020203c637573746f6d3a76616c756573206e616d653d22666f726d4e616d65222076616c75653d2274657374466f726d22202f3e0a202020202020202020203c637573746f6d3a76616c756573206e616d653d22666f726d4964222076616c75653d223722202f3e0a202020202020202020203c637573746f6d3a76616c756573206e616d653d22666f726d4e616d65222076616c75653d2274657374466f726d22202f3e0a202020202020202020203c637573746f6d3a76616c756573206e616d653d2261737369676e656554797065222076616c75653d22494e49544941544f5222202f3e0a202020202020202020203c637573746f6d3a76616c756573206e616d653d2261737369676e656556616c7565222076616c75653d2222202f3e0a202020202020202020203c637573746f6d3a76616c756573206e616d653d2261737369676e65654c6162656c222076616c75653d22e6b581e7a88be58f91e8b5b7e4baba22202f3e0a202020202020202020203c637573746f6d3a76616c756573206e616d653d2263616e6469646174655573657273222076616c75653d2222202f3e0a202020202020202020203c637573746f6d3a76616c756573206e616d653d2263616e64696461746547726f757073222076616c75653d2222202f3e0a20202020202020203c2f637573746f6d3a70726f706572746965733e0a2020202020203c2f62706d6e3a657874656e73696f6e456c656d656e74733e0a2020202020203c62706d6e3a696e636f6d696e673e466c6f775f313c2f62706d6e3a696e636f6d696e673e0a2020202020203c62706d6e3a6f7574676f696e673e466c6f775f30756e37686c683c2f62706d6e3a6f7574676f696e673e0a202020203c2f62706d6e3a757365725461736b3e0a202020203c62706d6e3a73657175656e6365466c6f772069643d22466c6f775f30756e37686c682220736f757263655265663d2241637469766974795f30396468337a3922207461726765745265663d2241637469766974795f306d767635686322202f3e0a202020203c62706d6e3a73657175656e6365466c6f772069643d22466c6f775f3069336d7167612220736f757263655265663d2241637469766974795f306d767635686322207461726765745265663d22456e644576656e745f3122202f3e0a202020203c62706d6e3a757365725461736b2069643d2241637469766974795f306d7676356863223e0a2020202020203c62706d6e3a657874656e73696f6e456c656d656e74733e0a20202020202020203c637573746f6d3a70726f706572746965733e0a202020202020202020203c637573746f6d3a76616c756573206e616d653d2261737369676e656554797065222076616c75653d22454e544954595f4d414e4147455222202f3e0a202020202020202020203c637573746f6d3a76616c756573206e616d653d2261737369676e656556616c7565222076616c75653d2222202f3e0a202020202020202020203c637573746f6d3a76616c756573206e616d653d2261737369676e65654c6162656c222076616c75653d22e5ae9ee4bd93e7bb8fe7908622202f3e0a202020202020202020203c637573746f6d3a76616c756573206e616d653d2263616e6469646174655573657273222076616c75653d225361726168204368656e22202f3e0a202020202020202020203c637573746f6d3a76616c756573206e616d653d2263616e64696461746547726f757073222076616c75653d2222202f3e0a202020202020202020203c637573746f6d3a76616c756573206e616d653d22666f726d4964222076616c75653d223722202f3e0a202020202020202020203c637573746f6d3a76616c756573206e616d653d22666f726d4e616d65222076616c75653d2274657374466f726d22202f3e0a20202020202020203c2f637573746f6d3a70726f706572746965733e0a2020202020203c2f62706d6e3a657874656e73696f6e456c656d656e74733e0a2020202020203c62706d6e3a696e636f6d696e673e466c6f775f30756e37686c683c2f62706d6e3a696e636f6d696e673e0a2020202020203c62706d6e3a6f7574676f696e673e466c6f775f3069336d7167613c2f62706d6e3a6f7574676f696e673e0a202020203c2f62706d6e3a757365725461736b3e0a20203c2f62706d6e3a70726f636573733e0a20203c62706d6e64693a42504d4e4469616772616d2069643d2242504d4e4469616772616d5f31223e0a202020203c62706d6e64693a42504d4e506c616e652069643d2242504d4e506c616e655f31222062706d6e456c656d656e743d2250726f636573735f31223e0a2020202020203c62706d6e64693a42504d4e53686170652069643d2253746172744576656e745f315f6469222062706d6e456c656d656e743d2253746172744576656e745f31223e0a20202020202020203c64633a426f756e647320783d223138302220793d22313630222077696474683d22333622206865696768743d22333622202f3e0a20202020202020203c62706d6e64693a42504d4e4c6162656c3e0a202020202020202020203c64633a426f756e647320783d223138372220793d22323033222077696474683d22323222206865696768743d22313422202f3e0a20202020202020203c2f62706d6e64693a42504d4e4c6162656c3e0a2020202020203c2f62706d6e64693a42504d4e53686170653e0a2020202020203c62706d6e64693a42504d4e53686170652069643d22456e644576656e745f315f6469222062706d6e456c656d656e743d22456e644576656e745f31223e0a20202020202020203c64633a426f756e647320783d223639322220793d22313630222077696474683d22333622206865696768743d22333622202f3e0a20202020202020203c62706d6e64693a42504d4e4c6162656c3e0a202020202020202020203c64633a426f756e647320783d223639392220793d22323033222077696474683d22323222206865696768743d22313422202f3e0a20202020202020203c2f62706d6e64693a42504d4e4c6162656c3e0a2020202020203c2f62706d6e64693a42504d4e53686170653e0a2020202020203c62706d6e64693a42504d4e53686170652069643d2241637469766974795f3131326a75366a5f6469222062706d6e456c656d656e743d2241637469766974795f30396468337a39223e0a20202020202020203c64633a426f756e647320783d223236302220793d22313338222077696474683d2231303022206865696768743d22383022202f3e0a2020202020203c2f62706d6e64693a42504d4e53686170653e0a2020202020203c62706d6e64693a42504d4e53686170652069643d2241637469766974795f30397962666d375f6469222062706d6e456c656d656e743d2241637469766974795f306d7676356863223e0a20202020202020203c64633a426f756e647320783d223431302220793d22313338222077696474683d2231303022206865696768743d22383022202f3e0a2020202020203c2f62706d6e64693a42504d4e53686170653e0a2020202020203c62706d6e64693a42504d4e456467652069643d22466c6f775f315f6469222062706d6e456c656d656e743d22466c6f775f31223e0a20202020202020203c64693a776179706f696e7420783d223231362220793d2231373822202f3e0a20202020202020203c64693a776179706f696e7420783d223236302220793d2231373822202f3e0a2020202020203c2f62706d6e64693a42504d4e456467653e0a2020202020203c62706d6e64693a42504d4e456467652069643d22466c6f775f30756e37686c685f6469222062706d6e456c656d656e743d22466c6f775f30756e37686c68223e0a20202020202020203c64693a776179706f696e7420783d223336302220793d2231373822202f3e0a20202020202020203c64693a776179706f696e7420783d223431302220793d2231373822202f3e0a2020202020203c2f62706d6e64693a42504d4e456467653e0a2020202020203c62706d6e64693a42504d4e456467652069643d22466c6f775f3069336d7167615f6469222062706d6e456c656d656e743d22466c6f775f3069336d716761223e0a20202020202020203c64693a776179706f696e7420783d223531302220793d2231373822202f3e0a20202020202020203c64693a776179706f696e7420783d223639322220793d2231373822202f3e0a2020202020203c2f62706d6e64693a42504d4e456467653e0a202020203c2f62706d6e64693a42504d4e506c616e653e0a20203c2f62706d6e64693a42504d4e4469616772616d3e0a3c2f62706d6e3a646566696e6974696f6e733e0a', false);
INSERT INTO public.act_ge_bytearray (id_, rev_, name_, deployment_id_, bytes_, generated_) VALUES ('2d6ca950-f132-11f0-bfbd-f2dbc029a3c2', 1, 'fu-20260114-paed3z.Process_1.png', '2d5e787e-f132-11f0-bfbd-f2dbc029a3c2', '\x89504e470d0a1a0a0000000d49484452000002e2000000e40806000000dd25410b000010f649444154785eeddddd6f54677e07f07d91aabdccb6bb97b9d9abfd17b6bde9c5ae5a3552762f00bf60909149204aa48002586d521527482d7749c806902a354058b541f18549a3a609845a4a431210091b52b12924e1b51888c16c01870dd3f3504f34796c60b0c1f3cccf9f8ff4958367e69c83e777e67c39399ef9ce7700000000000000000000000000000000000000000000000000000000000000000000000000000000000000000000000000000000000000000000000000000000000000000000000000000000000000000000000000000000000000000000000000000000000000000000000000000000000000000000000000000000000000000000000000000000000000000000000000000000000000000000000000000000000000000000000000000000000000000000000000000000000000000000000000000000000000000000000000000000000000000000000000000000000000000000000000000000000000000000000000000000000000000000000000000000000000000000000000000000000000000000000000000000000000000000000000000000000000000000000000000000000000000000000000000000000000000000000000000000000000000000000000000000000000000000000000000000000000000000000000000000000000000000000000000000000000000000000000000000000000000000008082d46ab53f3a7af4e82befbefbee57bb76edaabdf9e69b32cba97eeed78787874feddebdfb97f9f3d3aecc55eb1371ae002094aa2ceda80ed6b53367ced4ae5cb9521b1f1f97594efab9a79fff9e3d7b2e5605ea81fc396a47e6aaf589385700104a3a63990ed6f9415c663fa74f9f3e5715a6f7f3e7a81d99ab721269ae00209474d980339665243d0f5561ba9a3f47edc85c959348730500a1a46b49f303b7b42ee9f9c89fa37664aeca4a94b90280509a2d4cbfbf70ba76f4837faa1d7aebe91b49ff9dbe97df4f66962885c95c959528730500a13453982e8d9eac7dfcc6dfd63efad7d5df4afa5eba2dbfbf4c3f510a93b92a2b51e60a004269a6301d3f3434a92cd573e2d0ce49f797e9274a6132576525ca5c014028cd14a6ff7a7bfda4a2544fba2dbfbf4c3f510a93b92a2b51e60a004269a6307dfce6da4945a99e745b7e7f997ea21426735556a2cc150084a23095952885c95c959528730500a1345398d2bb59e445a99e745b7e7f997ea21426735556a2cc150084d24c61faf49d172615a57ad26df9fd65fa895298cc555989325700104a3385e9fcc983b58ffffdef2695a5f4bd745b7e7f997ea21426735556a2cc150084d24c614af96cdfd64985297d2fbf9fcc2c510a93b92a2b51e60a004269aa305dbd5afbf43f374e2a4ce97be9b649f79769274a6132576525ca5c014028b72b4ce9130e7ff7ce864965a99e749b4f41bc7b895298cc55598932570010ca4d0bd3d5abb5d39feeaefdf6dffe665249ca93ee93eeeb2ce6cc13a53099abb21265ae002094a90ad3edce56de2cce62ce3c510a93b92a2b51e60a004299aa303573b6f266498fcd9727cd274a6132576525ca5c0140285315a6bc04dd69f2e549f3895298cc55598932570010ca5485495a972885c95c959528730533d1dbdb7b5f6767e7bc8e8e8ee7abafbbaa7c56e57295dac4d7f4e75d13b7cf4bf7cf9701ccd0c58b17ff786868e8e9175e78e1a381818173fdfdfd571e79e491eb69475cbe7cf9b555ab568d3df9e493c79e7efae99dab57affecbea21dfcd971189c25456a21426735556a2cc154c475757d72faa63fc6095f189d2dd6cd2fd07d3e3f3650277e8bdf7de5bfeecb3cf9e5cb66c59ad2adfb51d3b76d4f6efdf5f3b72e448edfcf9f3b5247d4d7f4edf4fb7af59b3e67a5f5fdf7855c8dfe8eeeefe49becc0814a6b212a53099abb21265aee04e5405fa675591de3b45c19e4ef6a6e5e5eb006ee3e0c1837ff5e28b2f9e7af8e1876bafbefa6aedecd9b3374a77b3d2fdd3e3aa42fed5ca952b5fa976c41fe5eb68670a5359895298cc5559893257d08cdedede1f747474fcba2acf37fe6f776356ac5851dbbe7dfb2d4fc4a5dbd3fdf2c7a6e5a5e5a6e5e7eb0432d57ef5fdd75f7f7d2815f02d5bb6d42e5dbaf4ed867d87d2e3d372aa1df0724f4fcfaff2f5b52b85a9ac44294ce6aaac44992bb89daa2cdfdfd5d5f5516381eeeeeeae6ddebcb976e2c489fcd07e4be9fee971e9f15921ff30ad275f3730a1da7feedbb66ddbef1e7df4d1dad1a347f37d6b46d2f2aa727fa5afaf6f205f6f3b5298ca4a94c264aeca4a94b9825ba90af84fab9c6c2ccdebd7afaf1d3f7e3c3f94df91f4f8b49cac8c1f4febcbb701e6bc6a9fb9eff9e79f1f7deaa9a76aa3a3a3f9fe7457a4e5f6f7f75f5ebc78f1d67cfded46612a2b510a93b92a2b51e60a6e66e24cf837253c9dc51e1a1aca0fdf339296979d1d3feecc3834a8f693ef6fdbb6edd354c2d3c1e75e4acb5fb56ad585850b173e996f473b5198ca4a94c264aeca4a94b982a9a46bb61b2f4759b26449edc08103f961fbae48cb4dcb6f28e31fba661c26a46bc21f7becb17b76263c97d6b374e9d2b16a477c30df9676a13095952885c95c95952873055399f8c5cc6fce84dfab125e9796df78663cad3fdf269873aa1de381f48b9977fb9af0db49ebebe9e9199d3f7ffe8ff36d6a070a5359895298cc5559893257909b788bc2afeba578e7ce9df961fa9e48eb69382bfeb5b73664ce4b6f5198ded5a415366edc78aada119fcbb7a91d284c65254a6132576525ca5c41aeb3e17dc2d32f54cea6ec1738f7e6db067346fab09e74367c6c6c2cdf4f66455aefa2458b2eb6e387fe284c65254a6132576525ca5c41a3050b16fcbc5e84d3a522337d77943b95d6d778894ada9e7c1b614e489f9839383898ef23b36aebd6ad47aa1d7173be6da55398ca4a94c264aeca4a94b982469dffffb1f5374a707abfef5648eb6d382b3e986f2384373636f627cb972faf8d8c8ce4fbc7acaad6ff87ea5fc667d6ae5dfbbd7c1b4ba63095952885c95c959528730575d5f1f68755f11daf97e0d93e1b5e97d6db50c4c7d376e5db0aa1bdf6da6b03fdfdfdf9bed1124b972efdbcda11ff34dfc656a8b6e3ed2a7f9e7f3fa7309595d20b93b96acf943e57d0a899d799eaf679f5029c3e8ebe95d2fa1bcaf8bc7c5b21b40d1b36fc76c78e1df97ed1129b366d4a1f7bfb0ff936b642c38bc22d5fd014a6b2527a613257ed99d2e70a1a35f33a537d7f43fd7e2fbffc727e389e5569fd0ddbbc21df56086d6060e0dcfefdfbf3fda2258687870f7674740ce5dbd80a0d2f0ab77c415398ca4ae985c95cb5674a9f2b68d4cceb4c5757d7eefaedfbf6edcb0fc7b32aadbfbe2d69bb1ab713c25bb366cd95d97eeff09b397cf870ba34e5837c1b5b618a17b2295fd014a6b2527a619a629ecc551ba4f4b9824653bcbe4c7a9da9be1eab7fbfd51d20adbf611b8f657f1d886df9f2e5d7bffcf2cb7cbf6889f3e7cf5faa76c293f936b6c2142f60796ebca0294c65a5f4c234c51ce5315705a6f4b9824653bcaee449af33ff5bff73ab3b405a7f7d5bbababac6f2bf0f84b668d1a2dab56bd7f2fda225aaed481f779fbf60141d85a9ace4cf4fbbc65c9595fcf9118994567780b4fe86edf943de5320b465cb965d6bf5bf86ebce9e3dfbdf9de59f117fbbd32504c5a6f4339753cc93b96a83943e57d0688ad79749af33e9cc73fdfbadee00ce8833a73df1c41363adbe3eacee934f3ed9d759ee35e2df2a4a750a535929bd3099abf64ce973058d9a799de9748d3894e1a9a79e3a5ecabba6bcf5d65bbb0a7cd794492f608d14a6b2527a613257ed99d2e70a1a35f33ae35d53a0106bd7aedd59cafb88af5bb72e7ddc6e29ef237ed317b0460a535929bd3099abf64ce973058d9a799de9f43ee25086fefefebf58b366cdf57cc768816bdddddd073b0bf964cd66294c65254a6132576525ca5c415d67419facf9f8e38f5f6f28e23e5993b965eddab5df5bba74e9f8c8c848be6fccaa13274ebc53ed80a7d3f6e4db583285a9ac44294ce6aaac44992ba8ebeeeefe6175cc1daf17e0e3c78fe787e55991d6db50c2c7d376e5db0ae1ad5ebdfa8dc1c1c17cff9855cf3cf3cc6faa9d7073be6da55398ca4a94c264aeca4a94b98246d531375d0e7aa3046fdebc393f2ccf8ab4de86223e986f23cc09d5bf407fd2d7d7f7d5d8d858be8fcc8ad1d1d1f7ab1d70246d47be6da55398ca4a94c264aeca4a94b982460b162cf879bd0457c7df593f2b9ed6d7d5d5f5cd6529697bf26d843963e5ca95af6cd9b225df4f6645b5ee7fa976c2e7f26d6a070a5359895298cc555989325790ab8ebd7beb4578fdfaf5f9e1f99e4aeb6b381bbe37df369853e6cf9fffe3dededecbb3fd7ea2fbf6ed4b97a48ca4f5e7dbd40e14a6b212a53099abb21265ae20d7d5d5f5b3ea18fc75bd10efdcb9333f4cdf13693d0d25fcebb41df9b6c19cd3d3d3f3ab65cb965d191d1dcdf7997b626464e43faa1df08b2a0fe6dbd22e14a6b212a53099abb21265ae602a1d1d1dbfae97e27489ca810307f2c3f55d9596df78494a5a7fbe4d3067f5f5f50df4f7f75f4e079f7be9ead5ab9f543bfc07d5cef8d7f936b41385a9ac44294ce6aaac44992b984a6f6fef0faa42fc61bd182f59b2e49e95f1b4dc6a7ddf9c814feb4debcfb709e6b4c58b176f5db56ad5857b75667c6464644f2ae1d50ef88ff9badb8dc25456a21426735556a2cc15dc4c753cbebfcaf1c633e3434343f9e17b46d2f21acf844faceffe7c5b80cac2850b9fecebeb1bbbdbd78c4f5c137eacddcf84d7294c65254a6132576525ca5cc1ad54c7e59f3696f194f40b95337d3795f4f8ec17336f94f0b4be7c1b8006d58ef2604f4fcfe8c68d1b4f5dba7429dfb7eec8850b17de9b78779491b4dc7c5ded4a612a2b510a93b92a2b51e60a6e279da1ee6cb84c25259d1d4feff77de2c489fcd07e4be9fee971d959f01b97a3a4f5e4eb06a650ed403faa7698e7162d5a74f1a5975e3a72f6ecd96bf9ce760bd74e9e3cf9cec0c0c08d774649cb49cbcbd7d1ce14a6b212a53099abb21265aea019e99aed895fe0cc0b746dc58a15b5eddbb7d7f6efdf5f3b72e448edfcf9f3370ef6e96bfa73fa7eba3dfbd8fa7aaea7e5ba261ca6217dd84eb5136dae8af4c8430f3df4c5a64d9b0e0c0f0f1f3c7cf8f0b173e7cefdbeda0f2f8d8c8c1c3d74e8d0beeaa0f5e6ba75eb06abc71cac1ef33fe971edf8613dcd5098ca4a94c264aeca4a94b9823b31f1d686dfbccff80cb3d75b14c2ddf1dd050b16fc59b543fd7df52fdba16ae74a9f8a59bfa62c7d7d3f7d3fdd9eee97ee9f2f201285a9ac44294ce6aaac44992b988eea78fe8bead83e58657c8a827daba4fb0fa6c7e7cb04b82b14a6b212a53099abb21265ae60267a7b7befab8af5bc8e8e8ee7abafbbaa7c56e5f244e94e5fd39f774ddc3e2fdd3f5f06c05da53095952885c95c959528730500a1284c65254a6132576525ca5c0140280a5359895298cc555989325700108ac25456a21426735556a2cc150084a23095952885c95c959528730500a1284c65254a6132576525ca5c0140280a5359895298cc555989325700108ac25456a21426735556a2cc150084a23095952885c95c959528730500a1284c65254a6132576525ca5c0140280a5359895298cc555989325700108ac25456a21426735556a2cc150084a23095952885c95c959528730500a1284c65254a6132576525ca5c0140280a5359895298cc555989325700108ac25456a21426735556a2cc150084a23095952885c95c959528730500a1ecdab5ebfa952b57261db865f6533d0fa7aac274357f8eda91b92a2791e60a0042191e1e3e75e6cc9949076f99fd7cf1c517ff5c15a6f7f3e7a81d99ab721269ae002094ddbb77ff72cf9e3d174f9f3e7dce19ccd6a4fab99ffefcf3cf7f5395a563551ec89fa37664ae5a9f88730500e1a483743a6356653c5d4b2ab39ef4734f3fff506529fd7d26fe5ee6aa35093957000000000000000000000000000000000000000000000000000004f07f07178e4d89a3c38c0000000049454e44ae426082', true);
INSERT INTO public.act_ge_bytearray (id_, rev_, name_, deployment_id_, bytes_, generated_) VALUES ('80ec968b-f133-11f0-bfbd-f2dbc029a3c2', 1, 'fu-20260114-paed3z.bpmn', '80ec968a-f133-11f0-bfbd-f2dbc029a3c2', '\x3c3f786d6c2076657273696f6e3d22312e302220656e636f64696e673d225554462d38223f3e0a3c62706d6e3a646566696e6974696f6e7320786d6c6e733a7873693d22687474703a2f2f7777772e77332e6f72672f323030312f584d4c536368656d612d696e7374616e63652220786d6c6e733a62706d6e3d22687474703a2f2f7777772e6f6d672e6f72672f737065632f42504d4e2f32303130303532342f4d4f44454c2220786d6c6e733a62706d6e64693d22687474703a2f2f7777772e6f6d672e6f72672f737065632f42504d4e2f32303130303532342f44492220786d6c6e733a64633d22687474703a2f2f7777772e6f6d672e6f72672f737065632f44442f32303130303532342f44432220786d6c6e733a64693d22687474703a2f2f7777772e6f6d672e6f72672f737065632f44442f32303130303532342f44492220786d6c6e733a637573746f6d3d22687474703a2f2f637573746f6d2e62706d6e2e696f2f736368656d61222069643d22446566696e6974696f6e735f3122207461726765744e616d6573706163653d22687474703a2f2f62706d6e2e696f2f736368656d612f62706d6e223e0a20203c62706d6e3a70726f636573732069643d2250726f636573735f312220697345786563757461626c653d2274727565223e0a202020203c62706d6e3a73746172744576656e742069643d2253746172744576656e745f3122206e616d653d22e5bc80e5a78b223e0a2020202020203c62706d6e3a6f7574676f696e673e466c6f775f313c2f62706d6e3a6f7574676f696e673e0a202020203c2f62706d6e3a73746172744576656e743e0a202020203c62706d6e3a656e644576656e742069643d22456e644576656e745f3122206e616d653d22e7bb93e69d9f223e0a2020202020203c62706d6e3a696e636f6d696e673e466c6f775f3069336d7167613c2f62706d6e3a696e636f6d696e673e0a202020203c2f62706d6e3a656e644576656e743e0a202020203c62706d6e3a73657175656e6365466c6f772069643d22466c6f775f312220736f757263655265663d2253746172744576656e745f3122207461726765745265663d2241637469766974795f30396468337a3922202f3e0a202020203c62706d6e3a757365725461736b2069643d2241637469766974795f30396468337a39223e0a2020202020203c62706d6e3a657874656e73696f6e456c656d656e74733e0a20202020202020203c637573746f6d3a70726f706572746965733e0a202020202020202020203c637573746f6d3a76616c756573206e616d653d22666f726d4964222076616c75653d223722202f3e0a202020202020202020203c637573746f6d3a76616c756573206e616d653d22666f726d4e616d65222076616c75653d2274657374466f726d22202f3e0a202020202020202020203c637573746f6d3a76616c756573206e616d653d22666f726d4964222076616c75653d223722202f3e0a202020202020202020203c637573746f6d3a76616c756573206e616d653d22666f726d4e616d65222076616c75653d2274657374466f726d22202f3e0a202020202020202020203c637573746f6d3a76616c756573206e616d653d22666f726d4964222076616c75653d223722202f3e0a202020202020202020203c637573746f6d3a76616c756573206e616d653d22666f726d4e616d65222076616c75653d2274657374466f726d22202f3e0a202020202020202020203c637573746f6d3a76616c756573206e616d653d2261737369676e656554797065222076616c75653d22494e49544941544f5222202f3e0a202020202020202020203c637573746f6d3a76616c756573206e616d653d2261737369676e656556616c7565222076616c75653d2222202f3e0a202020202020202020203c637573746f6d3a76616c756573206e616d653d2261737369676e65654c6162656c222076616c75653d22e6b581e7a88be58f91e8b5b7e4baba22202f3e0a202020202020202020203c637573746f6d3a76616c756573206e616d653d2263616e6469646174655573657273222076616c75653d2222202f3e0a202020202020202020203c637573746f6d3a76616c756573206e616d653d2263616e64696461746547726f757073222076616c75653d2222202f3e0a20202020202020203c2f637573746f6d3a70726f706572746965733e0a2020202020203c2f62706d6e3a657874656e73696f6e456c656d656e74733e0a2020202020203c62706d6e3a696e636f6d696e673e466c6f775f313c2f62706d6e3a696e636f6d696e673e0a2020202020203c62706d6e3a6f7574676f696e673e466c6f775f30756e37686c683c2f62706d6e3a6f7574676f696e673e0a202020203c2f62706d6e3a757365725461736b3e0a202020203c62706d6e3a73657175656e6365466c6f772069643d22466c6f775f30756e37686c682220736f757263655265663d2241637469766974795f30396468337a3922207461726765745265663d2241637469766974795f306d767635686322202f3e0a202020203c62706d6e3a73657175656e6365466c6f772069643d22466c6f775f3069336d7167612220736f757263655265663d2241637469766974795f306d767635686322207461726765745265663d22456e644576656e745f3122202f3e0a202020203c62706d6e3a757365725461736b2069643d2241637469766974795f306d7676356863223e0a2020202020203c62706d6e3a657874656e73696f6e456c656d656e74733e0a20202020202020203c637573746f6d3a70726f706572746965733e0a202020202020202020203c637573746f6d3a76616c756573206e616d653d2261737369676e656554797065222076616c75653d22454e544954595f4d414e4147455222202f3e0a202020202020202020203c637573746f6d3a76616c756573206e616d653d2261737369676e656556616c7565222076616c75653d2222202f3e0a202020202020202020203c637573746f6d3a76616c756573206e616d653d2261737369676e65654c6162656c222076616c75653d22e5ae9ee4bd93e7bb8fe7908622202f3e0a202020202020202020203c637573746f6d3a76616c756573206e616d653d2263616e6469646174655573657273222076616c75653d225361726168204368656e22202f3e0a202020202020202020203c637573746f6d3a76616c756573206e616d653d2263616e64696461746547726f757073222076616c75653d2222202f3e0a202020202020202020203c637573746f6d3a76616c756573206e616d653d22666f726d4964222076616c75653d223722202f3e0a202020202020202020203c637573746f6d3a76616c756573206e616d653d22666f726d4e616d65222076616c75653d2274657374466f726d22202f3e0a20202020202020203c2f637573746f6d3a70726f706572746965733e0a2020202020203c2f62706d6e3a657874656e73696f6e456c656d656e74733e0a2020202020203c62706d6e3a696e636f6d696e673e466c6f775f30756e37686c683c2f62706d6e3a696e636f6d696e673e0a2020202020203c62706d6e3a6f7574676f696e673e466c6f775f3069336d7167613c2f62706d6e3a6f7574676f696e673e0a202020203c2f62706d6e3a757365725461736b3e0a20203c2f62706d6e3a70726f636573733e0a20203c62706d6e64693a42504d4e4469616772616d2069643d2242504d4e4469616772616d5f31223e0a202020203c62706d6e64693a42504d4e506c616e652069643d2242504d4e506c616e655f31222062706d6e456c656d656e743d2250726f636573735f31223e0a2020202020203c62706d6e64693a42504d4e53686170652069643d2253746172744576656e745f315f6469222062706d6e456c656d656e743d2253746172744576656e745f31223e0a20202020202020203c64633a426f756e647320783d223138302220793d22313630222077696474683d22333622206865696768743d22333622202f3e0a20202020202020203c62706d6e64693a42504d4e4c6162656c3e0a202020202020202020203c64633a426f756e647320783d223138372220793d22323033222077696474683d22323222206865696768743d22313422202f3e0a20202020202020203c2f62706d6e64693a42504d4e4c6162656c3e0a2020202020203c2f62706d6e64693a42504d4e53686170653e0a2020202020203c62706d6e64693a42504d4e53686170652069643d22456e644576656e745f315f6469222062706d6e456c656d656e743d22456e644576656e745f31223e0a20202020202020203c64633a426f756e647320783d223639322220793d22313630222077696474683d22333622206865696768743d22333622202f3e0a20202020202020203c62706d6e64693a42504d4e4c6162656c3e0a202020202020202020203c64633a426f756e647320783d223639392220793d22323033222077696474683d22323222206865696768743d22313422202f3e0a20202020202020203c2f62706d6e64693a42504d4e4c6162656c3e0a2020202020203c2f62706d6e64693a42504d4e53686170653e0a2020202020203c62706d6e64693a42504d4e53686170652069643d2241637469766974795f3131326a75366a5f6469222062706d6e456c656d656e743d2241637469766974795f30396468337a39223e0a20202020202020203c64633a426f756e647320783d223236302220793d22313338222077696474683d2231303022206865696768743d22383022202f3e0a2020202020203c2f62706d6e64693a42504d4e53686170653e0a2020202020203c62706d6e64693a42504d4e53686170652069643d2241637469766974795f30397962666d375f6469222062706d6e456c656d656e743d2241637469766974795f306d7676356863223e0a20202020202020203c64633a426f756e647320783d223431302220793d22313338222077696474683d2231303022206865696768743d22383022202f3e0a2020202020203c2f62706d6e64693a42504d4e53686170653e0a2020202020203c62706d6e64693a42504d4e456467652069643d22466c6f775f315f6469222062706d6e456c656d656e743d22466c6f775f31223e0a20202020202020203c64693a776179706f696e7420783d223231362220793d2231373822202f3e0a20202020202020203c64693a776179706f696e7420783d223236302220793d2231373822202f3e0a2020202020203c2f62706d6e64693a42504d4e456467653e0a2020202020203c62706d6e64693a42504d4e456467652069643d22466c6f775f30756e37686c685f6469222062706d6e456c656d656e743d22466c6f775f30756e37686c68223e0a20202020202020203c64693a776179706f696e7420783d223336302220793d2231373822202f3e0a20202020202020203c64693a776179706f696e7420783d223431302220793d2231373822202f3e0a2020202020203c2f62706d6e64693a42504d4e456467653e0a2020202020203c62706d6e64693a42504d4e456467652069643d22466c6f775f3069336d7167615f6469222062706d6e456c656d656e743d22466c6f775f3069336d716761223e0a20202020202020203c64693a776179706f696e7420783d223531302220793d2231373822202f3e0a20202020202020203c64693a776179706f696e7420783d223639322220793d2231373822202f3e0a2020202020203c2f62706d6e64693a42504d4e456467653e0a202020203c2f62706d6e64693a42504d4e506c616e653e0a20203c2f62706d6e64693a42504d4e4469616772616d3e0a3c2f62706d6e3a646566696e6974696f6e733e0a', false);
INSERT INTO public.act_ge_bytearray (id_, rev_, name_, deployment_id_, bytes_, generated_) VALUES ('80f1517c-f133-11f0-bfbd-f2dbc029a3c2', 1, 'fu-20260114-paed3z.Process_1.png', '80ec968a-f133-11f0-bfbd-f2dbc029a3c2', '\x89504e470d0a1a0a0000000d49484452000002e2000000e40806000000dd25410b000010f649444154785eeddddd6f54677e07f07d91aabdccb6bb97b9d9abfd17b6bde9c5ae5a3552762f00bf60909149204aa48002586d521527482d7749c806902a354058b541f18549a3a609845a4a431210091b52b12924e1b51888c16c01870dd3f3504f34796c60b0c1f3cccf9f8ff4958367e69c83e777e67c39399ef9ce7700000000000000000000000000000000000000000000000000000000000000000000000000000000000000000000000000000000000000000000000000000000000000000000000000000000000000000000000000000000000000000000000000000000000000000000000000000000000000000000000000000000000000000000000000000000000000000000000000000000000000000000000000000000000000000000000000000000000000000000000000000000000000000000000000000000000000000000000000000000000000000000000000000000000000000000000000000000000000000000000000000000000000000000000000000000000000000000000000000000000000000000000000000000000000000000000000000000000000000000000000000000000000000000000000000000000000000000000000000000000000000000000000000000000000000000000000000000000000000000000000000000000000000000000000000000000000000000000000000000000000000000008082d46ab53f3a7af4e82befbefbee57bb76edaabdf9e69b32cba97eeed78787874feddebdfb97f9f3d3aecc55eb1371ae002094aa2ceda80ed6b53367ced4ae5cb9521b1f1f97594efab9a79fff9e3d7b2e5605ea81fc396a47e6aaf589385700104a3a63990ed6f9415c663fa74f9f3e5715a6f7f3e7a81d99ab721269ae00209474d980339665243d0f5561ba9a3f47edc85c959348730500a1a46b49f303b7b42ee9f9c89fa37664aeca4a94b90280509a2d4cbfbf70ba76f4837faa1d7aebe91b49ff9dbe97df4f66962885c95c959528730500a13453982e8d9eac7dfcc6dfd63efad7d5df4afa5eba2dbfbf4c3f510a93b92a2b51e60a004269a6301d3f3434a92cd573e2d0ce49f797e9274a6132576525ca5c014028cd14a6ff7a7bfda4a2544fba2dbfbf4c3f510a93b92a2b51e60a004269a6307dfce6da4945a99e745b7e7f997ea21426735556a2cc150084a23095952885c95c959528730500a1345398d2bb59e445a99e745b7e7f997ea21426735556a2cc150084d24c61faf49d172615a57ad26df9fd65fa895298cc555989325700104a3385e9fcc983b58ffffdef2695a5f4bd745b7e7f997ea21426735556a2cc150084d24c614af96cdfd64985297d2fbf9fcc2c510a93b92a2b51e60a004269aa305dbd5afbf43f374e2a4ce97be9b649f79769274a6132576525ca5c014028b72b4ce9130e7ff7ce864965a99e749b4f41bc7b895298cc55598932570010ca4d0bd3d5abb5d39feeaefdf6dffe665249ca93ee93eeeb2ce6cc13a53099abb21265ae002094a90ad3edce56de2cce62ce3c510a93b92a2b51e60a004299aa303573b6f266498fcd9727cd274a6132576525ca5c0140285315a6bc04dd69f2e549f3895298cc55598932570010ca5485495a972885c95c959528730533d1dbdb7b5f6767e7bc8e8e8ee7abafbbaa7c56e57295dac4d7f4e75d13b7cf4bf7cf9701ccd0c58b17ff786868e8e9175e78e1a381818173fdfdfd571e79e491eb69475cbe7cf9b555ab568d3df9e493c79e7efae99dab57affecbea21dfcd971189c25456a21426735556a2cc154c475757d72faa63fc6095f189d2dd6cd2fd07d3e3f3650277e8bdf7de5bfeecb3cf9e5cb66c59ad2adfb51d3b76d4f6efdf5f3b72e448edfcf9f3b5247d4d7f4edf4fb7af59b3e67a5f5fdf7855c8dfe8eeeefe49becc0814a6b212a53099abb21265aee04e5405fa675591de3b45c19e4ef6a6e5e5eb006ee3e0c1837ff5e28b2f9e7af8e1876bafbefa6aedecd9b3374a77b3d2fdd3e3aa42fed5ca952b5fa976c41fe5eb68670a5359895298cc5559893257d08cdedede1f747474fcba2acf37fe6f776356ac5851dbbe7dfb2d4fc4a5dbd3fdf2c7a6e5a5e5a6e5e7eb0432d57ef5fdd75f7f7d2815f02d5bb6d42e5dbaf4ed867d87d2e3d372aa1df0724f4fcfaff2f5b52b85a9ac44294ce6aaac44992bb89daa2cdfdfd5d5f5516381eeeeeeae6ddebcb976e2c489fcd07e4be9fee971e9f15921ff30ad275f3730a1da7feedbb66ddbef1e7df4d1dad1a347f37d6b46d2f2aa727fa5afaf6f205f6f3b5298ca4a94c264aeca4a94b9825ba90af84fab9c6c2ccdebd7afaf1d3f7e3c3f94df91f4f8b49cac8c1f4febcbb701e6bc6a9fb9eff9e79f1f7deaa9a76aa3a3a3f9fe7457a4e5f6f7f75f5ebc78f1d67cfded46612a2b510a93b92a2b51e60a6e66e24cf837253c9dc51e1a1aca0fdf339296979d1d3feecc3834a8f693ef6fdbb6edd354c2d3c1e75e4acb5fb56ad585850b173e996f473b5198ca4a94c264aeca4a94b982a9a46bb61b2f4759b26449edc08103f961fbae48cb4dcb6f28e31fba661c26a46bc21f7becb17b76263c97d6b374e9d2b16a477c30df9676a13095952885c95c95952873055399f8c5cc6fce84dfab125e9796df78663cad3fdf269873aa1de381f48b9977fb9af0db49ebebe9e9199d3f7ffe8ff36d6a070a5359895298cc5559893257909b788bc2afeba578e7ce9df961fa9e48eb69382bfeb5b73664ce4b6f5198ded5a415366edc78aada119fcbb7a91d284c65254a6132576525ca5c41aeb3e17dc2d32f54cea6ec1738f7e6db067346fab09e74367c6c6c2cdf4f66455aefa2458b2eb6e387fe284c65254a6132576525ca5c41a3050b16fcbc5e84d3a522337d77943b95d6d778894ada9e7c1b614e489f9839383898ef23b36aebd6ad47aa1d7173be6da55398ca4a94c264aeca4a94b982469dffffb1f5374a707abfef5648eb6d382b3e986f2384373636f627cb972faf8d8c8ce4fbc7acaad6ff87ea5fc667d6ae5dfbbd7c1b4ba63095952885c95c959528730575d5f1f68755f11daf97e0d93e1b5e97d6db50c4c7d376e5db0aa1bdf6da6b03fdfdfdf9bed1124b972efdbcda11ff34dfc656a8b6e3ed2a7f9e7f3fa7309595d20b93b96acf943e57d0a899d799eaf679f5029c3e8ebe95d2fa1bcaf8bc7c5b21b40d1b36fc76c78e1df97ed1129b366d4a1f7bfb0ff936b642c38bc22d5fd014a6b2527a613257ed99d2e70a1a35f33a537d7f43fd7e2fbffc727e389e5569fd0ddbbc21df56086d6060e0dcfefdfbf3fda2258687870f7674740ce5dbd80a0d2f0ab77c415398ca4ae985c95cb5674a9f2b68d4cceb4c5757d7eefaedfbf6edcb0fc7b32aadbfbe2d69bb1ab713c25bb366cd95d97eeff09b397cf870ba34e5837c1b5b618a17b2295fd014a6b2527a619a629ecc551ba4f4b9824653bcbe4c7a9da9be1eab7fbfd51d20adbf611b8f657f1d886df9f2e5d7bffcf2cb7cbf6889f3e7cf5faa76c293f936b6c2142f60796ebca0294c65a5f4c234c51ce5315705a6f4b9824653bcaee449af33ff5bff73ab3b405a7f7d5bbababac6f2bf0f84b668d1a2dab56bd7f2fda225aaed481f779fbf60141d85a9ace4cf4fbbc65c9595fcf9118994567780b4fe86edf943de5320b465cb965d6bf5bf86ebce9e3dfbdf9de59f117fbbd32504c5a6f4339753cc93b96a83943e57d0688ad79749af33e9cc73fdfbadee00ce8833a73df1c41363adbe3eacee934f3ed9d759ee35e2df2a4a750a535929bd3099abf64ce973058d9a799de9748d3894e1a9a79e3a5ecabba6bcf5d65bbb0a7cd794492f608d14a6b2527a613257ed99d2e70a1a35f33ae35d53a0106bd7aedd59cafb88af5bb72e7ddc6e29ef237ed317b0460a535929bd3099abf64ce973058d9a799de9f43ee25086fefefebf58b366cdf57cc768816bdddddd073b0bf964cd66294c65254a6132576525ca5c415d67419facf9f8e38f5f6f28e23e5993b965eddab5df5bba74e9f8c8c848be6fccaa13274ebc53ed80a7d3f6e4db583285a9ac44294ce6aaac44992ba8ebeeeefe6175cc1daf17e0e3c78fe787e55991d6db50c2c7d376e5db0ae1ad5ebdfa8dc1c1c17cff9855cf3cf3cc6faa9d7073be6da55398ca4a94c264aeca4a94b98246d531375d0e7aa3046fdebc393f2ccf8ab4de86223e986f23cc09d5bf407fd2d7d7f7d5d8d858be8fcc8ad1d1d1f7ab1d70246d47be6da55398ca4a94c264aeca4a94b982460b162cf879bd0457c7df593f2b9ed6d7d5d5f5cd6529697bf26d843963e5ca95af6cd9b225df4f6645b5ee7fa976c2e7f26d6a070a5359895298cc555989325790ab8ebd7beb4578fdfaf5f9e1f99e4aeb6b381bbe37df369853e6cf9fffe3dededecbb3fd7ea2fbf6ed4b97a48ca4f5e7dbd40e14a6b212a53099abb21265ae20d7d5d5f5b3ea18fc75bd10efdcb9333f4cdf13693d0d25fcebb41df9b6c19cd3d3d3f3ab65cb965d191d1dcdf7997b626464e43faa1df08b2a0fe6dbd22e14a6b212a53099abb21265ae602a1d1d1dbfae97e27489ca810307f2c3f55d9596df78494a5a7fbe4d3067f5f5f50df4f7f75f4e079f7be9ead5ab9f543bfc07d5cef8d7f936b41385a9ac44294ce6aaac44992b984a6f6fef0faa42fc61bd182f59b2e49e95f1b4dc6a7ddf9c814feb4debcfb709e6b4c58b176f5db56ad5857b75667c6464644f2ae1d50ef88ff9badb8dc25456a21426735556a2cc15dc4c753cbebfcaf1c633e3434343f9e17b46d2f21acf844faceffe7c5b80cac2850b9fecebeb1bbbdbd78c4f5c137eacddcf84d7294c65254a6132576525ca5cc1ad54c7e59f3696f194f40b95337d3795f4f8ec17336f94f0b4be7c1b8006d58ef2604f4fcfe8c68d1b4f5dba7429dfb7eec8850b17de9b78779491b4dc7c5ded4a612a2b510a93b92a2b51e60a6e279da1ee6cb84c25259d1d4feff77de2c489fcd07e4be9fee971d959f01b97a3a4f5e4eb06a650ed403faa7698e7162d5a74f1a5975e3a72f6ecd96bf9ce760bd74e9e3cf9cec0c0c08d774649cb49cbcbd7d1ce14a6b212a53099abb21265aea019e99aed895fe0cc0b746dc58a15b5eddbb7d7f6efdf5f3b72e448edfcf9f3370ef6e96bfa73fa7eba3dfbd8fa7aaea7e5ba261ca6217dd84eb5136dae8af4c8430f3df4c5a64d9b0e0c0f0f1f3c7cf8f0b173e7cefdbeda0f2f8d8c8c1c3d74e8d0beeaa0f5e6ba75eb06abc71cac1ef33fe971edf8613dcd5098ca4a94c264aeca4a94b9823b31f1d686dfbccff80cb3d75b14c2ddf1dd050b16fc59b543fd7df52fdba16ae74a9f8a59bfa62c7d7d3f7d3fdd9eee97ee9f2f201285a9ac44294ce6aaac44992b988eea78fe8bead83e58657c8a827daba4fb0fa6c7e7cb04b82b14a6b212a53099abb21265ae60267a7b7befab8af5bc8e8e8ee7abafbbaa7c56e5f244e94e5fd39f774ddc3e2fdd3f5f06c05da53095952885c95c959528730500a1284c65254a6132576525ca5c0140280a5359895298cc555989325700108ac25456a21426735556a2cc150084a23095952885c95c959528730500a1284c65254a6132576525ca5c0140280a5359895298cc555989325700108ac25456a21426735556a2cc150084a23095952885c95c959528730500a1284c65254a6132576525ca5c0140280a5359895298cc555989325700108ac25456a21426735556a2cc150084a23095952885c95c959528730500a1284c65254a6132576525ca5c0140280a5359895298cc555989325700108ac25456a21426735556a2cc150084a23095952885c95c959528730500a1ecdab5ebfa952b57261db865f6533d0fa7aac274357f8eda91b92a2791e60a0042191e1e3e75e6cc9949076f99fd7cf1c517ff5c15a6f7f3e7a81d99ab721269ae002094ddbb77ff72cf9e3d174f9f3e7dce19ccd6a4fab99ffefcf3cf7f5395a563551ec89fa37664ae5a9f88730500e1a483743a6356653c5d4b2ab39ef4734f3fff506529fd7d26fe5ee6aa35093957000000000000000000000000000000000000000000000000000004f07f07178e4d89a3c38c0000000049454e44ae426082', true);
INSERT INTO public.act_ge_bytearray (id_, rev_, name_, deployment_id_, bytes_, generated_) VALUES ('1b564cc4-f1f4-11f0-bfbd-f2dbc029a3c2', 1, 'Process_1.bpmn', '1b564cc3-f1f4-11f0-bfbd-f2dbc029a3c2', '\x3c3f786d6c2076657273696f6e3d22312e302220656e636f64696e673d225554462d38223f3e0a3c62706d6e3a646566696e6974696f6e7320786d6c6e733a7873693d22687474703a2f2f7777772e77332e6f72672f323030312f584d4c536368656d612d696e7374616e63652220786d6c6e733a62706d6e3d22687474703a2f2f7777772e6f6d672e6f72672f737065632f42504d4e2f32303130303532342f4d4f44454c2220786d6c6e733a62706d6e64693d22687474703a2f2f7777772e6f6d672e6f72672f737065632f42504d4e2f32303130303532342f44492220786d6c6e733a64633d22687474703a2f2f7777772e6f6d672e6f72672f737065632f44442f32303130303532342f44432220786d6c6e733a64693d22687474703a2f2f7777772e6f6d672e6f72672f737065632f44442f32303130303532342f44492220786d6c6e733a637573746f6d3d22687474703a2f2f637573746f6d2e62706d6e2e696f2f736368656d61222069643d22446566696e6974696f6e735f3122207461726765744e616d6573706163653d22687474703a2f2f62706d6e2e696f2f736368656d612f62706d6e223e0a20203c62706d6e3a70726f636573732069643d2250726f636573735f312220697345786563757461626c653d2274727565223e0a202020203c62706d6e3a73746172744576656e742069643d2253746172744576656e745f3122206e616d653d22e5bc80e5a78b223e0a2020202020203c62706d6e3a6f7574676f696e673e466c6f775f313c2f62706d6e3a6f7574676f696e673e0a202020203c2f62706d6e3a73746172744576656e743e0a202020203c62706d6e3a656e644576656e742069643d22456e644576656e745f3122206e616d653d22e7bb93e69d9f223e0a2020202020203c62706d6e3a696e636f6d696e673e466c6f775f3069336d7167613c2f62706d6e3a696e636f6d696e673e0a202020203c2f62706d6e3a656e644576656e743e0a202020203c62706d6e3a73657175656e6365466c6f772069643d22466c6f775f312220736f757263655265663d2253746172744576656e745f3122207461726765745265663d2241637469766974795f30396468337a3922202f3e0a202020203c62706d6e3a757365725461736b2069643d2241637469766974795f30396468337a39223e0a2020202020203c62706d6e3a657874656e73696f6e456c656d656e74733e0a20202020202020203c637573746f6d3a70726f706572746965733e0a202020202020202020203c637573746f6d3a76616c756573206e616d653d22666f726d4964222076616c75653d223722202f3e0a202020202020202020203c637573746f6d3a76616c756573206e616d653d22666f726d4e616d65222076616c75653d2274657374466f726d22202f3e0a202020202020202020203c637573746f6d3a76616c756573206e616d653d22666f726d4964222076616c75653d223722202f3e0a202020202020202020203c637573746f6d3a76616c756573206e616d653d22666f726d4e616d65222076616c75653d2274657374466f726d22202f3e0a202020202020202020203c637573746f6d3a76616c756573206e616d653d22666f726d4964222076616c75653d223722202f3e0a202020202020202020203c637573746f6d3a76616c756573206e616d653d22666f726d4e616d65222076616c75653d2274657374466f726d22202f3e0a202020202020202020203c637573746f6d3a76616c756573206e616d653d2261737369676e656554797065222076616c75653d225649525455414c5f47524f555022202f3e0a202020202020202020203c637573746f6d3a76616c756573206e616d653d2261737369676e656556616c7565222076616c75653d2276672d616c6c2d6d616e616765727322202f3e0a202020202020202020203c637573746f6d3a76616c756573206e616d653d2261737369676e65654c6162656c222076616c75653d22416c6c204d616e616765727322202f3e0a202020202020202020203c637573746f6d3a76616c756573206e616d653d2263616e6469646174655573657273222076616c75653d2222202f3e0a202020202020202020203c637573746f6d3a76616c756573206e616d653d2263616e64696461746547726f757073222076616c75653d2222202f3e0a20202020202020203c2f637573746f6d3a70726f706572746965733e0a2020202020203c2f62706d6e3a657874656e73696f6e456c656d656e74733e0a2020202020203c62706d6e3a696e636f6d696e673e466c6f775f313c2f62706d6e3a696e636f6d696e673e0a2020202020203c62706d6e3a6f7574676f696e673e466c6f775f30756e37686c683c2f62706d6e3a6f7574676f696e673e0a202020203c2f62706d6e3a757365725461736b3e0a202020203c62706d6e3a73657175656e6365466c6f772069643d22466c6f775f30756e37686c682220736f757263655265663d2241637469766974795f30396468337a3922207461726765745265663d2241637469766974795f306d767635686322202f3e0a202020203c62706d6e3a73657175656e6365466c6f772069643d22466c6f775f3069336d7167612220736f757263655265663d2241637469766974795f306d767635686322207461726765745265663d22456e644576656e745f3122202f3e0a202020203c62706d6e3a757365725461736b2069643d2241637469766974795f306d7676356863223e0a2020202020203c62706d6e3a657874656e73696f6e456c656d656e74733e0a20202020202020203c637573746f6d3a70726f706572746965733e0a202020202020202020203c637573746f6d3a76616c756573206e616d653d2261737369676e656554797065222076616c75653d22454e544954595f4d414e4147455222202f3e0a202020202020202020203c637573746f6d3a76616c756573206e616d653d2261737369676e656556616c7565222076616c75653d2222202f3e0a202020202020202020203c637573746f6d3a76616c756573206e616d653d2261737369676e65654c6162656c222076616c75653d22e5ae9ee4bd93e7bb8fe7908622202f3e0a202020202020202020203c637573746f6d3a76616c756573206e616d653d2263616e6469646174655573657273222076616c75653d225361726168204368656e22202f3e0a202020202020202020203c637573746f6d3a76616c756573206e616d653d2263616e64696461746547726f757073222076616c75653d2222202f3e0a202020202020202020203c637573746f6d3a76616c756573206e616d653d22666f726d4964222076616c75653d223722202f3e0a202020202020202020203c637573746f6d3a76616c756573206e616d653d22666f726d4e616d65222076616c75653d2274657374466f726d22202f3e0a20202020202020203c2f637573746f6d3a70726f706572746965733e0a2020202020203c2f62706d6e3a657874656e73696f6e456c656d656e74733e0a2020202020203c62706d6e3a696e636f6d696e673e466c6f775f30756e37686c683c2f62706d6e3a696e636f6d696e673e0a2020202020203c62706d6e3a6f7574676f696e673e466c6f775f3069336d7167613c2f62706d6e3a6f7574676f696e673e0a202020203c2f62706d6e3a757365725461736b3e0a20203c2f62706d6e3a70726f636573733e0a20203c62706d6e64693a42504d4e4469616772616d2069643d2242504d4e4469616772616d5f31223e0a202020203c62706d6e64693a42504d4e506c616e652069643d2242504d4e506c616e655f31222062706d6e456c656d656e743d2250726f636573735f31223e0a2020202020203c62706d6e64693a42504d4e53686170652069643d2253746172744576656e745f315f6469222062706d6e456c656d656e743d2253746172744576656e745f31223e0a20202020202020203c64633a426f756e647320783d223138302220793d22313630222077696474683d22333622206865696768743d22333622202f3e0a20202020202020203c62706d6e64693a42504d4e4c6162656c3e0a202020202020202020203c64633a426f756e647320783d223138372220793d22323033222077696474683d22323222206865696768743d22313422202f3e0a20202020202020203c2f62706d6e64693a42504d4e4c6162656c3e0a2020202020203c2f62706d6e64693a42504d4e53686170653e0a2020202020203c62706d6e64693a42504d4e53686170652069643d22456e644576656e745f315f6469222062706d6e456c656d656e743d22456e644576656e745f31223e0a20202020202020203c64633a426f756e647320783d223639322220793d22313630222077696474683d22333622206865696768743d22333622202f3e0a20202020202020203c62706d6e64693a42504d4e4c6162656c3e0a202020202020202020203c64633a426f756e647320783d223639392220793d22323033222077696474683d22323222206865696768743d22313422202f3e0a20202020202020203c2f62706d6e64693a42504d4e4c6162656c3e0a2020202020203c2f62706d6e64693a42504d4e53686170653e0a2020202020203c62706d6e64693a42504d4e53686170652069643d2241637469766974795f3131326a75366a5f6469222062706d6e456c656d656e743d2241637469766974795f30396468337a39223e0a20202020202020203c64633a426f756e647320783d223236302220793d22313338222077696474683d2231303022206865696768743d22383022202f3e0a2020202020203c2f62706d6e64693a42504d4e53686170653e0a2020202020203c62706d6e64693a42504d4e53686170652069643d2241637469766974795f30397962666d375f6469222062706d6e456c656d656e743d2241637469766974795f306d7676356863223e0a20202020202020203c64633a426f756e647320783d223431302220793d22313338222077696474683d2231303022206865696768743d22383022202f3e0a2020202020203c2f62706d6e64693a42504d4e53686170653e0a2020202020203c62706d6e64693a42504d4e456467652069643d22466c6f775f315f6469222062706d6e456c656d656e743d22466c6f775f31223e0a20202020202020203c64693a776179706f696e7420783d223231362220793d2231373822202f3e0a20202020202020203c64693a776179706f696e7420783d223236302220793d2231373822202f3e0a2020202020203c2f62706d6e64693a42504d4e456467653e0a2020202020203c62706d6e64693a42504d4e456467652069643d22466c6f775f30756e37686c685f6469222062706d6e456c656d656e743d22466c6f775f30756e37686c68223e0a20202020202020203c64693a776179706f696e7420783d223336302220793d2231373822202f3e0a20202020202020203c64693a776179706f696e7420783d223431302220793d2231373822202f3e0a2020202020203c2f62706d6e64693a42504d4e456467653e0a2020202020203c62706d6e64693a42504d4e456467652069643d22466c6f775f3069336d7167615f6469222062706d6e456c656d656e743d22466c6f775f3069336d716761223e0a20202020202020203c64693a776179706f696e7420783d223531302220793d2231373822202f3e0a20202020202020203c64693a776179706f696e7420783d223639322220793d2231373822202f3e0a2020202020203c2f62706d6e64693a42504d4e456467653e0a202020203c2f62706d6e64693a42504d4e506c616e653e0a20203c2f62706d6e64693a42504d4e4469616772616d3e0a3c2f62706d6e3a646566696e6974696f6e733e0a', false);
INSERT INTO public.act_ge_bytearray (id_, rev_, name_, deployment_id_, bytes_, generated_) VALUES ('1b59cf35-f1f4-11f0-bfbd-f2dbc029a3c2', 1, 'Process_1.Process_1.png', '1b564cc3-f1f4-11f0-bfbd-f2dbc029a3c2', '\x89504e470d0a1a0a0000000d49484452000002e2000000e40806000000dd25410b000010f649444154785eeddddd6f54677e07f07d91aabdccb6bb97b9d9abfd17b6bde9c5ae5a3552762f00bf60909149204aa48002586d521527482d7749c806902a354058b541f18549a3a609845a4a431210091b52b12924e1b51888c16c01870dd3f3504f34796c60b0c1f3cccf9f8ff4958367e69c83e777e67c39399ef9ce7700000000000000000000000000000000000000000000000000000000000000000000000000000000000000000000000000000000000000000000000000000000000000000000000000000000000000000000000000000000000000000000000000000000000000000000000000000000000000000000000000000000000000000000000000000000000000000000000000000000000000000000000000000000000000000000000000000000000000000000000000000000000000000000000000000000000000000000000000000000000000000000000000000000000000000000000000000000000000000000000000000000000000000000000000000000000000000000000000000000000000000000000000000000000000000000000000000000000000000000000000000000000000000000000000000000000000000000000000000000000000000000000000000000000000000000000000000000000000000000000000000000000000000000000000000000000000000000000000000000000000000000008082d46ab53f3a7af4e82befbefbee57bb76edaabdf9e69b32cba97eeed78787874feddebdfb97f9f3d3aecc55eb1371ae002094aa2ceda80ed6b53367ced4ae5cb9521b1f1f97594efab9a79fff9e3d7b2e5605ea81fc396a47e6aaf589385700104a3a63990ed6f9415c663fa74f9f3e5715a6f7f3e7a81d99ab721269ae00209474d980339665243d0f5561ba9a3f47edc85c959348730500a1a46b49f303b7b42ee9f9c89fa37664aeca4a94b90280509a2d4cbfbf70ba76f4837faa1d7aebe91b49ff9dbe97df4f66962885c95c959528730500a13453982e8d9eac7dfcc6dfd63efad7d5df4afa5eba2dbfbf4c3f510a93b92a2b51e60a004269a6301d3f3434a92cd573e2d0ce49f797e9274a6132576525ca5c014028cd14a6ff7a7bfda4a2544fba2dbfbf4c3f510a93b92a2b51e60a004269a6307dfce6da4945a99e745b7e7f997ea21426735556a2cc150084a23095952885c95c959528730500a1345398d2bb59e445a99e745b7e7f997ea21426735556a2cc150084d24c61faf49d172615a57ad26df9fd65fa895298cc555989325700104a3385e9fcc983b58ffffdef2695a5f4bd745b7e7f997ea21426735556a2cc150084d24c614af96cdfd64985297d2fbf9fcc2c510a93b92a2b51e60a004269aa305dbd5afbf43f374e2a4ce97be9b649f79769274a6132576525ca5c014028b72b4ce9130e7ff7ce864965a99e749b4f41bc7b895298cc55598932570010ca4d0bd3d5abb5d39feeaefdf6dffe665249ca93ee93eeeb2ce6cc13a53099abb21265ae002094a90ad3edce56de2cce62ce3c510a93b92a2b51e60a004299aa303573b6f266498fcd9727cd274a6132576525ca5c0140285315a6bc04dd69f2e549f3895298cc55598932570010ca5485495a972885c95c959528730533d1dbdb7b5f6767e7bc8e8e8ee7abafbbaa7c56e57295dac4d7f4e75d13b7cf4bf7cf9701ccd0c58b17ff786868e8e9175e78e1a381818173fdfdfd571e79e491eb69475cbe7cf9b555ab568d3df9e493c79e7efae99dab57affecbea21dfcd971189c25456a21426735556a2cc154c475757d72faa63fc6095f189d2dd6cd2fd07d3e3f3650277e8bdf7de5bfeecb3cf9e5cb66c59ad2adfb51d3b76d4f6efdf5f3b72e448edfcf9f3b5247d4d7f4edf4fb7af59b3e67a5f5fdf7855c8dfe8eeeefe49becc0814a6b212a53099abb21265aee04e5405fa675591de3b45c19e4ef6a6e5e5eb006ee3e0c1837ff5e28b2f9e7af8e1876bafbefa6aedecd9b3374a77b3d2fdd3e3aa42fed5ca952b5fa976c41fe5eb68670a5359895298cc5559893257d08cdedede1f747474fcba2acf37fe6f776356ac5851dbbe7dfb2d4fc4a5dbd3fdf2c7a6e5a5e5a6e5e7eb0432d57ef5fdd75f7f7d2815f02d5bb6d42e5dbaf4ed867d87d2e3d372aa1df0724f4fcfaff2f5b52b85a9ac44294ce6aaac44992bb89daa2cdfdfd5d5f5516381eeeeeeae6ddebcb976e2c489fcd07e4be9fee971e9f15921ff30ad275f3730a1da7feedbb66ddbef1e7df4d1dad1a347f37d6b46d2f2aa727fa5afaf6f205f6f3b5298ca4a94c264aeca4a94b9825ba90af84fab9c6c2ccdebd7afaf1d3f7e3c3f94df91f4f8b49cac8c1f4febcbb701e6bc6a9fb9eff9e79f1f7deaa9a76aa3a3a3f9fe7457a4e5f6f7f75f5ebc78f1d67cfded46612a2b510a93b92a2b51e60a6e66e24cf837253c9dc51e1a1aca0fdf339296979d1d3feecc3834a8f693ef6fdbb6edd354c2d3c1e75e4acb5fb56ad585850b173e996f473b5198ca4a94c264aeca4a94b982a9a46bb61b2f4759b26449edc08103f961fbae48cb4dcb6f28e31fba661c26a46bc21f7becb17b76263c97d6b374e9d2b16a477c30df9676a13095952885c95c95952873055399f8c5cc6fce84dfab125e9796df78663cad3fdf269873aa1de381f48b9977fb9af0db49ebebe9e9199d3f7ffe8ff36d6a070a5359895298cc5559893257909b788bc2afeba578e7ce9df961fa9e48eb69382bfeb5b73664ce4b6f5198ded5a415366edc78aada119fcbb7a91d284c65254a6132576525ca5c41aeb3e17dc2d32f54cea6ec1738f7e6db067346fab09e74367c6c6c2cdf4f66455aefa2458b2eb6e387fe284c65254a6132576525ca5c41a3050b16fcbc5e84d3a522337d77943b95d6d778894ada9e7c1b614e489f9839383898ef23b36aebd6ad47aa1d7173be6da55398ca4a94c264aeca4a94b982469dffffb1f5374a707abfef5648eb6d382b3e986f2384373636f627cb972faf8d8c8ce4fbc7acaad6ff87ea5fc667d6ae5dfbbd7c1b4ba63095952885c95c959528730575d5f1f68755f11daf97e0d93e1b5e97d6db50c4c7d376e5db0aa1bdf6da6b03fdfdfdf9bed1124b972efdbcda11ff34dfc656a8b6e3ed2a7f9e7f3fa7309595d20b93b96acf943e57d0a899d799eaf679f5029c3e8ebe95d2fa1bcaf8bc7c5b21b40d1b36fc76c78e1df97ed1129b366d4a1f7bfb0ff936b642c38bc22d5fd014a6b2527a613257ed99d2e70a1a35f33a537d7f43fd7e2fbffc727e389e5569fd0ddbbc21df56086d6060e0dcfefdfbf3fda2258687870f7674740ce5dbd80a0d2f0ab77c415398ca4ae985c95cb5674a9f2b68d4cceb4c5757d7eefaedfbf6edcb0fc7b32aadbfbe2d69bb1ab713c25bb366cd95d97eeff09b397cf870ba34e5837c1b5b618a17b2295fd014a6b2527a619a629ecc551ba4f4b9824653bcbe4c7a9da9be1eab7fbfd51d20adbf611b8f657f1d886df9f2e5d7bffcf2cb7cbf6889f3e7cf5faa76c293f936b6c2142f60796ebca0294c65a5f4c234c51ce5315705a6f4b9824653bcaee449af33ff5bff73ab3b405a7f7d5bbababac6f2bf0f84b668d1a2dab56bd7f2fda225aaed481f779fbf60141d85a9ace4cf4fbbc65c9595fcf9118994567780b4fe86edf943de5320b465cb965d6bf5bf86ebce9e3dfbdf9de59f117fbbd32504c5a6f4339753cc93b96a83943e57d0688ad79749af33e9cc73fdfbadee00ce8833a73df1c41363adbe3eacee934f3ed9d759ee35e2df2a4a750a535929bd3099abf64ce973058d9a799de9748d3894e1a9a79e3a5ecabba6bcf5d65bbb0a7cd794492f608d14a6b2527a613257ed99d2e70a1a35f33ae35d53a0106bd7aedd59cafb88af5bb72e7ddc6e29ef237ed317b0460a535929bd3099abf64ce973058d9a799de9f43ee25086fefefebf58b366cdf57cc768816bdddddd073b0bf964cd66294c65254a6132576525ca5c415d67419facf9f8e38f5f6f28e23e5993b965eddab5df5bba74e9f8c8c848be6fccaa13274ebc53ed80a7d3f6e4db583285a9ac44294ce6aaac44992ba8ebeeeefe6175cc1daf17e0e3c78fe787e55991d6db50c2c7d376e5db0ae1ad5ebdfa8dc1c1c17cff9855cf3cf3cc6faa9d7073be6da55398ca4a94c264aeca4a94b98246d531375d0e7aa3046fdebc393f2ccf8ab4de86223e986f23cc09d5bf407fd2d7d7f7d5d8d858be8fcc8ad1d1d1f7ab1d70246d47be6da55398ca4a94c264aeca4a94b982460b162cf879bd0457c7df593f2b9ed6d7d5d5f5cd6529697bf26d843963e5ca95af6cd9b225df4f6645b5ee7fa976c2e7f26d6a070a5359895298cc555989325790ab8ebd7beb4578fdfaf5f9e1f99e4aeb6b381bbe37df369853e6cf9fffe3dededecbb3fd7ea2fbf6ed4b97a48ca4f5e7dbd40e14a6b212a53099abb21265ae20d7d5d5f5b3ea18fc75bd10efdcb9333f4cdf13693d0d25fcebb41df9b6c19cd3d3d3f3ab65cb965d191d1dcdf7997b626464e43faa1df08b2a0fe6dbd22e14a6b212a53099abb21265ae602a1d1d1dbfae97e27489ca810307f2c3f55d9596df78494a5a7fbe4d3067f5f5f50df4f7f75f4e079f7be9ead5ab9f543bfc07d5cef8d7f936b41385a9ac44294ce6aaac44992b984a6f6fef0faa42fc61bd182f59b2e49e95f1b4dc6a7ddf9c814feb4debcfb709e6b4c58b176f5db56ad5857b75667c6464644f2ae1d50ef88ff9badb8dc25456a21426735556a2cc15dc4c753cbebfcaf1c633e3434343f9e17b46d2f21acf844faceffe7c5b80cac2850b9fecebeb1bbbdbd78c4f5c137eacddcf84d7294c65254a6132576525ca5cc1ad54c7e59f3696f194f40b95337d3795f4f8ec17336f94f0b4be7c1b8006d58ef2604f4fcfe8c68d1b4f5dba7429dfb7eec8850b17de9b78779491b4dc7c5ded4a612a2b510a93b92a2b51e60a6e279da1ee6cb84c25259d1d4feff77de2c489fcd07e4be9fee971d959f01b97a3a4f5e4eb06a650ed403faa7698e7162d5a74f1a5975e3a72f6ecd96bf9ce760bd74e9e3cf9cec0c0c08d774649cb49cbcbd7d1ce14a6b212a53099abb21265aea019e99aed895fe0cc0b746dc58a15b5eddbb7d7f6efdf5f3b72e448edfcf9f3370ef6e96bfa73fa7eba3dfbd8fa7aaea7e5ba261ca6217dd84eb5136dae8af4c8430f3df4c5a64d9b0e0c0f0f1f3c7cf8f0b173e7cefdbeda0f2f8d8c8c1c3d74e8d0beeaa0f5e6ba75eb06abc71cac1ef33fe971edf8613dcd5098ca4a94c264aeca4a94b9823b31f1d686dfbccff80cb3d75b14c2ddf1dd050b16fc59b543fd7df52fdba16ae74a9f8a59bfa62c7d7d3f7d3fdd9eee97ee9f2f201285a9ac44294ce6aaac44992b988eea78fe8bead83e58657c8a827daba4fb0fa6c7e7cb04b82b14a6b212a53099abb21265ae60267a7b7befab8af5bc8e8e8ee7abafbbaa7c56e5f244e94e5fd39f774ddc3e2fdd3f5f06c05da53095952885c95c959528730500a1284c65254a6132576525ca5c0140280a5359895298cc555989325700108ac25456a21426735556a2cc150084a23095952885c95c959528730500a1284c65254a6132576525ca5c0140280a5359895298cc555989325700108ac25456a21426735556a2cc150084a23095952885c95c959528730500a1284c65254a6132576525ca5c0140280a5359895298cc555989325700108ac25456a21426735556a2cc150084a23095952885c95c959528730500a1284c65254a6132576525ca5c0140280a5359895298cc555989325700108ac25456a21426735556a2cc150084a23095952885c95c959528730500a1ecdab5ebfa952b57261db865f6533d0fa7aac274357f8eda91b92a2791e60a0042191e1e3e75e6cc9949076f99fd7cf1c517ff5c15a6f7f3e7a81d99ab721269ae002094ddbb77ff72cf9e3d174f9f3e7dce19ccd6a4fab99ffefcf3cf7f5395a563551ec89fa37664ae5a9f88730500e1a483743a6356653c5d4b2ab39ef4734f3fff506529fd7d26fe5ee6aa35093957000000000000000000000000000000000000000000000000000004f07f07178e4d89a3c38c0000000049454e44ae426082', true);
INSERT INTO public.act_ge_bytearray (id_, rev_, name_, deployment_id_, bytes_, generated_) VALUES ('2b82026c-f1f4-11f0-bfbd-f2dbc029a3c2', 1, 'fu-20260114-paed3z.bpmn', '2b82026b-f1f4-11f0-bfbd-f2dbc029a3c2', '\x3c3f786d6c2076657273696f6e3d22312e302220656e636f64696e673d225554462d38223f3e0a3c62706d6e3a646566696e6974696f6e7320786d6c6e733a7873693d22687474703a2f2f7777772e77332e6f72672f323030312f584d4c536368656d612d696e7374616e63652220786d6c6e733a62706d6e3d22687474703a2f2f7777772e6f6d672e6f72672f737065632f42504d4e2f32303130303532342f4d4f44454c2220786d6c6e733a62706d6e64693d22687474703a2f2f7777772e6f6d672e6f72672f737065632f42504d4e2f32303130303532342f44492220786d6c6e733a64633d22687474703a2f2f7777772e6f6d672e6f72672f737065632f44442f32303130303532342f44432220786d6c6e733a64693d22687474703a2f2f7777772e6f6d672e6f72672f737065632f44442f32303130303532342f44492220786d6c6e733a637573746f6d3d22687474703a2f2f637573746f6d2e62706d6e2e696f2f736368656d61222069643d22446566696e6974696f6e735f3122207461726765744e616d6573706163653d22687474703a2f2f62706d6e2e696f2f736368656d612f62706d6e223e0a20203c62706d6e3a70726f636573732069643d2250726f636573735f312220697345786563757461626c653d2274727565223e0a202020203c62706d6e3a73746172744576656e742069643d2253746172744576656e745f3122206e616d653d22e5bc80e5a78b223e0a2020202020203c62706d6e3a6f7574676f696e673e466c6f775f313c2f62706d6e3a6f7574676f696e673e0a202020203c2f62706d6e3a73746172744576656e743e0a202020203c62706d6e3a656e644576656e742069643d22456e644576656e745f3122206e616d653d22e7bb93e69d9f223e0a2020202020203c62706d6e3a696e636f6d696e673e466c6f775f3069336d7167613c2f62706d6e3a696e636f6d696e673e0a202020203c2f62706d6e3a656e644576656e743e0a202020203c62706d6e3a73657175656e6365466c6f772069643d22466c6f775f312220736f757263655265663d2253746172744576656e745f3122207461726765745265663d2241637469766974795f30396468337a3922202f3e0a202020203c62706d6e3a757365725461736b2069643d2241637469766974795f30396468337a39223e0a2020202020203c62706d6e3a657874656e73696f6e456c656d656e74733e0a20202020202020203c637573746f6d3a70726f706572746965733e0a202020202020202020203c637573746f6d3a76616c756573206e616d653d22666f726d4964222076616c75653d223722202f3e0a202020202020202020203c637573746f6d3a76616c756573206e616d653d22666f726d4e616d65222076616c75653d2274657374466f726d22202f3e0a202020202020202020203c637573746f6d3a76616c756573206e616d653d22666f726d4964222076616c75653d223722202f3e0a202020202020202020203c637573746f6d3a76616c756573206e616d653d22666f726d4e616d65222076616c75653d2274657374466f726d22202f3e0a202020202020202020203c637573746f6d3a76616c756573206e616d653d22666f726d4964222076616c75653d223722202f3e0a202020202020202020203c637573746f6d3a76616c756573206e616d653d22666f726d4e616d65222076616c75653d2274657374466f726d22202f3e0a202020202020202020203c637573746f6d3a76616c756573206e616d653d2261737369676e656554797065222076616c75653d225649525455414c5f47524f555022202f3e0a202020202020202020203c637573746f6d3a76616c756573206e616d653d2261737369676e656556616c7565222076616c75653d2276672d616c6c2d6d616e616765727322202f3e0a202020202020202020203c637573746f6d3a76616c756573206e616d653d2261737369676e65654c6162656c222076616c75653d22416c6c204d616e616765727322202f3e0a202020202020202020203c637573746f6d3a76616c756573206e616d653d2263616e6469646174655573657273222076616c75653d2222202f3e0a202020202020202020203c637573746f6d3a76616c756573206e616d653d2263616e64696461746547726f757073222076616c75653d2222202f3e0a20202020202020203c2f637573746f6d3a70726f706572746965733e0a2020202020203c2f62706d6e3a657874656e73696f6e456c656d656e74733e0a2020202020203c62706d6e3a696e636f6d696e673e466c6f775f313c2f62706d6e3a696e636f6d696e673e0a2020202020203c62706d6e3a6f7574676f696e673e466c6f775f30756e37686c683c2f62706d6e3a6f7574676f696e673e0a202020203c2f62706d6e3a757365725461736b3e0a202020203c62706d6e3a73657175656e6365466c6f772069643d22466c6f775f30756e37686c682220736f757263655265663d2241637469766974795f30396468337a3922207461726765745265663d2241637469766974795f306d767635686322202f3e0a202020203c62706d6e3a73657175656e6365466c6f772069643d22466c6f775f3069336d7167612220736f757263655265663d2241637469766974795f306d767635686322207461726765745265663d22456e644576656e745f3122202f3e0a202020203c62706d6e3a757365725461736b2069643d2241637469766974795f306d7676356863223e0a2020202020203c62706d6e3a657874656e73696f6e456c656d656e74733e0a20202020202020203c637573746f6d3a70726f706572746965733e0a202020202020202020203c637573746f6d3a76616c756573206e616d653d2261737369676e656554797065222076616c75653d22454e544954595f4d414e4147455222202f3e0a202020202020202020203c637573746f6d3a76616c756573206e616d653d2261737369676e656556616c7565222076616c75653d2222202f3e0a202020202020202020203c637573746f6d3a76616c756573206e616d653d2261737369676e65654c6162656c222076616c75653d22e5ae9ee4bd93e7bb8fe7908622202f3e0a202020202020202020203c637573746f6d3a76616c756573206e616d653d2263616e6469646174655573657273222076616c75653d225361726168204368656e22202f3e0a202020202020202020203c637573746f6d3a76616c756573206e616d653d2263616e64696461746547726f757073222076616c75653d2222202f3e0a202020202020202020203c637573746f6d3a76616c756573206e616d653d22666f726d4964222076616c75653d223722202f3e0a202020202020202020203c637573746f6d3a76616c756573206e616d653d22666f726d4e616d65222076616c75653d2274657374466f726d22202f3e0a20202020202020203c2f637573746f6d3a70726f706572746965733e0a2020202020203c2f62706d6e3a657874656e73696f6e456c656d656e74733e0a2020202020203c62706d6e3a696e636f6d696e673e466c6f775f30756e37686c683c2f62706d6e3a696e636f6d696e673e0a2020202020203c62706d6e3a6f7574676f696e673e466c6f775f3069336d7167613c2f62706d6e3a6f7574676f696e673e0a202020203c2f62706d6e3a757365725461736b3e0a20203c2f62706d6e3a70726f636573733e0a20203c62706d6e64693a42504d4e4469616772616d2069643d2242504d4e4469616772616d5f31223e0a202020203c62706d6e64693a42504d4e506c616e652069643d2242504d4e506c616e655f31222062706d6e456c656d656e743d2250726f636573735f31223e0a2020202020203c62706d6e64693a42504d4e53686170652069643d2253746172744576656e745f315f6469222062706d6e456c656d656e743d2253746172744576656e745f31223e0a20202020202020203c64633a426f756e647320783d223138302220793d22313630222077696474683d22333622206865696768743d22333622202f3e0a20202020202020203c62706d6e64693a42504d4e4c6162656c3e0a202020202020202020203c64633a426f756e647320783d223138372220793d22323033222077696474683d22323222206865696768743d22313422202f3e0a20202020202020203c2f62706d6e64693a42504d4e4c6162656c3e0a2020202020203c2f62706d6e64693a42504d4e53686170653e0a2020202020203c62706d6e64693a42504d4e53686170652069643d22456e644576656e745f315f6469222062706d6e456c656d656e743d22456e644576656e745f31223e0a20202020202020203c64633a426f756e647320783d223639322220793d22313630222077696474683d22333622206865696768743d22333622202f3e0a20202020202020203c62706d6e64693a42504d4e4c6162656c3e0a202020202020202020203c64633a426f756e647320783d223639392220793d22323033222077696474683d22323222206865696768743d22313422202f3e0a20202020202020203c2f62706d6e64693a42504d4e4c6162656c3e0a2020202020203c2f62706d6e64693a42504d4e53686170653e0a2020202020203c62706d6e64693a42504d4e53686170652069643d2241637469766974795f3131326a75366a5f6469222062706d6e456c656d656e743d2241637469766974795f30396468337a39223e0a20202020202020203c64633a426f756e647320783d223236302220793d22313338222077696474683d2231303022206865696768743d22383022202f3e0a2020202020203c2f62706d6e64693a42504d4e53686170653e0a2020202020203c62706d6e64693a42504d4e53686170652069643d2241637469766974795f30397962666d375f6469222062706d6e456c656d656e743d2241637469766974795f306d7676356863223e0a20202020202020203c64633a426f756e647320783d223431302220793d22313338222077696474683d2231303022206865696768743d22383022202f3e0a2020202020203c2f62706d6e64693a42504d4e53686170653e0a2020202020203c62706d6e64693a42504d4e456467652069643d22466c6f775f315f6469222062706d6e456c656d656e743d22466c6f775f31223e0a20202020202020203c64693a776179706f696e7420783d223231362220793d2231373822202f3e0a20202020202020203c64693a776179706f696e7420783d223236302220793d2231373822202f3e0a2020202020203c2f62706d6e64693a42504d4e456467653e0a2020202020203c62706d6e64693a42504d4e456467652069643d22466c6f775f30756e37686c685f6469222062706d6e456c656d656e743d22466c6f775f30756e37686c68223e0a20202020202020203c64693a776179706f696e7420783d223336302220793d2231373822202f3e0a20202020202020203c64693a776179706f696e7420783d223431302220793d2231373822202f3e0a2020202020203c2f62706d6e64693a42504d4e456467653e0a2020202020203c62706d6e64693a42504d4e456467652069643d22466c6f775f3069336d7167615f6469222062706d6e456c656d656e743d22466c6f775f3069336d716761223e0a20202020202020203c64693a776179706f696e7420783d223531302220793d2231373822202f3e0a20202020202020203c64693a776179706f696e7420783d223639322220793d2231373822202f3e0a2020202020203c2f62706d6e64693a42504d4e456467653e0a202020203c2f62706d6e64693a42504d4e506c616e653e0a20203c2f62706d6e64693a42504d4e4469616772616d3e0a3c2f62706d6e3a646566696e6974696f6e733e0a', false);
INSERT INTO public.act_ge_bytearray (id_, rev_, name_, deployment_id_, bytes_, generated_) VALUES ('2b85d2fd-f1f4-11f0-bfbd-f2dbc029a3c2', 1, 'fu-20260114-paed3z.Process_1.png', '2b82026b-f1f4-11f0-bfbd-f2dbc029a3c2', '\x89504e470d0a1a0a0000000d49484452000002e2000000e40806000000dd25410b000010f649444154785eeddddd6f54677e07f07d91aabdccb6bb97b9d9abfd17b6bde9c5ae5a3552762f00bf60909149204aa48002586d521527482d7749c806902a354058b541f18549a3a609845a4a431210091b52b12924e1b51888c16c01870dd3f3504f34796c60b0c1f3cccf9f8ff4958367e69c83e777e67c39399ef9ce7700000000000000000000000000000000000000000000000000000000000000000000000000000000000000000000000000000000000000000000000000000000000000000000000000000000000000000000000000000000000000000000000000000000000000000000000000000000000000000000000000000000000000000000000000000000000000000000000000000000000000000000000000000000000000000000000000000000000000000000000000000000000000000000000000000000000000000000000000000000000000000000000000000000000000000000000000000000000000000000000000000000000000000000000000000000000000000000000000000000000000000000000000000000000000000000000000000000000000000000000000000000000000000000000000000000000000000000000000000000000000000000000000000000000000000000000000000000000000000000000000000000000000000000000000000000000000000000000000000000000000000000008082d46ab53f3a7af4e82befbefbee57bb76edaabdf9e69b32cba97eeed78787874feddebdfb97f9f3d3aecc55eb1371ae002094aa2ceda80ed6b53367ced4ae5cb9521b1f1f97594efab9a79fff9e3d7b2e5605ea81fc396a47e6aaf589385700104a3a63990ed6f9415c663fa74f9f3e5715a6f7f3e7a81d99ab721269ae00209474d980339665243d0f5561ba9a3f47edc85c959348730500a1a46b49f303b7b42ee9f9c89fa37664aeca4a94b90280509a2d4cbfbf70ba76f4837faa1d7aebe91b49ff9dbe97df4f66962885c95c959528730500a13453982e8d9eac7dfcc6dfd63efad7d5df4afa5eba2dbfbf4c3f510a93b92a2b51e60a004269a6301d3f3434a92cd573e2d0ce49f797e9274a6132576525ca5c014028cd14a6ff7a7bfda4a2544fba2dbfbf4c3f510a93b92a2b51e60a004269a6307dfce6da4945a99e745b7e7f997ea21426735556a2cc150084a23095952885c95c959528730500a1345398d2bb59e445a99e745b7e7f997ea21426735556a2cc150084d24c61faf49d172615a57ad26df9fd65fa895298cc555989325700104a3385e9fcc983b58ffffdef2695a5f4bd745b7e7f997ea21426735556a2cc150084d24c614af96cdfd64985297d2fbf9fcc2c510a93b92a2b51e60a004269aa305dbd5afbf43f374e2a4ce97be9b649f79769274a6132576525ca5c014028b72b4ce9130e7ff7ce864965a99e749b4f41bc7b895298cc55598932570010ca4d0bd3d5abb5d39feeaefdf6dffe665249ca93ee93eeeb2ce6cc13a53099abb21265ae002094a90ad3edce56de2cce62ce3c510a93b92a2b51e60a004299aa303573b6f266498fcd9727cd274a6132576525ca5c0140285315a6bc04dd69f2e549f3895298cc55598932570010ca5485495a972885c95c959528730533d1dbdb7b5f6767e7bc8e8e8ee7abafbbaa7c56e57295dac4d7f4e75d13b7cf4bf7cf9701ccd0c58b17ff786868e8e9175e78e1a381818173fdfdfd571e79e491eb69475cbe7cf9b555ab568d3df9e493c79e7efae99dab57affecbea21dfcd971189c25456a21426735556a2cc154c475757d72faa63fc6095f189d2dd6cd2fd07d3e3f3650277e8bdf7de5bfeecb3cf9e5cb66c59ad2adfb51d3b76d4f6efdf5f3b72e448edfcf9f3b5247d4d7f4edf4fb7af59b3e67a5f5fdf7855c8dfe8eeeefe49becc0814a6b212a53099abb21265aee04e5405fa675591de3b45c19e4ef6a6e5e5eb006ee3e0c1837ff5e28b2f9e7af8e1876bafbefa6aedecd9b3374a77b3d2fdd3e3aa42fed5ca952b5fa976c41fe5eb68670a5359895298cc5559893257d08cdedede1f747474fcba2acf37fe6f776356ac5851dbbe7dfb2d4fc4a5dbd3fdf2c7a6e5a5e5a6e5e7eb0432d57ef5fdd75f7f7d2815f02d5bb6d42e5dbaf4ed867d87d2e3d372aa1df0724f4fcfaff2f5b52b85a9ac44294ce6aaac44992bb89daa2cdfdfd5d5f5516381eeeeeeae6ddebcb976e2c489fcd07e4be9fee971e9f15921ff30ad275f3730a1da7feedbb66ddbef1e7df4d1dad1a347f37d6b46d2f2aa727fa5afaf6f205f6f3b5298ca4a94c264aeca4a94b9825ba90af84fab9c6c2ccdebd7afaf1d3f7e3c3f94df91f4f8b49cac8c1f4febcbb701e6bc6a9fb9eff9e79f1f7deaa9a76aa3a3a3f9fe7457a4e5f6f7f75f5ebc78f1d67cfded46612a2b510a93b92a2b51e60a6e66e24cf837253c9dc51e1a1aca0fdf339296979d1d3feecc3834a8f693ef6fdbb6edd354c2d3c1e75e4acb5fb56ad585850b173e996f473b5198ca4a94c264aeca4a94b982a9a46bb61b2f4759b26449edc08103f961fbae48cb4dcb6f28e31fba661c26a46bc21f7becb17b76263c97d6b374e9d2b16a477c30df9676a13095952885c95c95952873055399f8c5cc6fce84dfab125e9796df78663cad3fdf269873aa1de381f48b9977fb9af0db49ebebe9e9199d3f7ffe8ff36d6a070a5359895298cc5559893257909b788bc2afeba578e7ce9df961fa9e48eb69382bfeb5b73664ce4b6f5198ded5a415366edc78aada119fcbb7a91d284c65254a6132576525ca5c41aeb3e17dc2d32f54cea6ec1738f7e6db067346fab09e74367c6c6c2cdf4f66455aefa2458b2eb6e387fe284c65254a6132576525ca5c41a3050b16fcbc5e84d3a522337d77943b95d6d778894ada9e7c1b614e489f9839383898ef23b36aebd6ad47aa1d7173be6da55398ca4a94c264aeca4a94b982469dffffb1f5374a707abfef5648eb6d382b3e986f2384373636f627cb972faf8d8c8ce4fbc7acaad6ff87ea5fc667d6ae5dfbbd7c1b4ba63095952885c95c959528730575d5f1f68755f11daf97e0d93e1b5e97d6db50c4c7d376e5db0aa1bdf6da6b03fdfdfdf9bed1124b972efdbcda11ff34dfc656a8b6e3ed2a7f9e7f3fa7309595d20b93b96acf943e57d0a899d799eaf679f5029c3e8ebe95d2fa1bcaf8bc7c5b21b40d1b36fc76c78e1df97ed1129b366d4a1f7bfb0ff936b642c38bc22d5fd014a6b2527a613257ed99d2e70a1a35f33a537d7f43fd7e2fbffc727e389e5569fd0ddbbc21df56086d6060e0dcfefdfbf3fda2258687870f7674740ce5dbd80a0d2f0ab77c415398ca4ae985c95cb5674a9f2b68d4cceb4c5757d7eefaedfbf6edcb0fc7b32aadbfbe2d69bb1ab713c25bb366cd95d97eeff09b397cf870ba34e5837c1b5b618a17b2295fd014a6b2527a619a629ecc551ba4f4b9824653bcbe4c7a9da9be1eab7fbfd51d20adbf611b8f657f1d886df9f2e5d7bffcf2cb7cbf6889f3e7cf5faa76c293f936b6c2142f60796ebca0294c65a5f4c234c51ce5315705a6f4b9824653bcaee449af33ff5bff73ab3b405a7f7d5bbababac6f2bf0f84b668d1a2dab56bd7f2fda225aaed481f779fbf60141d85a9ace4cf4fbbc65c9595fcf9118994567780b4fe86edf943de5320b465cb965d6bf5bf86ebce9e3dfbdf9de59f117fbbd32504c5a6f4339753cc93b96a83943e57d0688ad79749af33e9cc73fdfbadee00ce8833a73df1c41363adbe3eacee934f3ed9d759ee35e2df2a4a750a535929bd3099abf64ce973058d9a799de9748d3894e1a9a79e3a5ecabba6bcf5d65bbb0a7cd794492f608d14a6b2527a613257ed99d2e70a1a35f33ae35d53a0106bd7aedd59cafb88af5bb72e7ddc6e29ef237ed317b0460a535929bd3099abf64ce973058d9a799de9f43ee25086fefefebf58b366cdf57cc768816bdddddd073b0bf964cd66294c65254a6132576525ca5c415d67419facf9f8e38f5f6f28e23e5993b965eddab5df5bba74e9f8c8c848be6fccaa13274ebc53ed80a7d3f6e4db583285a9ac44294ce6aaac44992ba8ebeeeefe6175cc1daf17e0e3c78fe787e55991d6db50c2c7d376e5db0ae1ad5ebdfa8dc1c1c17cff9855cf3cf3cc6faa9d7073be6da55398ca4a94c264aeca4a94b98246d531375d0e7aa3046fdebc393f2ccf8ab4de86223e986f23cc09d5bf407fd2d7d7f7d5d8d858be8fcc8ad1d1d1f7ab1d70246d47be6da55398ca4a94c264aeca4a94b982460b162cf879bd0457c7df593f2b9ed6d7d5d5f5cd6529697bf26d843963e5ca95af6cd9b225df4f6645b5ee7fa976c2e7f26d6a070a5359895298cc555989325790ab8ebd7beb4578fdfaf5f9e1f99e4aeb6b381bbe37df369853e6cf9fffe3dededecbb3fd7ea2fbf6ed4b97a48ca4f5e7dbd40e14a6b212a53099abb21265ae20d7d5d5f5b3ea18fc75bd10efdcb9333f4cdf13693d0d25fcebb41df9b6c19cd3d3d3f3ab65cb965d191d1dcdf7997b626464e43faa1df08b2a0fe6dbd22e14a6b212a53099abb21265ae602a1d1d1dbfae97e27489ca810307f2c3f55d9596df78494a5a7fbe4d3067f5f5f50df4f7f75f4e079f7be9ead5ab9f543bfc07d5cef8d7f936b41385a9ac44294ce6aaac44992b984a6f6fef0faa42fc61bd182f59b2e49e95f1b4dc6a7ddf9c814feb4debcfb709e6b4c58b176f5db56ad5857b75667c6464644f2ae1d50ef88ff9badb8dc25456a21426735556a2cc15dc4c753cbebfcaf1c633e3434343f9e17b46d2f21acf844faceffe7c5b80cac2850b9fecebeb1bbbdbd78c4f5c137eacddcf84d7294c65254a6132576525ca5cc1ad54c7e59f3696f194f40b95337d3795f4f8ec17336f94f0b4be7c1b8006d58ef2604f4fcfe8c68d1b4f5dba7429dfb7eec8850b17de9b78779491b4dc7c5ded4a612a2b510a93b92a2b51e60a6e279da1ee6cb84c25259d1d4feff77de2c489fcd07e4be9fee971d959f01b97a3a4f5e4eb06a650ed403faa7698e7162d5a74f1a5975e3a72f6ecd96bf9ce760bd74e9e3cf9cec0c0c08d774649cb49cbcbd7d1ce14a6b212a53099abb21265aea019e99aed895fe0cc0b746dc58a15b5eddbb7d7f6efdf5f3b72e448edfcf9f3370ef6e96bfa73fa7eba3dfbd8fa7aaea7e5ba261ca6217dd84eb5136dae8af4c8430f3df4c5a64d9b0e0c0f0f1f3c7cf8f0b173e7cefdbeda0f2f8d8c8c1c3d74e8d0beeaa0f5e6ba75eb06abc71cac1ef33fe971edf8613dcd5098ca4a94c264aeca4a94b9823b31f1d686dfbccff80cb3d75b14c2ddf1dd050b16fc59b543fd7df52fdba16ae74a9f8a59bfa62c7d7d3f7d3fdd9eee97ee9f2f201285a9ac44294ce6aaac44992b988eea78fe8bead83e58657c8a827daba4fb0fa6c7e7cb04b82b14a6b212a53099abb21265ae60267a7b7befab8af5bc8e8e8ee7abafbbaa7c56e5f244e94e5fd39f774ddc3e2fdd3f5f06c05da53095952885c95c959528730500a1284c65254a6132576525ca5c0140280a5359895298cc555989325700108ac25456a21426735556a2cc150084a23095952885c95c959528730500a1284c65254a6132576525ca5c0140280a5359895298cc555989325700108ac25456a21426735556a2cc150084a23095952885c95c959528730500a1284c65254a6132576525ca5c0140280a5359895298cc555989325700108ac25456a21426735556a2cc150084a23095952885c95c959528730500a1284c65254a6132576525ca5c0140280a5359895298cc555989325700108ac25456a21426735556a2cc150084a23095952885c95c959528730500a1ecdab5ebfa952b57261db865f6533d0fa7aac274357f8eda91b92a2791e60a0042191e1e3e75e6cc9949076f99fd7cf1c517ff5c15a6f7f3e7a81d99ab721269ae002094ddbb77ff72cf9e3d174f9f3e7dce19ccd6a4fab99ffefcf3cf7f5395a563551ec89fa37664ae5a9f88730500e1a483743a6356653c5d4b2ab39ef4734f3fff506529fd7d26fe5ee6aa35093957000000000000000000000000000000000000000000000000000004f07f07178e4d89a3c38c0000000049454e44ae426082', true);
INSERT INTO public.act_ge_bytearray (id_, rev_, name_, deployment_id_, bytes_, generated_) VALUES ('5d2adeb5-f1f4-11f0-bfbd-f2dbc029a3c2', 1, 'Process_1.bpmn', '5d2adeb4-f1f4-11f0-bfbd-f2dbc029a3c2', '\x3c3f786d6c2076657273696f6e3d22312e302220656e636f64696e673d225554462d38223f3e0a3c62706d6e3a646566696e6974696f6e7320786d6c6e733a7873693d22687474703a2f2f7777772e77332e6f72672f323030312f584d4c536368656d612d696e7374616e63652220786d6c6e733a62706d6e3d22687474703a2f2f7777772e6f6d672e6f72672f737065632f42504d4e2f32303130303532342f4d4f44454c2220786d6c6e733a62706d6e64693d22687474703a2f2f7777772e6f6d672e6f72672f737065632f42504d4e2f32303130303532342f44492220786d6c6e733a64633d22687474703a2f2f7777772e6f6d672e6f72672f737065632f44442f32303130303532342f44432220786d6c6e733a64693d22687474703a2f2f7777772e6f6d672e6f72672f737065632f44442f32303130303532342f44492220786d6c6e733a637573746f6d3d22687474703a2f2f637573746f6d2e62706d6e2e696f2f736368656d61222069643d22446566696e6974696f6e735f3122207461726765744e616d6573706163653d22687474703a2f2f62706d6e2e696f2f736368656d612f62706d6e223e0a20203c62706d6e3a70726f636573732069643d2250726f636573735f312220697345786563757461626c653d2274727565223e0a202020203c62706d6e3a73746172744576656e742069643d2253746172744576656e745f3122206e616d653d22e5bc80e5a78b223e0a2020202020203c62706d6e3a6f7574676f696e673e466c6f775f313c2f62706d6e3a6f7574676f696e673e0a202020203c2f62706d6e3a73746172744576656e743e0a202020203c62706d6e3a656e644576656e742069643d22456e644576656e745f3122206e616d653d22e7bb93e69d9f223e0a2020202020203c62706d6e3a696e636f6d696e673e466c6f775f3069336d7167613c2f62706d6e3a696e636f6d696e673e0a202020203c2f62706d6e3a656e644576656e743e0a202020203c62706d6e3a73657175656e6365466c6f772069643d22466c6f775f312220736f757263655265663d2253746172744576656e745f3122207461726765745265663d2241637469766974795f30396468337a3922202f3e0a202020203c62706d6e3a757365725461736b2069643d2241637469766974795f30396468337a39223e0a2020202020203c62706d6e3a657874656e73696f6e456c656d656e74733e0a20202020202020203c637573746f6d3a70726f706572746965733e0a202020202020202020203c637573746f6d3a76616c756573206e616d653d22666f726d4964222076616c75653d223722202f3e0a202020202020202020203c637573746f6d3a76616c756573206e616d653d22666f726d4e616d65222076616c75653d2274657374466f726d22202f3e0a202020202020202020203c637573746f6d3a76616c756573206e616d653d22666f726d4964222076616c75653d223722202f3e0a202020202020202020203c637573746f6d3a76616c756573206e616d653d22666f726d4e616d65222076616c75653d2274657374466f726d22202f3e0a202020202020202020203c637573746f6d3a76616c756573206e616d653d22666f726d4964222076616c75653d223722202f3e0a202020202020202020203c637573746f6d3a76616c756573206e616d653d22666f726d4e616d65222076616c75653d2274657374466f726d22202f3e0a202020202020202020203c637573746f6d3a76616c756573206e616d653d2261737369676e656554797065222076616c75653d22494e49544941544f5222202f3e0a202020202020202020203c637573746f6d3a76616c756573206e616d653d2261737369676e656556616c7565222076616c75653d2222202f3e0a202020202020202020203c637573746f6d3a76616c756573206e616d653d2261737369676e65654c6162656c222076616c75653d22e6b581e7a88be58f91e8b5b7e4baba22202f3e0a202020202020202020203c637573746f6d3a76616c756573206e616d653d2263616e6469646174655573657273222076616c75653d2222202f3e0a202020202020202020203c637573746f6d3a76616c756573206e616d653d2263616e64696461746547726f757073222076616c75653d2222202f3e0a20202020202020203c2f637573746f6d3a70726f706572746965733e0a2020202020203c2f62706d6e3a657874656e73696f6e456c656d656e74733e0a2020202020203c62706d6e3a696e636f6d696e673e466c6f775f313c2f62706d6e3a696e636f6d696e673e0a2020202020203c62706d6e3a6f7574676f696e673e466c6f775f30756e37686c683c2f62706d6e3a6f7574676f696e673e0a202020203c2f62706d6e3a757365725461736b3e0a202020203c62706d6e3a73657175656e6365466c6f772069643d22466c6f775f30756e37686c682220736f757263655265663d2241637469766974795f30396468337a3922207461726765745265663d2241637469766974795f306d767635686322202f3e0a202020203c62706d6e3a73657175656e6365466c6f772069643d22466c6f775f3069336d7167612220736f757263655265663d2241637469766974795f306d767635686322207461726765745265663d22456e644576656e745f3122202f3e0a202020203c62706d6e3a757365725461736b2069643d2241637469766974795f306d7676356863223e0a2020202020203c62706d6e3a657874656e73696f6e456c656d656e74733e0a20202020202020203c637573746f6d3a70726f706572746965733e0a202020202020202020203c637573746f6d3a76616c756573206e616d653d2261737369676e656554797065222076616c75653d22494e49544941544f5222202f3e0a202020202020202020203c637573746f6d3a76616c756573206e616d653d2261737369676e656556616c7565222076616c75653d2222202f3e0a202020202020202020203c637573746f6d3a76616c756573206e616d653d2261737369676e65654c6162656c222076616c75653d22e6b581e7a88be58f91e8b5b7e4baba22202f3e0a202020202020202020203c637573746f6d3a76616c756573206e616d653d2263616e6469646174655573657273222076616c75653d2222202f3e0a202020202020202020203c637573746f6d3a76616c756573206e616d653d2263616e64696461746547726f757073222076616c75653d2222202f3e0a202020202020202020203c637573746f6d3a76616c756573206e616d653d22666f726d4964222076616c75653d223722202f3e0a202020202020202020203c637573746f6d3a76616c756573206e616d653d22666f726d4e616d65222076616c75653d2274657374466f726d22202f3e0a20202020202020203c2f637573746f6d3a70726f706572746965733e0a2020202020203c2f62706d6e3a657874656e73696f6e456c656d656e74733e0a2020202020203c62706d6e3a696e636f6d696e673e466c6f775f30756e37686c683c2f62706d6e3a696e636f6d696e673e0a2020202020203c62706d6e3a6f7574676f696e673e466c6f775f3069336d7167613c2f62706d6e3a6f7574676f696e673e0a202020203c2f62706d6e3a757365725461736b3e0a20203c2f62706d6e3a70726f636573733e0a20203c62706d6e64693a42504d4e4469616772616d2069643d2242504d4e4469616772616d5f31223e0a202020203c62706d6e64693a42504d4e506c616e652069643d2242504d4e506c616e655f31222062706d6e456c656d656e743d2250726f636573735f31223e0a2020202020203c62706d6e64693a42504d4e53686170652069643d2253746172744576656e745f315f6469222062706d6e456c656d656e743d2253746172744576656e745f31223e0a20202020202020203c64633a426f756e647320783d223138302220793d22313630222077696474683d22333622206865696768743d22333622202f3e0a20202020202020203c62706d6e64693a42504d4e4c6162656c3e0a202020202020202020203c64633a426f756e647320783d223138372220793d22323033222077696474683d22323222206865696768743d22313422202f3e0a20202020202020203c2f62706d6e64693a42504d4e4c6162656c3e0a2020202020203c2f62706d6e64693a42504d4e53686170653e0a2020202020203c62706d6e64693a42504d4e53686170652069643d22456e644576656e745f315f6469222062706d6e456c656d656e743d22456e644576656e745f31223e0a20202020202020203c64633a426f756e647320783d223639322220793d22313630222077696474683d22333622206865696768743d22333622202f3e0a20202020202020203c62706d6e64693a42504d4e4c6162656c3e0a202020202020202020203c64633a426f756e647320783d223639392220793d22323033222077696474683d22323222206865696768743d22313422202f3e0a20202020202020203c2f62706d6e64693a42504d4e4c6162656c3e0a2020202020203c2f62706d6e64693a42504d4e53686170653e0a2020202020203c62706d6e64693a42504d4e53686170652069643d2241637469766974795f3131326a75366a5f6469222062706d6e456c656d656e743d2241637469766974795f30396468337a39223e0a20202020202020203c64633a426f756e647320783d223236302220793d22313338222077696474683d2231303022206865696768743d22383022202f3e0a2020202020203c2f62706d6e64693a42504d4e53686170653e0a2020202020203c62706d6e64693a42504d4e53686170652069643d2241637469766974795f30397962666d375f6469222062706d6e456c656d656e743d2241637469766974795f306d7676356863223e0a20202020202020203c64633a426f756e647320783d223431302220793d22313338222077696474683d2231303022206865696768743d22383022202f3e0a2020202020203c2f62706d6e64693a42504d4e53686170653e0a2020202020203c62706d6e64693a42504d4e456467652069643d22466c6f775f315f6469222062706d6e456c656d656e743d22466c6f775f31223e0a20202020202020203c64693a776179706f696e7420783d223231362220793d2231373822202f3e0a20202020202020203c64693a776179706f696e7420783d223236302220793d2231373822202f3e0a2020202020203c2f62706d6e64693a42504d4e456467653e0a2020202020203c62706d6e64693a42504d4e456467652069643d22466c6f775f30756e37686c685f6469222062706d6e456c656d656e743d22466c6f775f30756e37686c68223e0a20202020202020203c64693a776179706f696e7420783d223336302220793d2231373822202f3e0a20202020202020203c64693a776179706f696e7420783d223431302220793d2231373822202f3e0a2020202020203c2f62706d6e64693a42504d4e456467653e0a2020202020203c62706d6e64693a42504d4e456467652069643d22466c6f775f3069336d7167615f6469222062706d6e456c656d656e743d22466c6f775f3069336d716761223e0a20202020202020203c64693a776179706f696e7420783d223531302220793d2231373822202f3e0a20202020202020203c64693a776179706f696e7420783d223639322220793d2231373822202f3e0a2020202020203c2f62706d6e64693a42504d4e456467653e0a202020203c2f62706d6e64693a42504d4e506c616e653e0a20203c2f62706d6e64693a42504d4e4469616772616d3e0a3c2f62706d6e3a646566696e6974696f6e733e0a', false);
INSERT INTO public.act_ge_bytearray (id_, rev_, name_, deployment_id_, bytes_, generated_) VALUES ('5d2e6126-f1f4-11f0-bfbd-f2dbc029a3c2', 1, 'Process_1.Process_1.png', '5d2adeb4-f1f4-11f0-bfbd-f2dbc029a3c2', '\x89504e470d0a1a0a0000000d49484452000002e2000000e40806000000dd25410b000010f649444154785eeddddd6f54677e07f07d91aabdccb6bb97b9d9abfd17b6bde9c5ae5a3552762f00bf60909149204aa48002586d521527482d7749c806902a354058b541f18549a3a609845a4a431210091b52b12924e1b51888c16c01870dd3f3504f34796c60b0c1f3cccf9f8ff4958367e69c83e777e67c39399ef9ce7700000000000000000000000000000000000000000000000000000000000000000000000000000000000000000000000000000000000000000000000000000000000000000000000000000000000000000000000000000000000000000000000000000000000000000000000000000000000000000000000000000000000000000000000000000000000000000000000000000000000000000000000000000000000000000000000000000000000000000000000000000000000000000000000000000000000000000000000000000000000000000000000000000000000000000000000000000000000000000000000000000000000000000000000000000000000000000000000000000000000000000000000000000000000000000000000000000000000000000000000000000000000000000000000000000000000000000000000000000000000000000000000000000000000000000000000000000000000000000000000000000000000000000000000000000000000000000000000000000000000000000000008082d46ab53f3a7af4e82befbefbee57bb76edaabdf9e69b32cba97eeed78787874feddebdfb97f9f3d3aecc55eb1371ae002094aa2ceda80ed6b53367ced4ae5cb9521b1f1f97594efab9a79fff9e3d7b2e5605ea81fc396a47e6aaf589385700104a3a63990ed6f9415c663fa74f9f3e5715a6f7f3e7a81d99ab721269ae00209474d980339665243d0f5561ba9a3f47edc85c959348730500a1a46b49f303b7b42ee9f9c89fa37664aeca4a94b90280509a2d4cbfbf70ba76f4837faa1d7aebe91b49ff9dbe97df4f66962885c95c959528730500a13453982e8d9eac7dfcc6dfd63efad7d5df4afa5eba2dbfbf4c3f510a93b92a2b51e60a004269a6301d3f3434a92cd573e2d0ce49f797e9274a6132576525ca5c014028cd14a6ff7a7bfda4a2544fba2dbfbf4c3f510a93b92a2b51e60a004269a6307dfce6da4945a99e745b7e7f997ea21426735556a2cc150084a23095952885c95c959528730500a1345398d2bb59e445a99e745b7e7f997ea21426735556a2cc150084d24c61faf49d172615a57ad26df9fd65fa895298cc555989325700104a3385e9fcc983b58ffffdef2695a5f4bd745b7e7f997ea21426735556a2cc150084d24c614af96cdfd64985297d2fbf9fcc2c510a93b92a2b51e60a004269aa305dbd5afbf43f374e2a4ce97be9b649f79769274a6132576525ca5c014028b72b4ce9130e7ff7ce864965a99e749b4f41bc7b895298cc55598932570010ca4d0bd3d5abb5d39feeaefdf6dffe665249ca93ee93eeeb2ce6cc13a53099abb21265ae002094a90ad3edce56de2cce62ce3c510a93b92a2b51e60a004299aa303573b6f266498fcd9727cd274a6132576525ca5c0140285315a6bc04dd69f2e549f3895298cc55598932570010ca5485495a972885c95c959528730533d1dbdb7b5f6767e7bc8e8e8ee7abafbbaa7c56e57295dac4d7f4e75d13b7cf4bf7cf9701ccd0c58b17ff786868e8e9175e78e1a381818173fdfdfd571e79e491eb69475cbe7cf9b555ab568d3df9e493c79e7efae99dab57affecbea21dfcd971189c25456a21426735556a2cc154c475757d72faa63fc6095f189d2dd6cd2fd07d3e3f3650277e8bdf7de5bfeecb3cf9e5cb66c59ad2adfb51d3b76d4f6efdf5f3b72e448edfcf9f3b5247d4d7f4edf4fb7af59b3e67a5f5fdf7855c8dfe8eeeefe49becc0814a6b212a53099abb21265aee04e5405fa675591de3b45c19e4ef6a6e5e5eb006ee3e0c1837ff5e28b2f9e7af8e1876bafbefa6aedecd9b3374a77b3d2fdd3e3aa42fed5ca952b5fa976c41fe5eb68670a5359895298cc5559893257d08cdedede1f747474fcba2acf37fe6f776356ac5851dbbe7dfb2d4fc4a5dbd3fdf2c7a6e5a5e5a6e5e7eb0432d57ef5fdd75f7f7d2815f02d5bb6d42e5dbaf4ed867d87d2e3d372aa1df0724f4fcfaff2f5b52b85a9ac44294ce6aaac44992bb89daa2cdfdfd5d5f5516381eeeeeeae6ddebcb976e2c489fcd07e4be9fee971e9f15921ff30ad275f3730a1da7feedbb66ddbef1e7df4d1dad1a347f37d6b46d2f2aa727fa5afaf6f205f6f3b5298ca4a94c264aeca4a94b9825ba90af84fab9c6c2ccdebd7afaf1d3f7e3c3f94df91f4f8b49cac8c1f4febcbb701e6bc6a9fb9eff9e79f1f7deaa9a76aa3a3a3f9fe7457a4e5f6f7f75f5ebc78f1d67cfded46612a2b510a93b92a2b51e60a6e66e24cf837253c9dc51e1a1aca0fdf339296979d1d3feecc3834a8f693ef6fdbb6edd354c2d3c1e75e4acb5fb56ad585850b173e996f473b5198ca4a94c264aeca4a94b982a9a46bb61b2f4759b26449edc08103f961fbae48cb4dcb6f28e31fba661c26a46bc21f7becb17b76263c97d6b374e9d2b16a477c30df9676a13095952885c95c95952873055399f8c5cc6fce84dfab125e9796df78663cad3fdf269873aa1de381f48b9977fb9af0db49ebebe9e9199d3f7ffe8ff36d6a070a5359895298cc5559893257909b788bc2afeba578e7ce9df961fa9e48eb69382bfeb5b73664ce4b6f5198ded5a415366edc78aada119fcbb7a91d284c65254a6132576525ca5c41aeb3e17dc2d32f54cea6ec1738f7e6db067346fab09e74367c6c6c2cdf4f66455aefa2458b2eb6e387fe284c65254a6132576525ca5c41a3050b16fcbc5e84d3a522337d77943b95d6d778894ada9e7c1b614e489f9839383898ef23b36aebd6ad47aa1d7173be6da55398ca4a94c264aeca4a94b982469dffffb1f5374a707abfef5648eb6d382b3e986f2384373636f627cb972faf8d8c8ce4fbc7acaad6ff87ea5fc667d6ae5dfbbd7c1b4ba63095952885c95c959528730575d5f1f68755f11daf97e0d93e1b5e97d6db50c4c7d376e5db0aa1bdf6da6b03fdfdfdf9bed1124b972efdbcda11ff34dfc656a8b6e3ed2a7f9e7f3fa7309595d20b93b96acf943e57d0a899d799eaf679f5029c3e8ebe95d2fa1bcaf8bc7c5b21b40d1b36fc76c78e1df97ed1129b366d4a1f7bfb0ff936b642c38bc22d5fd014a6b2527a613257ed99d2e70a1a35f33a537d7f43fd7e2fbffc727e389e5569fd0ddbbc21df56086d6060e0dcfefdfbf3fda2258687870f7674740ce5dbd80a0d2f0ab77c415398ca4ae985c95cb5674a9f2b68d4cceb4c5757d7eefaedfbf6edcb0fc7b32aadbfbe2d69bb1ab713c25bb366cd95d97eeff09b397cf870ba34e5837c1b5b618a17b2295fd014a6b2527a619a629ecc551ba4f4b9824653bcbe4c7a9da9be1eab7fbfd51d20adbf611b8f657f1d886df9f2e5d7bffcf2cb7cbf6889f3e7cf5faa76c293f936b6c2142f60796ebca0294c65a5f4c234c51ce5315705a6f4b9824653bcaee449af33ff5bff73ab3b405a7f7d5bbababac6f2bf0f84b668d1a2dab56bd7f2fda225aaed481f779fbf60141d85a9ace4cf4fbbc65c9595fcf9118994567780b4fe86edf943de5320b465cb965d6bf5bf86ebce9e3dfbdf9de59f117fbbd32504c5a6f4339753cc93b96a83943e57d0688ad79749af33e9cc73fdfbadee00ce8833a73df1c41363adbe3eacee934f3ed9d759ee35e2df2a4a750a535929bd3099abf64ce973058d9a799de9748d3894e1a9a79e3a5ecabba6bcf5d65bbb0a7cd794492f608d14a6b2527a613257ed99d2e70a1a35f33ae35d53a0106bd7aedd59cafb88af5bb72e7ddc6e29ef237ed317b0460a535929bd3099abf64ce973058d9a799de9f43ee25086fefefebf58b366cdf57cc768816bdddddd073b0bf964cd66294c65254a6132576525ca5c415d67419facf9f8e38f5f6f28e23e5993b965eddab5df5bba74e9f8c8c848be6fccaa13274ebc53ed80a7d3f6e4db583285a9ac44294ce6aaac44992ba8ebeeeefe6175cc1daf17e0e3c78fe787e55991d6db50c2c7d376e5db0ae1ad5ebdfa8dc1c1c17cff9855cf3cf3cc6faa9d7073be6da55398ca4a94c264aeca4a94b98246d531375d0e7aa3046fdebc393f2ccf8ab4de86223e986f23cc09d5bf407fd2d7d7f7d5d8d858be8fcc8ad1d1d1f7ab1d70246d47be6da55398ca4a94c264aeca4a94b982460b162cf879bd0457c7df593f2b9ed6d7d5d5f5cd6529697bf26d843963e5ca95af6cd9b225df4f6645b5ee7fa976c2e7f26d6a070a5359895298cc555989325790ab8ebd7beb4578fdfaf5f9e1f99e4aeb6b381bbe37df369853e6cf9fffe3dededecbb3fd7ea2fbf6ed4b97a48ca4f5e7dbd40e14a6b212a53099abb21265ae20d7d5d5f5b3ea18fc75bd10efdcb9333f4cdf13693d0d25fcebb41df9b6c19cd3d3d3f3ab65cb965d191d1dcdf7997b626464e43faa1df08b2a0fe6dbd22e14a6b212a53099abb21265ae602a1d1d1dbfae97e27489ca810307f2c3f55d9596df78494a5a7fbe4d3067f5f5f50df4f7f75f4e079f7be9ead5ab9f543bfc07d5cef8d7f936b41385a9ac44294ce6aaac44992b984a6f6fef0faa42fc61bd182f59b2e49e95f1b4dc6a7ddf9c814feb4debcfb709e6b4c58b176f5db56ad5857b75667c6464644f2ae1d50ef88ff9badb8dc25456a21426735556a2cc15dc4c753cbebfcaf1c633e3434343f9e17b46d2f21acf844faceffe7c5b80cac2850b9fecebeb1bbbdbd78c4f5c137eacddcf84d7294c65254a6132576525ca5cc1ad54c7e59f3696f194f40b95337d3795f4f8ec17336f94f0b4be7c1b8006d58ef2604f4fcfe8c68d1b4f5dba7429dfb7eec8850b17de9b78779491b4dc7c5ded4a612a2b510a93b92a2b51e60a6e279da1ee6cb84c25259d1d4feff77de2c489fcd07e4be9fee971d959f01b97a3a4f5e4eb06a650ed403faa7698e7162d5a74f1a5975e3a72f6ecd96bf9ce760bd74e9e3cf9cec0c0c08d774649cb49cbcbd7d1ce14a6b212a53099abb21265aea019e99aed895fe0cc0b746dc58a15b5eddbb7d7f6efdf5f3b72e448edfcf9f3370ef6e96bfa73fa7eba3dfbd8fa7aaea7e5ba261ca6217dd84eb5136dae8af4c8430f3df4c5a64d9b0e0c0f0f1f3c7cf8f0b173e7cefdbeda0f2f8d8c8c1c3d74e8d0beeaa0f5e6ba75eb06abc71cac1ef33fe971edf8613dcd5098ca4a94c264aeca4a94b9823b31f1d686dfbccff80cb3d75b14c2ddf1dd050b16fc59b543fd7df52fdba16ae74a9f8a59bfa62c7d7d3f7d3fdd9eee97ee9f2f201285a9ac44294ce6aaac44992b988eea78fe8bead83e58657c8a827daba4fb0fa6c7e7cb04b82b14a6b212a53099abb21265ae60267a7b7befab8af5bc8e8e8ee7abafbbaa7c56e5f244e94e5fd39f774ddc3e2fdd3f5f06c05da53095952885c95c959528730500a1284c65254a6132576525ca5c0140280a5359895298cc555989325700108ac25456a21426735556a2cc150084a23095952885c95c959528730500a1284c65254a6132576525ca5c0140280a5359895298cc555989325700108ac25456a21426735556a2cc150084a23095952885c95c959528730500a1284c65254a6132576525ca5c0140280a5359895298cc555989325700108ac25456a21426735556a2cc150084a23095952885c95c959528730500a1284c65254a6132576525ca5c0140280a5359895298cc555989325700108ac25456a21426735556a2cc150084a23095952885c95c959528730500a1ecdab5ebfa952b57261db865f6533d0fa7aac274357f8eda91b92a2791e60a0042191e1e3e75e6cc9949076f99fd7cf1c517ff5c15a6f7f3e7a81d99ab721269ae002094ddbb77ff72cf9e3d174f9f3e7dce19ccd6a4fab99ffefcf3cf7f5395a563551ec89fa37664ae5a9f88730500e1a483743a6356653c5d4b2ab39ef4734f3fff506529fd7d26fe5ee6aa35093957000000000000000000000000000000000000000000000000000004f07f07178e4d89a3c38c0000000049454e44ae426082', true);
INSERT INTO public.act_ge_bytearray (id_, rev_, name_, deployment_id_, bytes_, generated_) VALUES ('6f5634ed-f1f4-11f0-bfbd-f2dbc029a3c2', 1, 'fu-20260114-paed3z.bpmn', '6f5634ec-f1f4-11f0-bfbd-f2dbc029a3c2', '\x3c3f786d6c2076657273696f6e3d22312e302220656e636f64696e673d225554462d38223f3e0a3c62706d6e3a646566696e6974696f6e7320786d6c6e733a7873693d22687474703a2f2f7777772e77332e6f72672f323030312f584d4c536368656d612d696e7374616e63652220786d6c6e733a62706d6e3d22687474703a2f2f7777772e6f6d672e6f72672f737065632f42504d4e2f32303130303532342f4d4f44454c2220786d6c6e733a62706d6e64693d22687474703a2f2f7777772e6f6d672e6f72672f737065632f42504d4e2f32303130303532342f44492220786d6c6e733a64633d22687474703a2f2f7777772e6f6d672e6f72672f737065632f44442f32303130303532342f44432220786d6c6e733a64693d22687474703a2f2f7777772e6f6d672e6f72672f737065632f44442f32303130303532342f44492220786d6c6e733a637573746f6d3d22687474703a2f2f637573746f6d2e62706d6e2e696f2f736368656d61222069643d22446566696e6974696f6e735f3122207461726765744e616d6573706163653d22687474703a2f2f62706d6e2e696f2f736368656d612f62706d6e223e0a20203c62706d6e3a70726f636573732069643d2250726f636573735f312220697345786563757461626c653d2274727565223e0a202020203c62706d6e3a73746172744576656e742069643d2253746172744576656e745f3122206e616d653d22e5bc80e5a78b223e0a2020202020203c62706d6e3a6f7574676f696e673e466c6f775f313c2f62706d6e3a6f7574676f696e673e0a202020203c2f62706d6e3a73746172744576656e743e0a202020203c62706d6e3a656e644576656e742069643d22456e644576656e745f3122206e616d653d22e7bb93e69d9f223e0a2020202020203c62706d6e3a696e636f6d696e673e466c6f775f3069336d7167613c2f62706d6e3a696e636f6d696e673e0a202020203c2f62706d6e3a656e644576656e743e0a202020203c62706d6e3a73657175656e6365466c6f772069643d22466c6f775f312220736f757263655265663d2253746172744576656e745f3122207461726765745265663d2241637469766974795f30396468337a3922202f3e0a202020203c62706d6e3a757365725461736b2069643d2241637469766974795f30396468337a39223e0a2020202020203c62706d6e3a657874656e73696f6e456c656d656e74733e0a20202020202020203c637573746f6d3a70726f706572746965733e0a202020202020202020203c637573746f6d3a76616c756573206e616d653d22666f726d4964222076616c75653d223722202f3e0a202020202020202020203c637573746f6d3a76616c756573206e616d653d22666f726d4e616d65222076616c75653d2274657374466f726d22202f3e0a202020202020202020203c637573746f6d3a76616c756573206e616d653d22666f726d4964222076616c75653d223722202f3e0a202020202020202020203c637573746f6d3a76616c756573206e616d653d22666f726d4e616d65222076616c75653d2274657374466f726d22202f3e0a202020202020202020203c637573746f6d3a76616c756573206e616d653d22666f726d4964222076616c75653d223722202f3e0a202020202020202020203c637573746f6d3a76616c756573206e616d653d22666f726d4e616d65222076616c75653d2274657374466f726d22202f3e0a202020202020202020203c637573746f6d3a76616c756573206e616d653d2261737369676e656554797065222076616c75653d22494e49544941544f5222202f3e0a202020202020202020203c637573746f6d3a76616c756573206e616d653d2261737369676e656556616c7565222076616c75653d2222202f3e0a202020202020202020203c637573746f6d3a76616c756573206e616d653d2261737369676e65654c6162656c222076616c75653d22e6b581e7a88be58f91e8b5b7e4baba22202f3e0a202020202020202020203c637573746f6d3a76616c756573206e616d653d2263616e6469646174655573657273222076616c75653d2222202f3e0a202020202020202020203c637573746f6d3a76616c756573206e616d653d2263616e64696461746547726f757073222076616c75653d2222202f3e0a20202020202020203c2f637573746f6d3a70726f706572746965733e0a2020202020203c2f62706d6e3a657874656e73696f6e456c656d656e74733e0a2020202020203c62706d6e3a696e636f6d696e673e466c6f775f313c2f62706d6e3a696e636f6d696e673e0a2020202020203c62706d6e3a6f7574676f696e673e466c6f775f30756e37686c683c2f62706d6e3a6f7574676f696e673e0a202020203c2f62706d6e3a757365725461736b3e0a202020203c62706d6e3a73657175656e6365466c6f772069643d22466c6f775f30756e37686c682220736f757263655265663d2241637469766974795f30396468337a3922207461726765745265663d2241637469766974795f306d767635686322202f3e0a202020203c62706d6e3a73657175656e6365466c6f772069643d22466c6f775f3069336d7167612220736f757263655265663d2241637469766974795f306d767635686322207461726765745265663d22456e644576656e745f3122202f3e0a202020203c62706d6e3a757365725461736b2069643d2241637469766974795f306d7676356863223e0a2020202020203c62706d6e3a657874656e73696f6e456c656d656e74733e0a20202020202020203c637573746f6d3a70726f706572746965733e0a202020202020202020203c637573746f6d3a76616c756573206e616d653d2261737369676e656554797065222076616c75653d22494e49544941544f5222202f3e0a202020202020202020203c637573746f6d3a76616c756573206e616d653d2261737369676e656556616c7565222076616c75653d2222202f3e0a202020202020202020203c637573746f6d3a76616c756573206e616d653d2261737369676e65654c6162656c222076616c75653d22e6b581e7a88be58f91e8b5b7e4baba22202f3e0a202020202020202020203c637573746f6d3a76616c756573206e616d653d2263616e6469646174655573657273222076616c75653d2222202f3e0a202020202020202020203c637573746f6d3a76616c756573206e616d653d2263616e64696461746547726f757073222076616c75653d2222202f3e0a202020202020202020203c637573746f6d3a76616c756573206e616d653d22666f726d4964222076616c75653d223722202f3e0a202020202020202020203c637573746f6d3a76616c756573206e616d653d22666f726d4e616d65222076616c75653d2274657374466f726d22202f3e0a20202020202020203c2f637573746f6d3a70726f706572746965733e0a2020202020203c2f62706d6e3a657874656e73696f6e456c656d656e74733e0a2020202020203c62706d6e3a696e636f6d696e673e466c6f775f30756e37686c683c2f62706d6e3a696e636f6d696e673e0a2020202020203c62706d6e3a6f7574676f696e673e466c6f775f3069336d7167613c2f62706d6e3a6f7574676f696e673e0a202020203c2f62706d6e3a757365725461736b3e0a20203c2f62706d6e3a70726f636573733e0a20203c62706d6e64693a42504d4e4469616772616d2069643d2242504d4e4469616772616d5f31223e0a202020203c62706d6e64693a42504d4e506c616e652069643d2242504d4e506c616e655f31222062706d6e456c656d656e743d2250726f636573735f31223e0a2020202020203c62706d6e64693a42504d4e53686170652069643d2253746172744576656e745f315f6469222062706d6e456c656d656e743d2253746172744576656e745f31223e0a20202020202020203c64633a426f756e647320783d223138302220793d22313630222077696474683d22333622206865696768743d22333622202f3e0a20202020202020203c62706d6e64693a42504d4e4c6162656c3e0a202020202020202020203c64633a426f756e647320783d223138372220793d22323033222077696474683d22323222206865696768743d22313422202f3e0a20202020202020203c2f62706d6e64693a42504d4e4c6162656c3e0a2020202020203c2f62706d6e64693a42504d4e53686170653e0a2020202020203c62706d6e64693a42504d4e53686170652069643d22456e644576656e745f315f6469222062706d6e456c656d656e743d22456e644576656e745f31223e0a20202020202020203c64633a426f756e647320783d223639322220793d22313630222077696474683d22333622206865696768743d22333622202f3e0a20202020202020203c62706d6e64693a42504d4e4c6162656c3e0a202020202020202020203c64633a426f756e647320783d223639392220793d22323033222077696474683d22323222206865696768743d22313422202f3e0a20202020202020203c2f62706d6e64693a42504d4e4c6162656c3e0a2020202020203c2f62706d6e64693a42504d4e53686170653e0a2020202020203c62706d6e64693a42504d4e53686170652069643d2241637469766974795f3131326a75366a5f6469222062706d6e456c656d656e743d2241637469766974795f30396468337a39223e0a20202020202020203c64633a426f756e647320783d223236302220793d22313338222077696474683d2231303022206865696768743d22383022202f3e0a2020202020203c2f62706d6e64693a42504d4e53686170653e0a2020202020203c62706d6e64693a42504d4e53686170652069643d2241637469766974795f30397962666d375f6469222062706d6e456c656d656e743d2241637469766974795f306d7676356863223e0a20202020202020203c64633a426f756e647320783d223431302220793d22313338222077696474683d2231303022206865696768743d22383022202f3e0a2020202020203c2f62706d6e64693a42504d4e53686170653e0a2020202020203c62706d6e64693a42504d4e456467652069643d22466c6f775f315f6469222062706d6e456c656d656e743d22466c6f775f31223e0a20202020202020203c64693a776179706f696e7420783d223231362220793d2231373822202f3e0a20202020202020203c64693a776179706f696e7420783d223236302220793d2231373822202f3e0a2020202020203c2f62706d6e64693a42504d4e456467653e0a2020202020203c62706d6e64693a42504d4e456467652069643d22466c6f775f30756e37686c685f6469222062706d6e456c656d656e743d22466c6f775f30756e37686c68223e0a20202020202020203c64693a776179706f696e7420783d223336302220793d2231373822202f3e0a20202020202020203c64693a776179706f696e7420783d223431302220793d2231373822202f3e0a2020202020203c2f62706d6e64693a42504d4e456467653e0a2020202020203c62706d6e64693a42504d4e456467652069643d22466c6f775f3069336d7167615f6469222062706d6e456c656d656e743d22466c6f775f3069336d716761223e0a20202020202020203c64693a776179706f696e7420783d223531302220793d2231373822202f3e0a20202020202020203c64693a776179706f696e7420783d223639322220793d2231373822202f3e0a2020202020203c2f62706d6e64693a42504d4e456467653e0a202020203c2f62706d6e64693a42504d4e506c616e653e0a20203c2f62706d6e64693a42504d4e4469616772616d3e0a3c2f62706d6e3a646566696e6974696f6e733e0a', false);
INSERT INTO public.act_ge_bytearray (id_, rev_, name_, deployment_id_, bytes_, generated_) VALUES ('6f5a539e-f1f4-11f0-bfbd-f2dbc029a3c2', 1, 'fu-20260114-paed3z.Process_1.png', '6f5634ec-f1f4-11f0-bfbd-f2dbc029a3c2', '\x89504e470d0a1a0a0000000d49484452000002e2000000e40806000000dd25410b000010f649444154785eeddddd6f54677e07f07d91aabdccb6bb97b9d9abfd17b6bde9c5ae5a3552762f00bf60909149204aa48002586d521527482d7749c806902a354058b541f18549a3a609845a4a431210091b52b12924e1b51888c16c01870dd3f3504f34796c60b0c1f3cccf9f8ff4958367e69c83e777e67c39399ef9ce7700000000000000000000000000000000000000000000000000000000000000000000000000000000000000000000000000000000000000000000000000000000000000000000000000000000000000000000000000000000000000000000000000000000000000000000000000000000000000000000000000000000000000000000000000000000000000000000000000000000000000000000000000000000000000000000000000000000000000000000000000000000000000000000000000000000000000000000000000000000000000000000000000000000000000000000000000000000000000000000000000000000000000000000000000000000000000000000000000000000000000000000000000000000000000000000000000000000000000000000000000000000000000000000000000000000000000000000000000000000000000000000000000000000000000000000000000000000000000000000000000000000000000000000000000000000000000000000000000000000000000000000008082d46ab53f3a7af4e82befbefbee57bb76edaabdf9e69b32cba97eeed78787874feddebdfb97f9f3d3aecc55eb1371ae002094aa2ceda80ed6b53367ced4ae5cb9521b1f1f97594efab9a79fff9e3d7b2e5605ea81fc396a47e6aaf589385700104a3a63990ed6f9415c663fa74f9f3e5715a6f7f3e7a81d99ab721269ae00209474d980339665243d0f5561ba9a3f47edc85c959348730500a1a46b49f303b7b42ee9f9c89fa37664aeca4a94b90280509a2d4cbfbf70ba76f4837faa1d7aebe91b49ff9dbe97df4f66962885c95c959528730500a13453982e8d9eac7dfcc6dfd63efad7d5df4afa5eba2dbfbf4c3f510a93b92a2b51e60a004269a6301d3f3434a92cd573e2d0ce49f797e9274a6132576525ca5c014028cd14a6ff7a7bfda4a2544fba2dbfbf4c3f510a93b92a2b51e60a004269a6307dfce6da4945a99e745b7e7f997ea21426735556a2cc150084a23095952885c95c959528730500a1345398d2bb59e445a99e745b7e7f997ea21426735556a2cc150084d24c61faf49d172615a57ad26df9fd65fa895298cc555989325700104a3385e9fcc983b58ffffdef2695a5f4bd745b7e7f997ea21426735556a2cc150084d24c614af96cdfd64985297d2fbf9fcc2c510a93b92a2b51e60a004269aa305dbd5afbf43f374e2a4ce97be9b649f79769274a6132576525ca5c014028b72b4ce9130e7ff7ce864965a99e749b4f41bc7b895298cc55598932570010ca4d0bd3d5abb5d39feeaefdf6dffe665249ca93ee93eeeb2ce6cc13a53099abb21265ae002094a90ad3edce56de2cce62ce3c510a93b92a2b51e60a004299aa303573b6f266498fcd9727cd274a6132576525ca5c0140285315a6bc04dd69f2e549f3895298cc55598932570010ca5485495a972885c95c959528730533d1dbdb7b5f6767e7bc8e8e8ee7abafbbaa7c56e57295dac4d7f4e75d13b7cf4bf7cf9701ccd0c58b17ff786868e8e9175e78e1a381818173fdfdfd571e79e491eb69475cbe7cf9b555ab568d3df9e493c79e7efae99dab57affecbea21dfcd971189c25456a21426735556a2cc154c475757d72faa63fc6095f189d2dd6cd2fd07d3e3f3650277e8bdf7de5bfeecb3cf9e5cb66c59ad2adfb51d3b76d4f6efdf5f3b72e448edfcf9f3b5247d4d7f4edf4fb7af59b3e67a5f5fdf7855c8dfe8eeeefe49becc0814a6b212a53099abb21265aee04e5405fa675591de3b45c19e4ef6a6e5e5eb006ee3e0c1837ff5e28b2f9e7af8e1876bafbefa6aedecd9b3374a77b3d2fdd3e3aa42fed5ca952b5fa976c41fe5eb68670a5359895298cc5559893257d08cdedede1f747474fcba2acf37fe6f776356ac5851dbbe7dfb2d4fc4a5dbd3fdf2c7a6e5a5e5a6e5e7eb0432d57ef5fdd75f7f7d2815f02d5bb6d42e5dbaf4ed867d87d2e3d372aa1df0724f4fcfaff2f5b52b85a9ac44294ce6aaac44992bb89daa2cdfdfd5d5f5516381eeeeeeae6ddebcb976e2c489fcd07e4be9fee971e9f15921ff30ad275f3730a1da7feedbb66ddbef1e7df4d1dad1a347f37d6b46d2f2aa727fa5afaf6f205f6f3b5298ca4a94c264aeca4a94b9825ba90af84fab9c6c2ccdebd7afaf1d3f7e3c3f94df91f4f8b49cac8c1f4febcbb701e6bc6a9fb9eff9e79f1f7deaa9a76aa3a3a3f9fe7457a4e5f6f7f75f5ebc78f1d67cfded46612a2b510a93b92a2b51e60a6e66e24cf837253c9dc51e1a1aca0fdf339296979d1d3feecc3834a8f693ef6fdbb6edd354c2d3c1e75e4acb5fb56ad585850b173e996f473b5198ca4a94c264aeca4a94b982a9a46bb61b2f4759b26449edc08103f961fbae48cb4dcb6f28e31fba661c26a46bc21f7becb17b76263c97d6b374e9d2b16a477c30df9676a13095952885c95c95952873055399f8c5cc6fce84dfab125e9796df78663cad3fdf269873aa1de381f48b9977fb9af0db49ebebe9e9199d3f7ffe8ff36d6a070a5359895298cc5559893257909b788bc2afeba578e7ce9df961fa9e48eb69382bfeb5b73664ce4b6f5198ded5a415366edc78aada119fcbb7a91d284c65254a6132576525ca5c41aeb3e17dc2d32f54cea6ec1738f7e6db067346fab09e74367c6c6c2cdf4f66455aefa2458b2eb6e387fe284c65254a6132576525ca5c41a3050b16fcbc5e84d3a522337d77943b95d6d778894ada9e7c1b614e489f9839383898ef23b36aebd6ad47aa1d7173be6da55398ca4a94c264aeca4a94b982469dffffb1f5374a707abfef5648eb6d382b3e986f2384373636f627cb972faf8d8c8ce4fbc7acaad6ff87ea5fc667d6ae5dfbbd7c1b4ba63095952885c95c959528730575d5f1f68755f11daf97e0d93e1b5e97d6db50c4c7d376e5db0aa1bdf6da6b03fdfdfdf9bed1124b972efdbcda11ff34dfc656a8b6e3ed2a7f9e7f3fa7309595d20b93b96acf943e57d0a899d799eaf679f5029c3e8ebe95d2fa1bcaf8bc7c5b21b40d1b36fc76c78e1df97ed1129b366d4a1f7bfb0ff936b642c38bc22d5fd014a6b2527a613257ed99d2e70a1a35f33a537d7f43fd7e2fbffc727e389e5569fd0ddbbc21df56086d6060e0dcfefdfbf3fda2258687870f7674740ce5dbd80a0d2f0ab77c415398ca4ae985c95cb5674a9f2b68d4cceb4c5757d7eefaedfbf6edcb0fc7b32aadbfbe2d69bb1ab713c25bb366cd95d97eeff09b397cf870ba34e5837c1b5b618a17b2295fd014a6b2527a619a629ecc551ba4f4b9824653bcbe4c7a9da9be1eab7fbfd51d20adbf611b8f657f1d886df9f2e5d7bffcf2cb7cbf6889f3e7cf5faa76c293f936b6c2142f60796ebca0294c65a5f4c234c51ce5315705a6f4b9824653bcaee449af33ff5bff73ab3b405a7f7d5bbababac6f2bf0f84b668d1a2dab56bd7f2fda225aaed481f779fbf60141d85a9ace4cf4fbbc65c9595fcf9118994567780b4fe86edf943de5320b465cb965d6bf5bf86ebce9e3dfbdf9de59f117fbbd32504c5a6f4339753cc93b96a83943e57d0688ad79749af33e9cc73fdfbadee00ce8833a73df1c41363adbe3eacee934f3ed9d759ee35e2df2a4a750a535929bd3099abf64ce973058d9a799de9748d3894e1a9a79e3a5ecabba6bcf5d65bbb0a7cd794492f608d14a6b2527a613257ed99d2e70a1a35f33ae35d53a0106bd7aedd59cafb88af5bb72e7ddc6e29ef237ed317b0460a535929bd3099abf64ce973058d9a799de9f43ee25086fefefebf58b366cdf57cc768816bdddddd073b0bf964cd66294c65254a6132576525ca5c415d67419facf9f8e38f5f6f28e23e5993b965eddab5df5bba74e9f8c8c848be6fccaa13274ebc53ed80a7d3f6e4db583285a9ac44294ce6aaac44992ba8ebeeeefe6175cc1daf17e0e3c78fe787e55991d6db50c2c7d376e5db0ae1ad5ebdfa8dc1c1c17cff9855cf3cf3cc6faa9d7073be6da55398ca4a94c264aeca4a94b98246d531375d0e7aa3046fdebc393f2ccf8ab4de86223e986f23cc09d5bf407fd2d7d7f7d5d8d858be8fcc8ad1d1d1f7ab1d70246d47be6da55398ca4a94c264aeca4a94b982460b162cf879bd0457c7df593f2b9ed6d7d5d5f5cd6529697bf26d843963e5ca95af6cd9b225df4f6645b5ee7fa976c2e7f26d6a070a5359895298cc555989325790ab8ebd7beb4578fdfaf5f9e1f99e4aeb6b381bbe37df369853e6cf9fffe3dededecbb3fd7ea2fbf6ed4b97a48ca4f5e7dbd40e14a6b212a53099abb21265ae20d7d5d5f5b3ea18fc75bd10efdcb9333f4cdf13693d0d25fcebb41df9b6c19cd3d3d3f3ab65cb965d191d1dcdf7997b626464e43faa1df08b2a0fe6dbd22e14a6b212a53099abb21265ae602a1d1d1dbfae97e27489ca810307f2c3f55d9596df78494a5a7fbe4d3067f5f5f50df4f7f75f4e079f7be9ead5ab9f543bfc07d5cef8d7f936b41385a9ac44294ce6aaac44992b984a6f6fef0faa42fc61bd182f59b2e49e95f1b4dc6a7ddf9c814feb4debcfb709e6b4c58b176f5db56ad5857b75667c6464644f2ae1d50ef88ff9badb8dc25456a21426735556a2cc15dc4c753cbebfcaf1c633e3434343f9e17b46d2f21acf844faceffe7c5b80cac2850b9fecebeb1bbbdbd78c4f5c137eacddcf84d7294c65254a6132576525ca5cc1ad54c7e59f3696f194f40b95337d3795f4f8ec17336f94f0b4be7c1b8006d58ef2604f4fcfe8c68d1b4f5dba7429dfb7eec8850b17de9b78779491b4dc7c5ded4a612a2b510a93b92a2b51e60a6e279da1ee6cb84c25259d1d4feff77de2c489fcd07e4be9fee971d959f01b97a3a4f5e4eb06a650ed403faa7698e7162d5a74f1a5975e3a72f6ecd96bf9ce760bd74e9e3cf9cec0c0c08d774649cb49cbcbd7d1ce14a6b212a53099abb21265aea019e99aed895fe0cc0b746dc58a15b5eddbb7d7f6efdf5f3b72e448edfcf9f3370ef6e96bfa73fa7eba3dfbd8fa7aaea7e5ba261ca6217dd84eb5136dae8af4c8430f3df4c5a64d9b0e0c0f0f1f3c7cf8f0b173e7cefdbeda0f2f8d8c8c1c3d74e8d0beeaa0f5e6ba75eb06abc71cac1ef33fe971edf8613dcd5098ca4a94c264aeca4a94b9823b31f1d686dfbccff80cb3d75b14c2ddf1dd050b16fc59b543fd7df52fdba16ae74a9f8a59bfa62c7d7d3f7d3fdd9eee97ee9f2f201285a9ac44294ce6aaac44992b988eea78fe8bead83e58657c8a827daba4fb0fa6c7e7cb04b82b14a6b212a53099abb21265ae60267a7b7befab8af5bc8e8e8ee7abafbbaa7c56e5f244e94e5fd39f774ddc3e2fdd3f5f06c05da53095952885c95c959528730500a1284c65254a6132576525ca5c0140280a5359895298cc555989325700108ac25456a21426735556a2cc150084a23095952885c95c959528730500a1284c65254a6132576525ca5c0140280a5359895298cc555989325700108ac25456a21426735556a2cc150084a23095952885c95c959528730500a1284c65254a6132576525ca5c0140280a5359895298cc555989325700108ac25456a21426735556a2cc150084a23095952885c95c959528730500a1284c65254a6132576525ca5c0140280a5359895298cc555989325700108ac25456a21426735556a2cc150084a23095952885c95c959528730500a1ecdab5ebfa952b57261db865f6533d0fa7aac274357f8eda91b92a2791e60a0042191e1e3e75e6cc9949076f99fd7cf1c517ff5c15a6f7f3e7a81d99ab721269ae002094ddbb77ff72cf9e3d174f9f3e7dce19ccd6a4fab99ffefcf3cf7f5395a563551ec89fa37664ae5a9f88730500e1a483743a6356653c5d4b2ab39ef4734f3fff506529fd7d26fe5ee6aa35093957000000000000000000000000000000000000000000000000000004f07f07178e4d89a3c38c0000000049454e44ae426082', true);
INSERT INTO public.act_ge_bytearray (id_, rev_, name_, deployment_id_, bytes_, generated_) VALUES ('9c5df45f-f1f5-11f0-bfbd-f2dbc029a3c2', 1, 'Process_1.bpmn', '9c5df45e-f1f5-11f0-bfbd-f2dbc029a3c2', '\x3c3f786d6c2076657273696f6e3d22312e302220656e636f64696e673d225554462d38223f3e0a3c62706d6e3a646566696e6974696f6e7320786d6c6e733a7873693d22687474703a2f2f7777772e77332e6f72672f323030312f584d4c536368656d612d696e7374616e63652220786d6c6e733a62706d6e3d22687474703a2f2f7777772e6f6d672e6f72672f737065632f42504d4e2f32303130303532342f4d4f44454c2220786d6c6e733a62706d6e64693d22687474703a2f2f7777772e6f6d672e6f72672f737065632f42504d4e2f32303130303532342f44492220786d6c6e733a64633d22687474703a2f2f7777772e6f6d672e6f72672f737065632f44442f32303130303532342f44432220786d6c6e733a64693d22687474703a2f2f7777772e6f6d672e6f72672f737065632f44442f32303130303532342f44492220786d6c6e733a637573746f6d3d22687474703a2f2f637573746f6d2e62706d6e2e696f2f736368656d61222069643d22446566696e6974696f6e735f3122207461726765744e616d6573706163653d22687474703a2f2f62706d6e2e696f2f736368656d612f62706d6e223e0a20203c62706d6e3a70726f636573732069643d2250726f636573735f312220697345786563757461626c653d2274727565223e0a202020203c62706d6e3a73746172744576656e742069643d2253746172744576656e745f3122206e616d653d22e5bc80e5a78b223e0a2020202020203c62706d6e3a6f7574676f696e673e466c6f775f313c2f62706d6e3a6f7574676f696e673e0a202020203c2f62706d6e3a73746172744576656e743e0a202020203c62706d6e3a656e644576656e742069643d22456e644576656e745f3122206e616d653d22e7bb93e69d9f223e0a2020202020203c62706d6e3a696e636f6d696e673e466c6f775f3069336d7167613c2f62706d6e3a696e636f6d696e673e0a202020203c2f62706d6e3a656e644576656e743e0a202020203c62706d6e3a73657175656e6365466c6f772069643d22466c6f775f312220736f757263655265663d2253746172744576656e745f3122207461726765745265663d2241637469766974795f30396468337a3922202f3e0a202020203c62706d6e3a757365725461736b2069643d2241637469766974795f30396468337a39223e0a2020202020203c62706d6e3a657874656e73696f6e456c656d656e74733e0a20202020202020203c637573746f6d3a70726f706572746965733e0a202020202020202020203c637573746f6d3a76616c756573206e616d653d22666f726d4964222076616c75653d223722202f3e0a202020202020202020203c637573746f6d3a76616c756573206e616d653d22666f726d4e616d65222076616c75653d2274657374466f726d22202f3e0a202020202020202020203c637573746f6d3a76616c756573206e616d653d22666f726d4964222076616c75653d223722202f3e0a202020202020202020203c637573746f6d3a76616c756573206e616d653d22666f726d4e616d65222076616c75653d2274657374466f726d22202f3e0a202020202020202020203c637573746f6d3a76616c756573206e616d653d22666f726d4964222076616c75653d223722202f3e0a202020202020202020203c637573746f6d3a76616c756573206e616d653d22666f726d4e616d65222076616c75653d2274657374466f726d22202f3e0a202020202020202020203c637573746f6d3a76616c756573206e616d653d2261737369676e656554797065222076616c75653d2246495845445f4445505422202f3e0a202020202020202020203c637573746f6d3a76616c756573206e616d653d2261737369676e656556616c7565222076616c75653d22444550542d485222202f3e0a202020202020202020203c637573746f6d3a76616c756573206e616d653d2261737369676e65654c6162656c222076616c75653d2248756d616e205265736f757263657322202f3e0a202020202020202020203c637573746f6d3a76616c756573206e616d653d2263616e6469646174655573657273222076616c75653d2222202f3e0a202020202020202020203c637573746f6d3a76616c756573206e616d653d2263616e64696461746547726f757073222076616c75653d2222202f3e0a20202020202020203c2f637573746f6d3a70726f706572746965733e0a2020202020203c2f62706d6e3a657874656e73696f6e456c656d656e74733e0a2020202020203c62706d6e3a696e636f6d696e673e466c6f775f313c2f62706d6e3a696e636f6d696e673e0a2020202020203c62706d6e3a6f7574676f696e673e466c6f775f30756e37686c683c2f62706d6e3a6f7574676f696e673e0a202020203c2f62706d6e3a757365725461736b3e0a202020203c62706d6e3a73657175656e6365466c6f772069643d22466c6f775f30756e37686c682220736f757263655265663d2241637469766974795f30396468337a3922207461726765745265663d2241637469766974795f306d767635686322202f3e0a202020203c62706d6e3a73657175656e6365466c6f772069643d22466c6f775f3069336d7167612220736f757263655265663d2241637469766974795f306d767635686322207461726765745265663d22456e644576656e745f3122202f3e0a202020203c62706d6e3a757365725461736b2069643d2241637469766974795f306d7676356863223e0a2020202020203c62706d6e3a657874656e73696f6e456c656d656e74733e0a20202020202020203c637573746f6d3a70726f706572746965733e0a202020202020202020203c637573746f6d3a76616c756573206e616d653d2261737369676e656554797065222076616c75653d2246495845445f4445505422202f3e0a202020202020202020203c637573746f6d3a76616c756573206e616d653d2261737369676e656556616c7565222076616c75653d22444550542d434f52502d42414e4b494e4722202f3e0a202020202020202020203c637573746f6d3a76616c756573206e616d653d2261737369676e65654c6162656c222076616c75653d22436f72706f726174652042616e6b696e6722202f3e0a202020202020202020203c637573746f6d3a76616c756573206e616d653d2263616e6469646174655573657273222076616c75653d2222202f3e0a202020202020202020203c637573746f6d3a76616c756573206e616d653d2263616e64696461746547726f757073222076616c75653d2222202f3e0a202020202020202020203c637573746f6d3a76616c756573206e616d653d22666f726d4964222076616c75653d223722202f3e0a202020202020202020203c637573746f6d3a76616c756573206e616d653d22666f726d4e616d65222076616c75653d2274657374466f726d22202f3e0a20202020202020203c2f637573746f6d3a70726f706572746965733e0a2020202020203c2f62706d6e3a657874656e73696f6e456c656d656e74733e0a2020202020203c62706d6e3a696e636f6d696e673e466c6f775f30756e37686c683c2f62706d6e3a696e636f6d696e673e0a2020202020203c62706d6e3a6f7574676f696e673e466c6f775f3069336d7167613c2f62706d6e3a6f7574676f696e673e0a202020203c2f62706d6e3a757365725461736b3e0a20203c2f62706d6e3a70726f636573733e0a20203c62706d6e64693a42504d4e4469616772616d2069643d2242504d4e4469616772616d5f31223e0a202020203c62706d6e64693a42504d4e506c616e652069643d2242504d4e506c616e655f31222062706d6e456c656d656e743d2250726f636573735f31223e0a2020202020203c62706d6e64693a42504d4e53686170652069643d2253746172744576656e745f315f6469222062706d6e456c656d656e743d2253746172744576656e745f31223e0a20202020202020203c64633a426f756e647320783d223138302220793d22313630222077696474683d22333622206865696768743d22333622202f3e0a20202020202020203c62706d6e64693a42504d4e4c6162656c3e0a202020202020202020203c64633a426f756e647320783d223138372220793d22323033222077696474683d22323222206865696768743d22313422202f3e0a20202020202020203c2f62706d6e64693a42504d4e4c6162656c3e0a2020202020203c2f62706d6e64693a42504d4e53686170653e0a2020202020203c62706d6e64693a42504d4e53686170652069643d22456e644576656e745f315f6469222062706d6e456c656d656e743d22456e644576656e745f31223e0a20202020202020203c64633a426f756e647320783d223639322220793d22313630222077696474683d22333622206865696768743d22333622202f3e0a20202020202020203c62706d6e64693a42504d4e4c6162656c3e0a202020202020202020203c64633a426f756e647320783d223639392220793d22323033222077696474683d22323222206865696768743d22313422202f3e0a20202020202020203c2f62706d6e64693a42504d4e4c6162656c3e0a2020202020203c2f62706d6e64693a42504d4e53686170653e0a2020202020203c62706d6e64693a42504d4e53686170652069643d2241637469766974795f3131326a75366a5f6469222062706d6e456c656d656e743d2241637469766974795f30396468337a39223e0a20202020202020203c64633a426f756e647320783d223236302220793d22313338222077696474683d2231303022206865696768743d22383022202f3e0a2020202020203c2f62706d6e64693a42504d4e53686170653e0a2020202020203c62706d6e64693a42504d4e53686170652069643d2241637469766974795f30397962666d375f6469222062706d6e456c656d656e743d2241637469766974795f306d7676356863223e0a20202020202020203c64633a426f756e647320783d223431302220793d22313338222077696474683d2231303022206865696768743d22383022202f3e0a2020202020203c2f62706d6e64693a42504d4e53686170653e0a2020202020203c62706d6e64693a42504d4e456467652069643d22466c6f775f315f6469222062706d6e456c656d656e743d22466c6f775f31223e0a20202020202020203c64693a776179706f696e7420783d223231362220793d2231373822202f3e0a20202020202020203c64693a776179706f696e7420783d223236302220793d2231373822202f3e0a2020202020203c2f62706d6e64693a42504d4e456467653e0a2020202020203c62706d6e64693a42504d4e456467652069643d22466c6f775f30756e37686c685f6469222062706d6e456c656d656e743d22466c6f775f30756e37686c68223e0a20202020202020203c64693a776179706f696e7420783d223336302220793d2231373822202f3e0a20202020202020203c64693a776179706f696e7420783d223431302220793d2231373822202f3e0a2020202020203c2f62706d6e64693a42504d4e456467653e0a2020202020203c62706d6e64693a42504d4e456467652069643d22466c6f775f3069336d7167615f6469222062706d6e456c656d656e743d22466c6f775f3069336d716761223e0a20202020202020203c64693a776179706f696e7420783d223531302220793d2231373822202f3e0a20202020202020203c64693a776179706f696e7420783d223639322220793d2231373822202f3e0a2020202020203c2f62706d6e64693a42504d4e456467653e0a202020203c2f62706d6e64693a42504d4e506c616e653e0a20203c2f62706d6e64693a42504d4e4469616772616d3e0a3c2f62706d6e3a646566696e6974696f6e733e0a', false);
INSERT INTO public.act_ge_bytearray (id_, rev_, name_, deployment_id_, bytes_, generated_) VALUES ('9c6101a0-f1f5-11f0-bfbd-f2dbc029a3c2', 1, 'Process_1.Process_1.png', '9c5df45e-f1f5-11f0-bfbd-f2dbc029a3c2', '\x89504e470d0a1a0a0000000d49484452000002e2000000e40806000000dd25410b000010f649444154785eeddddd6f54677e07f07d91aabdccb6bb97b9d9abfd17b6bde9c5ae5a3552762f00bf60909149204aa48002586d521527482d7749c806902a354058b541f18549a3a609845a4a431210091b52b12924e1b51888c16c01870dd3f3504f34796c60b0c1f3cccf9f8ff4958367e69c83e777e67c39399ef9ce7700000000000000000000000000000000000000000000000000000000000000000000000000000000000000000000000000000000000000000000000000000000000000000000000000000000000000000000000000000000000000000000000000000000000000000000000000000000000000000000000000000000000000000000000000000000000000000000000000000000000000000000000000000000000000000000000000000000000000000000000000000000000000000000000000000000000000000000000000000000000000000000000000000000000000000000000000000000000000000000000000000000000000000000000000000000000000000000000000000000000000000000000000000000000000000000000000000000000000000000000000000000000000000000000000000000000000000000000000000000000000000000000000000000000000000000000000000000000000000000000000000000000000000000000000000000000000000000000000000000000000000000008082d46ab53f3a7af4e82befbefbee57bb76edaabdf9e69b32cba97eeed78787874feddebdfb97f9f3d3aecc55eb1371ae002094aa2ceda80ed6b53367ced4ae5cb9521b1f1f97594efab9a79fff9e3d7b2e5605ea81fc396a47e6aaf589385700104a3a63990ed6f9415c663fa74f9f3e5715a6f7f3e7a81d99ab721269ae00209474d980339665243d0f5561ba9a3f47edc85c959348730500a1a46b49f303b7b42ee9f9c89fa37664aeca4a94b90280509a2d4cbfbf70ba76f4837faa1d7aebe91b49ff9dbe97df4f66962885c95c959528730500a13453982e8d9eac7dfcc6dfd63efad7d5df4afa5eba2dbfbf4c3f510a93b92a2b51e60a004269a6301d3f3434a92cd573e2d0ce49f797e9274a6132576525ca5c014028cd14a6ff7a7bfda4a2544fba2dbfbf4c3f510a93b92a2b51e60a004269a6307dfce6da4945a99e745b7e7f997ea21426735556a2cc150084a23095952885c95c959528730500a1345398d2bb59e445a99e745b7e7f997ea21426735556a2cc150084d24c61faf49d172615a57ad26df9fd65fa895298cc555989325700104a3385e9fcc983b58ffffdef2695a5f4bd745b7e7f997ea21426735556a2cc150084d24c614af96cdfd64985297d2fbf9fcc2c510a93b92a2b51e60a004269aa305dbd5afbf43f374e2a4ce97be9b649f79769274a6132576525ca5c014028b72b4ce9130e7ff7ce864965a99e749b4f41bc7b895298cc55598932570010ca4d0bd3d5abb5d39feeaefdf6dffe665249ca93ee93eeeb2ce6cc13a53099abb21265ae002094a90ad3edce56de2cce62ce3c510a93b92a2b51e60a004299aa303573b6f266498fcd9727cd274a6132576525ca5c0140285315a6bc04dd69f2e549f3895298cc55598932570010ca5485495a972885c95c959528730533d1dbdb7b5f6767e7bc8e8e8ee7abafbbaa7c56e57295dac4d7f4e75d13b7cf4bf7cf9701ccd0c58b17ff786868e8e9175e78e1a381818173fdfdfd571e79e491eb69475cbe7cf9b555ab568d3df9e493c79e7efae99dab57affecbea21dfcd971189c25456a21426735556a2cc154c475757d72faa63fc6095f189d2dd6cd2fd07d3e3f3650277e8bdf7de5bfeecb3cf9e5cb66c59ad2adfb51d3b76d4f6efdf5f3b72e448edfcf9f3b5247d4d7f4edf4fb7af59b3e67a5f5fdf7855c8dfe8eeeefe49becc0814a6b212a53099abb21265aee04e5405fa675591de3b45c19e4ef6a6e5e5eb006ee3e0c1837ff5e28b2f9e7af8e1876bafbefa6aedecd9b3374a77b3d2fdd3e3aa42fed5ca952b5fa976c41fe5eb68670a5359895298cc5559893257d08cdedede1f747474fcba2acf37fe6f776356ac5851dbbe7dfb2d4fc4a5dbd3fdf2c7a6e5a5e5a6e5e7eb0432d57ef5fdd75f7f7d2815f02d5bb6d42e5dbaf4ed867d87d2e3d372aa1df0724f4fcfaff2f5b52b85a9ac44294ce6aaac44992bb89daa2cdfdfd5d5f5516381eeeeeeae6ddebcb976e2c489fcd07e4be9fee971e9f15921ff30ad275f3730a1da7feedbb66ddbef1e7df4d1dad1a347f37d6b46d2f2aa727fa5afaf6f205f6f3b5298ca4a94c264aeca4a94b9825ba90af84fab9c6c2ccdebd7afaf1d3f7e3c3f94df91f4f8b49cac8c1f4febcbb701e6bc6a9fb9eff9e79f1f7deaa9a76aa3a3a3f9fe7457a4e5f6f7f75f5ebc78f1d67cfded46612a2b510a93b92a2b51e60a6e66e24cf837253c9dc51e1a1aca0fdf339296979d1d3feecc3834a8f693ef6fdbb6edd354c2d3c1e75e4acb5fb56ad585850b173e996f473b5198ca4a94c264aeca4a94b982a9a46bb61b2f4759b26449edc08103f961fbae48cb4dcb6f28e31fba661c26a46bc21f7becb17b76263c97d6b374e9d2b16a477c30df9676a13095952885c95c95952873055399f8c5cc6fce84dfab125e9796df78663cad3fdf269873aa1de381f48b9977fb9af0db49ebebe9e9199d3f7ffe8ff36d6a070a5359895298cc5559893257909b788bc2afeba578e7ce9df961fa9e48eb69382bfeb5b73664ce4b6f5198ded5a415366edc78aada119fcbb7a91d284c65254a6132576525ca5c41aeb3e17dc2d32f54cea6ec1738f7e6db067346fab09e74367c6c6c2cdf4f66455aefa2458b2eb6e387fe284c65254a6132576525ca5c41a3050b16fcbc5e84d3a522337d77943b95d6d778894ada9e7c1b614e489f9839383898ef23b36aebd6ad47aa1d7173be6da55398ca4a94c264aeca4a94b982469dffffb1f5374a707abfef5648eb6d382b3e986f2384373636f627cb972faf8d8c8ce4fbc7acaad6ff87ea5fc667d6ae5dfbbd7c1b4ba63095952885c95c959528730575d5f1f68755f11daf97e0d93e1b5e97d6db50c4c7d376e5db0aa1bdf6da6b03fdfdfdf9bed1124b972efdbcda11ff34dfc656a8b6e3ed2a7f9e7f3fa7309595d20b93b96acf943e57d0a899d799eaf679f5029c3e8ebe95d2fa1bcaf8bc7c5b21b40d1b36fc76c78e1df97ed1129b366d4a1f7bfb0ff936b642c38bc22d5fd014a6b2527a613257ed99d2e70a1a35f33a537d7f43fd7e2fbffc727e389e5569fd0ddbbc21df56086d6060e0dcfefdfbf3fda2258687870f7674740ce5dbd80a0d2f0ab77c415398ca4ae985c95cb5674a9f2b68d4cceb4c5757d7eefaedfbf6edcb0fc7b32aadbfbe2d69bb1ab713c25bb366cd95d97eeff09b397cf870ba34e5837c1b5b618a17b2295fd014a6b2527a619a629ecc551ba4f4b9824653bcbe4c7a9da9be1eab7fbfd51d20adbf611b8f657f1d886df9f2e5d7bffcf2cb7cbf6889f3e7cf5faa76c293f936b6c2142f60796ebca0294c65a5f4c234c51ce5315705a6f4b9824653bcaee449af33ff5bff73ab3b405a7f7d5bbababac6f2bf0f84b668d1a2dab56bd7f2fda225aaed481f779fbf60141d85a9ace4cf4fbbc65c9595fcf9118994567780b4fe86edf943de5320b465cb965d6bf5bf86ebce9e3dfbdf9de59f117fbbd32504c5a6f4339753cc93b96a83943e57d0688ad79749af33e9cc73fdfbadee00ce8833a73df1c41363adbe3eacee934f3ed9d759ee35e2df2a4a750a535929bd3099abf64ce973058d9a799de9748d3894e1a9a79e3a5ecabba6bcf5d65bbb0a7cd794492f608d14a6b2527a613257ed99d2e70a1a35f33ae35d53a0106bd7aedd59cafb88af5bb72e7ddc6e29ef237ed317b0460a535929bd3099abf64ce973058d9a799de9f43ee25086fefefebf58b366cdf57cc768816bdddddd073b0bf964cd66294c65254a6132576525ca5c415d67419facf9f8e38f5f6f28e23e5993b965eddab5df5bba74e9f8c8c848be6fccaa13274ebc53ed80a7d3f6e4db583285a9ac44294ce6aaac44992ba8ebeeeefe6175cc1daf17e0e3c78fe787e55991d6db50c2c7d376e5db0ae1ad5ebdfa8dc1c1c17cff9855cf3cf3cc6faa9d7073be6da55398ca4a94c264aeca4a94b98246d531375d0e7aa3046fdebc393f2ccf8ab4de86223e986f23cc09d5bf407fd2d7d7f7d5d8d858be8fcc8ad1d1d1f7ab1d70246d47be6da55398ca4a94c264aeca4a94b982460b162cf879bd0457c7df593f2b9ed6d7d5d5f5cd6529697bf26d843963e5ca95af6cd9b225df4f6645b5ee7fa976c2e7f26d6a070a5359895298cc555989325790ab8ebd7beb4578fdfaf5f9e1f99e4aeb6b381bbe37df369853e6cf9fffe3dededecbb3fd7ea2fbf6ed4b97a48ca4f5e7dbd40e14a6b212a53099abb21265ae20d7d5d5f5b3ea18fc75bd10efdcb9333f4cdf13693d0d25fcebb41df9b6c19cd3d3d3f3ab65cb965d191d1dcdf7997b626464e43faa1df08b2a0fe6dbd22e14a6b212a53099abb21265ae602a1d1d1dbfae97e27489ca810307f2c3f55d9596df78494a5a7fbe4d3067f5f5f50df4f7f75f4e079f7be9ead5ab9f543bfc07d5cef8d7f936b41385a9ac44294ce6aaac44992b984a6f6fef0faa42fc61bd182f59b2e49e95f1b4dc6a7ddf9c814feb4debcfb709e6b4c58b176f5db56ad5857b75667c6464644f2ae1d50ef88ff9badb8dc25456a21426735556a2cc15dc4c753cbebfcaf1c633e3434343f9e17b46d2f21acf844faceffe7c5b80cac2850b9fecebeb1bbbdbd78c4f5c137eacddcf84d7294c65254a6132576525ca5cc1ad54c7e59f3696f194f40b95337d3795f4f8ec17336f94f0b4be7c1b8006d58ef2604f4fcfe8c68d1b4f5dba7429dfb7eec8850b17de9b78779491b4dc7c5ded4a612a2b510a93b92a2b51e60a6e279da1ee6cb84c25259d1d4feff77de2c489fcd07e4be9fee971d959f01b97a3a4f5e4eb06a650ed403faa7698e7162d5a74f1a5975e3a72f6ecd96bf9ce760bd74e9e3cf9cec0c0c08d774649cb49cbcbd7d1ce14a6b212a53099abb21265aea019e99aed895fe0cc0b746dc58a15b5eddbb7d7f6efdf5f3b72e448edfcf9f3370ef6e96bfa73fa7eba3dfbd8fa7aaea7e5ba261ca6217dd84eb5136dae8af4c8430f3df4c5a64d9b0e0c0f0f1f3c7cf8f0b173e7cefdbeda0f2f8d8c8c1c3d74e8d0beeaa0f5e6ba75eb06abc71cac1ef33fe971edf8613dcd5098ca4a94c264aeca4a94b9823b31f1d686dfbccff80cb3d75b14c2ddf1dd050b16fc59b543fd7df52fdba16ae74a9f8a59bfa62c7d7d3f7d3fdd9eee97ee9f2f201285a9ac44294ce6aaac44992b988eea78fe8bead83e58657c8a827daba4fb0fa6c7e7cb04b82b14a6b212a53099abb21265ae60267a7b7befab8af5bc8e8e8ee7abafbbaa7c56e5f244e94e5fd39f774ddc3e2fdd3f5f06c05da53095952885c95c959528730500a1284c65254a6132576525ca5c0140280a5359895298cc555989325700108ac25456a21426735556a2cc150084a23095952885c95c959528730500a1284c65254a6132576525ca5c0140280a5359895298cc555989325700108ac25456a21426735556a2cc150084a23095952885c95c959528730500a1284c65254a6132576525ca5c0140280a5359895298cc555989325700108ac25456a21426735556a2cc150084a23095952885c95c959528730500a1284c65254a6132576525ca5c0140280a5359895298cc555989325700108ac25456a21426735556a2cc150084a23095952885c95c959528730500a1ecdab5ebfa952b57261db865f6533d0fa7aac274357f8eda91b92a2791e60a0042191e1e3e75e6cc9949076f99fd7cf1c517ff5c15a6f7f3e7a81d99ab721269ae002094ddbb77ff72cf9e3d174f9f3e7dce19ccd6a4fab99ffefcf3cf7f5395a563551ec89fa37664ae5a9f88730500e1a483743a6356653c5d4b2ab39ef4734f3fff506529fd7d26fe5ee6aa35093957000000000000000000000000000000000000000000000000000004f07f07178e4d89a3c38c0000000049454e44ae426082', true);
INSERT INTO public.act_ge_bytearray (id_, rev_, name_, deployment_id_, bytes_, generated_) VALUES ('6259be07-f1f7-11f0-bfbd-f2dbc029a3c2', 1, 'fu-20260114-paed3z.bpmn', '6259be06-f1f7-11f0-bfbd-f2dbc029a3c2', '\x3c3f786d6c2076657273696f6e3d22312e302220656e636f64696e673d225554462d38223f3e0a3c62706d6e3a646566696e6974696f6e7320786d6c6e733a7873693d22687474703a2f2f7777772e77332e6f72672f323030312f584d4c536368656d612d696e7374616e63652220786d6c6e733a62706d6e3d22687474703a2f2f7777772e6f6d672e6f72672f737065632f42504d4e2f32303130303532342f4d4f44454c2220786d6c6e733a62706d6e64693d22687474703a2f2f7777772e6f6d672e6f72672f737065632f42504d4e2f32303130303532342f44492220786d6c6e733a64633d22687474703a2f2f7777772e6f6d672e6f72672f737065632f44442f32303130303532342f44432220786d6c6e733a64693d22687474703a2f2f7777772e6f6d672e6f72672f737065632f44442f32303130303532342f44492220786d6c6e733a637573746f6d3d22687474703a2f2f637573746f6d2e62706d6e2e696f2f736368656d61222069643d22446566696e6974696f6e735f3122207461726765744e616d6573706163653d22687474703a2f2f62706d6e2e696f2f736368656d612f62706d6e223e0a20203c62706d6e3a70726f636573732069643d2250726f636573735f312220697345786563757461626c653d2274727565223e0a202020203c62706d6e3a73746172744576656e742069643d2253746172744576656e745f3122206e616d653d22e5bc80e5a78b223e0a2020202020203c62706d6e3a6f7574676f696e673e466c6f775f313c2f62706d6e3a6f7574676f696e673e0a202020203c2f62706d6e3a73746172744576656e743e0a202020203c62706d6e3a656e644576656e742069643d22456e644576656e745f3122206e616d653d22e7bb93e69d9f223e0a2020202020203c62706d6e3a696e636f6d696e673e466c6f775f3069336d7167613c2f62706d6e3a696e636f6d696e673e0a202020203c2f62706d6e3a656e644576656e743e0a202020203c62706d6e3a73657175656e6365466c6f772069643d22466c6f775f312220736f757263655265663d2253746172744576656e745f3122207461726765745265663d2241637469766974795f30396468337a3922202f3e0a202020203c62706d6e3a757365725461736b2069643d2241637469766974795f30396468337a39223e0a2020202020203c62706d6e3a657874656e73696f6e456c656d656e74733e0a20202020202020203c637573746f6d3a70726f706572746965733e0a202020202020202020203c637573746f6d3a76616c756573206e616d653d22666f726d4964222076616c75653d223722202f3e0a202020202020202020203c637573746f6d3a76616c756573206e616d653d22666f726d4e616d65222076616c75653d2274657374466f726d22202f3e0a202020202020202020203c637573746f6d3a76616c756573206e616d653d22666f726d4964222076616c75653d223722202f3e0a202020202020202020203c637573746f6d3a76616c756573206e616d653d22666f726d4e616d65222076616c75653d2274657374466f726d22202f3e0a202020202020202020203c637573746f6d3a76616c756573206e616d653d22666f726d4964222076616c75653d223722202f3e0a202020202020202020203c637573746f6d3a76616c756573206e616d653d22666f726d4e616d65222076616c75653d2274657374466f726d22202f3e0a202020202020202020203c637573746f6d3a76616c756573206e616d653d2261737369676e656554797065222076616c75653d2246495845445f4445505422202f3e0a202020202020202020203c637573746f6d3a76616c756573206e616d653d2261737369676e656556616c7565222076616c75653d22444550542d485222202f3e0a202020202020202020203c637573746f6d3a76616c756573206e616d653d2261737369676e65654c6162656c222076616c75653d2248756d616e205265736f757263657322202f3e0a202020202020202020203c637573746f6d3a76616c756573206e616d653d2263616e6469646174655573657273222076616c75653d2222202f3e0a202020202020202020203c637573746f6d3a76616c756573206e616d653d2263616e64696461746547726f757073222076616c75653d2222202f3e0a20202020202020203c2f637573746f6d3a70726f706572746965733e0a2020202020203c2f62706d6e3a657874656e73696f6e456c656d656e74733e0a2020202020203c62706d6e3a696e636f6d696e673e466c6f775f313c2f62706d6e3a696e636f6d696e673e0a2020202020203c62706d6e3a6f7574676f696e673e466c6f775f30756e37686c683c2f62706d6e3a6f7574676f696e673e0a202020203c2f62706d6e3a757365725461736b3e0a202020203c62706d6e3a73657175656e6365466c6f772069643d22466c6f775f30756e37686c682220736f757263655265663d2241637469766974795f30396468337a3922207461726765745265663d2241637469766974795f306d767635686322202f3e0a202020203c62706d6e3a73657175656e6365466c6f772069643d22466c6f775f3069336d7167612220736f757263655265663d2241637469766974795f306d767635686322207461726765745265663d22456e644576656e745f3122202f3e0a202020203c62706d6e3a757365725461736b2069643d2241637469766974795f306d7676356863223e0a2020202020203c62706d6e3a657874656e73696f6e456c656d656e74733e0a20202020202020203c637573746f6d3a70726f706572746965733e0a202020202020202020203c637573746f6d3a76616c756573206e616d653d2261737369676e656554797065222076616c75653d2246495845445f4445505422202f3e0a202020202020202020203c637573746f6d3a76616c756573206e616d653d2261737369676e656556616c7565222076616c75653d22444550542d434f52502d42414e4b494e4722202f3e0a202020202020202020203c637573746f6d3a76616c756573206e616d653d2261737369676e65654c6162656c222076616c75653d22436f72706f726174652042616e6b696e6722202f3e0a202020202020202020203c637573746f6d3a76616c756573206e616d653d2263616e6469646174655573657273222076616c75653d2222202f3e0a202020202020202020203c637573746f6d3a76616c756573206e616d653d2263616e64696461746547726f757073222076616c75653d2222202f3e0a202020202020202020203c637573746f6d3a76616c756573206e616d653d22666f726d4964222076616c75653d223722202f3e0a202020202020202020203c637573746f6d3a76616c756573206e616d653d22666f726d4e616d65222076616c75653d2274657374466f726d22202f3e0a20202020202020203c2f637573746f6d3a70726f706572746965733e0a2020202020203c2f62706d6e3a657874656e73696f6e456c656d656e74733e0a2020202020203c62706d6e3a696e636f6d696e673e466c6f775f30756e37686c683c2f62706d6e3a696e636f6d696e673e0a2020202020203c62706d6e3a6f7574676f696e673e466c6f775f3069336d7167613c2f62706d6e3a6f7574676f696e673e0a202020203c2f62706d6e3a757365725461736b3e0a20203c2f62706d6e3a70726f636573733e0a20203c62706d6e64693a42504d4e4469616772616d2069643d2242504d4e4469616772616d5f31223e0a202020203c62706d6e64693a42504d4e506c616e652069643d2242504d4e506c616e655f31222062706d6e456c656d656e743d2250726f636573735f31223e0a2020202020203c62706d6e64693a42504d4e53686170652069643d2253746172744576656e745f315f6469222062706d6e456c656d656e743d2253746172744576656e745f31223e0a20202020202020203c64633a426f756e647320783d223138302220793d22313630222077696474683d22333622206865696768743d22333622202f3e0a20202020202020203c62706d6e64693a42504d4e4c6162656c3e0a202020202020202020203c64633a426f756e647320783d223138372220793d22323033222077696474683d22323222206865696768743d22313422202f3e0a20202020202020203c2f62706d6e64693a42504d4e4c6162656c3e0a2020202020203c2f62706d6e64693a42504d4e53686170653e0a2020202020203c62706d6e64693a42504d4e53686170652069643d22456e644576656e745f315f6469222062706d6e456c656d656e743d22456e644576656e745f31223e0a20202020202020203c64633a426f756e647320783d223639322220793d22313630222077696474683d22333622206865696768743d22333622202f3e0a20202020202020203c62706d6e64693a42504d4e4c6162656c3e0a202020202020202020203c64633a426f756e647320783d223639392220793d22323033222077696474683d22323222206865696768743d22313422202f3e0a20202020202020203c2f62706d6e64693a42504d4e4c6162656c3e0a2020202020203c2f62706d6e64693a42504d4e53686170653e0a2020202020203c62706d6e64693a42504d4e53686170652069643d2241637469766974795f3131326a75366a5f6469222062706d6e456c656d656e743d2241637469766974795f30396468337a39223e0a20202020202020203c64633a426f756e647320783d223236302220793d22313338222077696474683d2231303022206865696768743d22383022202f3e0a2020202020203c2f62706d6e64693a42504d4e53686170653e0a2020202020203c62706d6e64693a42504d4e53686170652069643d2241637469766974795f30397962666d375f6469222062706d6e456c656d656e743d2241637469766974795f306d7676356863223e0a20202020202020203c64633a426f756e647320783d223431302220793d22313338222077696474683d2231303022206865696768743d22383022202f3e0a2020202020203c2f62706d6e64693a42504d4e53686170653e0a2020202020203c62706d6e64693a42504d4e456467652069643d22466c6f775f315f6469222062706d6e456c656d656e743d22466c6f775f31223e0a20202020202020203c64693a776179706f696e7420783d223231362220793d2231373822202f3e0a20202020202020203c64693a776179706f696e7420783d223236302220793d2231373822202f3e0a2020202020203c2f62706d6e64693a42504d4e456467653e0a2020202020203c62706d6e64693a42504d4e456467652069643d22466c6f775f30756e37686c685f6469222062706d6e456c656d656e743d22466c6f775f30756e37686c68223e0a20202020202020203c64693a776179706f696e7420783d223336302220793d2231373822202f3e0a20202020202020203c64693a776179706f696e7420783d223431302220793d2231373822202f3e0a2020202020203c2f62706d6e64693a42504d4e456467653e0a2020202020203c62706d6e64693a42504d4e456467652069643d22466c6f775f3069336d7167615f6469222062706d6e456c656d656e743d22466c6f775f3069336d716761223e0a20202020202020203c64693a776179706f696e7420783d223531302220793d2231373822202f3e0a20202020202020203c64693a776179706f696e7420783d223639322220793d2231373822202f3e0a2020202020203c2f62706d6e64693a42504d4e456467653e0a202020203c2f62706d6e64693a42504d4e506c616e653e0a20203c2f62706d6e64693a42504d4e4469616772616d3e0a3c2f62706d6e3a646566696e6974696f6e733e0a', false);
INSERT INTO public.act_ge_bytearray (id_, rev_, name_, deployment_id_, bytes_, generated_) VALUES ('625d4078-f1f7-11f0-bfbd-f2dbc029a3c2', 1, 'fu-20260114-paed3z.Process_1.png', '6259be06-f1f7-11f0-bfbd-f2dbc029a3c2', '\x89504e470d0a1a0a0000000d49484452000002e2000000e40806000000dd25410b000010f649444154785eeddddd6f54677e07f07d91aabdccb6bb97b9d9abfd17b6bde9c5ae5a3552762f00bf60909149204aa48002586d521527482d7749c806902a354058b541f18549a3a609845a4a431210091b52b12924e1b51888c16c01870dd3f3504f34796c60b0c1f3cccf9f8ff4958367e69c83e777e67c39399ef9ce7700000000000000000000000000000000000000000000000000000000000000000000000000000000000000000000000000000000000000000000000000000000000000000000000000000000000000000000000000000000000000000000000000000000000000000000000000000000000000000000000000000000000000000000000000000000000000000000000000000000000000000000000000000000000000000000000000000000000000000000000000000000000000000000000000000000000000000000000000000000000000000000000000000000000000000000000000000000000000000000000000000000000000000000000000000000000000000000000000000000000000000000000000000000000000000000000000000000000000000000000000000000000000000000000000000000000000000000000000000000000000000000000000000000000000000000000000000000000000000000000000000000000000000000000000000000000000000000000000000000000000000000008082d46ab53f3a7af4e82befbefbee57bb76edaabdf9e69b32cba97eeed78787874feddebdfb97f9f3d3aecc55eb1371ae002094aa2ceda80ed6b53367ced4ae5cb9521b1f1f97594efab9a79fff9e3d7b2e5605ea81fc396a47e6aaf589385700104a3a63990ed6f9415c663fa74f9f3e5715a6f7f3e7a81d99ab721269ae00209474d980339665243d0f5561ba9a3f47edc85c959348730500a1a46b49f303b7b42ee9f9c89fa37664aeca4a94b90280509a2d4cbfbf70ba76f4837faa1d7aebe91b49ff9dbe97df4f66962885c95c959528730500a13453982e8d9eac7dfcc6dfd63efad7d5df4afa5eba2dbfbf4c3f510a93b92a2b51e60a004269a6301d3f3434a92cd573e2d0ce49f797e9274a6132576525ca5c014028cd14a6ff7a7bfda4a2544fba2dbfbf4c3f510a93b92a2b51e60a004269a6307dfce6da4945a99e745b7e7f997ea21426735556a2cc150084a23095952885c95c959528730500a1345398d2bb59e445a99e745b7e7f997ea21426735556a2cc150084d24c61faf49d172615a57ad26df9fd65fa895298cc555989325700104a3385e9fcc983b58ffffdef2695a5f4bd745b7e7f997ea21426735556a2cc150084d24c614af96cdfd64985297d2fbf9fcc2c510a93b92a2b51e60a004269aa305dbd5afbf43f374e2a4ce97be9b649f79769274a6132576525ca5c014028b72b4ce9130e7ff7ce864965a99e749b4f41bc7b895298cc55598932570010ca4d0bd3d5abb5d39feeaefdf6dffe665249ca93ee93eeeb2ce6cc13a53099abb21265ae002094a90ad3edce56de2cce62ce3c510a93b92a2b51e60a004299aa303573b6f266498fcd9727cd274a6132576525ca5c0140285315a6bc04dd69f2e549f3895298cc55598932570010ca5485495a972885c95c959528730533d1dbdb7b5f6767e7bc8e8e8ee7abafbbaa7c56e57295dac4d7f4e75d13b7cf4bf7cf9701ccd0c58b17ff786868e8e9175e78e1a381818173fdfdfd571e79e491eb69475cbe7cf9b555ab568d3df9e493c79e7efae99dab57affecbea21dfcd971189c25456a21426735556a2cc154c475757d72faa63fc6095f189d2dd6cd2fd07d3e3f3650277e8bdf7de5bfeecb3cf9e5cb66c59ad2adfb51d3b76d4f6efdf5f3b72e448edfcf9f3b5247d4d7f4edf4fb7af59b3e67a5f5fdf7855c8dfe8eeeefe49becc0814a6b212a53099abb21265aee04e5405fa675591de3b45c19e4ef6a6e5e5eb006ee3e0c1837ff5e28b2f9e7af8e1876bafbefa6aedecd9b3374a77b3d2fdd3e3aa42fed5ca952b5fa976c41fe5eb68670a5359895298cc5559893257d08cdedede1f747474fcba2acf37fe6f776356ac5851dbbe7dfb2d4fc4a5dbd3fdf2c7a6e5a5e5a6e5e7eb0432d57ef5fdd75f7f7d2815f02d5bb6d42e5dbaf4ed867d87d2e3d372aa1df0724f4fcfaff2f5b52b85a9ac44294ce6aaac44992bb89daa2cdfdfd5d5f5516381eeeeeeae6ddebcb976e2c489fcd07e4be9fee971e9f15921ff30ad275f3730a1da7feedbb66ddbef1e7df4d1dad1a347f37d6b46d2f2aa727fa5afaf6f205f6f3b5298ca4a94c264aeca4a94b9825ba90af84fab9c6c2ccdebd7afaf1d3f7e3c3f94df91f4f8b49cac8c1f4febcbb701e6bc6a9fb9eff9e79f1f7deaa9a76aa3a3a3f9fe7457a4e5f6f7f75f5ebc78f1d67cfded46612a2b510a93b92a2b51e60a6e66e24cf837253c9dc51e1a1aca0fdf339296979d1d3feecc3834a8f693ef6fdbb6edd354c2d3c1e75e4acb5fb56ad585850b173e996f473b5198ca4a94c264aeca4a94b982a9a46bb61b2f4759b26449edc08103f961fbae48cb4dcb6f28e31fba661c26a46bc21f7becb17b76263c97d6b374e9d2b16a477c30df9676a13095952885c95c95952873055399f8c5cc6fce84dfab125e9796df78663cad3fdf269873aa1de381f48b9977fb9af0db49ebebe9e9199d3f7ffe8ff36d6a070a5359895298cc5559893257909b788bc2afeba578e7ce9df961fa9e48eb69382bfeb5b73664ce4b6f5198ded5a415366edc78aada119fcbb7a91d284c65254a6132576525ca5c41aeb3e17dc2d32f54cea6ec1738f7e6db067346fab09e74367c6c6c2cdf4f66455aefa2458b2eb6e387fe284c65254a6132576525ca5c41a3050b16fcbc5e84d3a522337d77943b95d6d778894ada9e7c1b614e489f9839383898ef23b36aebd6ad47aa1d7173be6da55398ca4a94c264aeca4a94b982469dffffb1f5374a707abfef5648eb6d382b3e986f2384373636f627cb972faf8d8c8ce4fbc7acaad6ff87ea5fc667d6ae5dfbbd7c1b4ba63095952885c95c959528730575d5f1f68755f11daf97e0d93e1b5e97d6db50c4c7d376e5db0aa1bdf6da6b03fdfdfdf9bed1124b972efdbcda11ff34dfc656a8b6e3ed2a7f9e7f3fa7309595d20b93b96acf943e57d0a899d799eaf679f5029c3e8ebe95d2fa1bcaf8bc7c5b21b40d1b36fc76c78e1df97ed1129b366d4a1f7bfb0ff936b642c38bc22d5fd014a6b2527a613257ed99d2e70a1a35f33a537d7f43fd7e2fbffc727e389e5569fd0ddbbc21df56086d6060e0dcfefdfbf3fda2258687870f7674740ce5dbd80a0d2f0ab77c415398ca4ae985c95cb5674a9f2b68d4cceb4c5757d7eefaedfbf6edcb0fc7b32aadbfbe2d69bb1ab713c25bb366cd95d97eeff09b397cf870ba34e5837c1b5b618a17b2295fd014a6b2527a619a629ecc551ba4f4b9824653bcbe4c7a9da9be1eab7fbfd51d20adbf611b8f657f1d886df9f2e5d7bffcf2cb7cbf6889f3e7cf5faa76c293f936b6c2142f60796ebca0294c65a5f4c234c51ce5315705a6f4b9824653bcaee449af33ff5bff73ab3b405a7f7d5bbababac6f2bf0f84b668d1a2dab56bd7f2fda225aaed481f779fbf60141d85a9ace4cf4fbbc65c9595fcf9118994567780b4fe86edf943de5320b465cb965d6bf5bf86ebce9e3dfbdf9de59f117fbbd32504c5a6f4339753cc93b96a83943e57d0688ad79749af33e9cc73fdfbadee00ce8833a73df1c41363adbe3eacee934f3ed9d759ee35e2df2a4a750a535929bd3099abf64ce973058d9a799de9748d3894e1a9a79e3a5ecabba6bcf5d65bbb0a7cd794492f608d14a6b2527a613257ed99d2e70a1a35f33ae35d53a0106bd7aedd59cafb88af5bb72e7ddc6e29ef237ed317b0460a535929bd3099abf64ce973058d9a799de9f43ee25086fefefebf58b366cdf57cc768816bdddddd073b0bf964cd66294c65254a6132576525ca5c415d67419facf9f8e38f5f6f28e23e5993b965eddab5df5bba74e9f8c8c848be6fccaa13274ebc53ed80a7d3f6e4db583285a9ac44294ce6aaac44992ba8ebeeeefe6175cc1daf17e0e3c78fe787e55991d6db50c2c7d376e5db0ae1ad5ebdfa8dc1c1c17cff9855cf3cf3cc6faa9d7073be6da55398ca4a94c264aeca4a94b98246d531375d0e7aa3046fdebc393f2ccf8ab4de86223e986f23cc09d5bf407fd2d7d7f7d5d8d858be8fcc8ad1d1d1f7ab1d70246d47be6da55398ca4a94c264aeca4a94b982460b162cf879bd0457c7df593f2b9ed6d7d5d5f5cd6529697bf26d843963e5ca95af6cd9b225df4f6645b5ee7fa976c2e7f26d6a070a5359895298cc555989325790ab8ebd7beb4578fdfaf5f9e1f99e4aeb6b381bbe37df369853e6cf9fffe3dededecbb3fd7ea2fbf6ed4b97a48ca4f5e7dbd40e14a6b212a53099abb21265ae20d7d5d5f5b3ea18fc75bd10efdcb9333f4cdf13693d0d25fcebb41df9b6c19cd3d3d3f3ab65cb965d191d1dcdf7997b626464e43faa1df08b2a0fe6dbd22e14a6b212a53099abb21265ae602a1d1d1dbfae97e27489ca810307f2c3f55d9596df78494a5a7fbe4d3067f5f5f50df4f7f75f4e079f7be9ead5ab9f543bfc07d5cef8d7f936b41385a9ac44294ce6aaac44992b984a6f6fef0faa42fc61bd182f59b2e49e95f1b4dc6a7ddf9c814feb4debcfb709e6b4c58b176f5db56ad5857b75667c6464644f2ae1d50ef88ff9badb8dc25456a21426735556a2cc15dc4c753cbebfcaf1c633e3434343f9e17b46d2f21acf844faceffe7c5b80cac2850b9fecebeb1bbbdbd78c4f5c137eacddcf84d7294c65254a6132576525ca5cc1ad54c7e59f3696f194f40b95337d3795f4f8ec17336f94f0b4be7c1b8006d58ef2604f4fcfe8c68d1b4f5dba7429dfb7eec8850b17de9b78779491b4dc7c5ded4a612a2b510a93b92a2b51e60a6e279da1ee6cb84c25259d1d4feff77de2c489fcd07e4be9fee971d959f01b97a3a4f5e4eb06a650ed403faa7698e7162d5a74f1a5975e3a72f6ecd96bf9ce760bd74e9e3cf9cec0c0c08d774649cb49cbcbd7d1ce14a6b212a53099abb21265aea019e99aed895fe0cc0b746dc58a15b5eddbb7d7f6efdf5f3b72e448edfcf9f3370ef6e96bfa73fa7eba3dfbd8fa7aaea7e5ba261ca6217dd84eb5136dae8af4c8430f3df4c5a64d9b0e0c0f0f1f3c7cf8f0b173e7cefdbeda0f2f8d8c8c1c3d74e8d0beeaa0f5e6ba75eb06abc71cac1ef33fe971edf8613dcd5098ca4a94c264aeca4a94b9823b31f1d686dfbccff80cb3d75b14c2ddf1dd050b16fc59b543fd7df52fdba16ae74a9f8a59bfa62c7d7d3f7d3fdd9eee97ee9f2f201285a9ac44294ce6aaac44992b988eea78fe8bead83e58657c8a827daba4fb0fa6c7e7cb04b82b14a6b212a53099abb21265ae60267a7b7befab8af5bc8e8e8ee7abafbbaa7c56e5f244e94e5fd39f774ddc3e2fdd3f5f06c05da53095952885c95c959528730500a1284c65254a6132576525ca5c0140280a5359895298cc555989325700108ac25456a21426735556a2cc150084a23095952885c95c959528730500a1284c65254a6132576525ca5c0140280a5359895298cc555989325700108ac25456a21426735556a2cc150084a23095952885c95c959528730500a1284c65254a6132576525ca5c0140280a5359895298cc555989325700108ac25456a21426735556a2cc150084a23095952885c95c959528730500a1284c65254a6132576525ca5c0140280a5359895298cc555989325700108ac25456a21426735556a2cc150084a23095952885c95c959528730500a1ecdab5ebfa952b57261db865f6533d0fa7aac274357f8eda91b92a2791e60a0042191e1e3e75e6cc9949076f99fd7cf1c517ff5c15a6f7f3e7a81d99ab721269ae002094ddbb77ff72cf9e3d174f9f3e7dce19ccd6a4fab99ffefcf3cf7f5395a563551ec89fa37664ae5a9f88730500e1a483743a6356653c5d4b2ab39ef4734f3fff506529fd7d26fe5ee6aa35093957000000000000000000000000000000000000000000000000000004f07f07178e4d89a3c38c0000000049454e44ae426082', true);
INSERT INTO public.act_ge_bytearray (id_, rev_, name_, deployment_id_, bytes_, generated_) VALUES ('a8dffd1c-f45e-11f0-9035-568938879cb7', 1, 'fu-20260114-paed3z.bpmn', 'a8dffd1b-f45e-11f0-9035-568938879cb7', '\x3c3f786d6c2076657273696f6e3d22312e302220656e636f64696e673d225554462d38223f3e0a3c62706d6e3a646566696e6974696f6e7320786d6c6e733a7873693d22687474703a2f2f7777772e77332e6f72672f323030312f584d4c536368656d612d696e7374616e63652220786d6c6e733a62706d6e3d22687474703a2f2f7777772e6f6d672e6f72672f737065632f42504d4e2f32303130303532342f4d4f44454c2220786d6c6e733a62706d6e64693d22687474703a2f2f7777772e6f6d672e6f72672f737065632f42504d4e2f32303130303532342f44492220786d6c6e733a64633d22687474703a2f2f7777772e6f6d672e6f72672f737065632f44442f32303130303532342f44432220786d6c6e733a64693d22687474703a2f2f7777772e6f6d672e6f72672f737065632f44442f32303130303532342f44492220786d6c6e733a637573746f6d3d22687474703a2f2f637573746f6d2e62706d6e2e696f2f736368656d61222069643d22446566696e6974696f6e735f3122207461726765744e616d6573706163653d22687474703a2f2f62706d6e2e696f2f736368656d612f62706d6e223e0a20203c62706d6e3a70726f636573732069643d2250726f636573735f312220697345786563757461626c653d2274727565223e0a202020203c62706d6e3a73746172744576656e742069643d2253746172744576656e745f3122206e616d653d22e5bc80e5a78b223e0a2020202020203c62706d6e3a6f7574676f696e673e466c6f775f313c2f62706d6e3a6f7574676f696e673e0a202020203c2f62706d6e3a73746172744576656e743e0a202020203c62706d6e3a656e644576656e742069643d22456e644576656e745f3122206e616d653d22e7bb93e69d9f223e0a2020202020203c62706d6e3a696e636f6d696e673e466c6f775f3069336d7167613c2f62706d6e3a696e636f6d696e673e0a202020203c2f62706d6e3a656e644576656e743e0a202020203c62706d6e3a73657175656e6365466c6f772069643d22466c6f775f312220736f757263655265663d2253746172744576656e745f3122207461726765745265663d2241637469766974795f30396468337a3922202f3e0a202020203c62706d6e3a757365725461736b2069643d2241637469766974795f30396468337a39223e0a2020202020203c62706d6e3a657874656e73696f6e456c656d656e74733e0a20202020202020203c637573746f6d3a70726f706572746965733e0a202020202020202020203c637573746f6d3a76616c756573206e616d653d22666f726d4964222076616c75653d223722202f3e0a202020202020202020203c637573746f6d3a76616c756573206e616d653d22666f726d4e616d65222076616c75653d2274657374466f726d22202f3e0a202020202020202020203c637573746f6d3a76616c756573206e616d653d22666f726d4964222076616c75653d223722202f3e0a202020202020202020203c637573746f6d3a76616c756573206e616d653d22666f726d4e616d65222076616c75653d2274657374466f726d22202f3e0a202020202020202020203c637573746f6d3a76616c756573206e616d653d22666f726d4964222076616c75653d223722202f3e0a202020202020202020203c637573746f6d3a76616c756573206e616d653d22666f726d4e616d65222076616c75653d2274657374466f726d22202f3e0a202020202020202020203c637573746f6d3a76616c756573206e616d653d2261737369676e656554797065222076616c75653d2246495845445f4445505422202f3e0a202020202020202020203c637573746f6d3a76616c756573206e616d653d2261737369676e656556616c7565222076616c75653d22444550542d485222202f3e0a202020202020202020203c637573746f6d3a76616c756573206e616d653d2261737369676e65654c6162656c222076616c75653d2248756d616e205265736f757263657322202f3e0a202020202020202020203c637573746f6d3a76616c756573206e616d653d2263616e6469646174655573657273222076616c75653d2222202f3e0a202020202020202020203c637573746f6d3a76616c756573206e616d653d2263616e64696461746547726f757073222076616c75653d2222202f3e0a20202020202020203c2f637573746f6d3a70726f706572746965733e0a2020202020203c2f62706d6e3a657874656e73696f6e456c656d656e74733e0a2020202020203c62706d6e3a696e636f6d696e673e466c6f775f313c2f62706d6e3a696e636f6d696e673e0a2020202020203c62706d6e3a6f7574676f696e673e466c6f775f30756e37686c683c2f62706d6e3a6f7574676f696e673e0a202020203c2f62706d6e3a757365725461736b3e0a202020203c62706d6e3a73657175656e6365466c6f772069643d22466c6f775f30756e37686c682220736f757263655265663d2241637469766974795f30396468337a3922207461726765745265663d2241637469766974795f306d767635686322202f3e0a202020203c62706d6e3a73657175656e6365466c6f772069643d22466c6f775f3069336d7167612220736f757263655265663d2241637469766974795f306d767635686322207461726765745265663d22456e644576656e745f3122202f3e0a202020203c62706d6e3a757365725461736b2069643d2241637469766974795f306d7676356863223e0a2020202020203c62706d6e3a657874656e73696f6e456c656d656e74733e0a20202020202020203c637573746f6d3a70726f706572746965733e0a202020202020202020203c637573746f6d3a76616c756573206e616d653d2261737369676e656554797065222076616c75653d2246495845445f4445505422202f3e0a202020202020202020203c637573746f6d3a76616c756573206e616d653d2261737369676e656556616c7565222076616c75653d22444550542d434f52502d42414e4b494e4722202f3e0a202020202020202020203c637573746f6d3a76616c756573206e616d653d2261737369676e65654c6162656c222076616c75653d22436f72706f726174652042616e6b696e6722202f3e0a202020202020202020203c637573746f6d3a76616c756573206e616d653d2263616e6469646174655573657273222076616c75653d2222202f3e0a202020202020202020203c637573746f6d3a76616c756573206e616d653d2263616e64696461746547726f757073222076616c75653d2222202f3e0a202020202020202020203c637573746f6d3a76616c756573206e616d653d22666f726d4964222076616c75653d223722202f3e0a202020202020202020203c637573746f6d3a76616c756573206e616d653d22666f726d4e616d65222076616c75653d2274657374466f726d22202f3e0a20202020202020203c2f637573746f6d3a70726f706572746965733e0a2020202020203c2f62706d6e3a657874656e73696f6e456c656d656e74733e0a2020202020203c62706d6e3a696e636f6d696e673e466c6f775f30756e37686c683c2f62706d6e3a696e636f6d696e673e0a2020202020203c62706d6e3a6f7574676f696e673e466c6f775f3069336d7167613c2f62706d6e3a6f7574676f696e673e0a202020203c2f62706d6e3a757365725461736b3e0a20203c2f62706d6e3a70726f636573733e0a20203c62706d6e64693a42504d4e4469616772616d2069643d2242504d4e4469616772616d5f31223e0a202020203c62706d6e64693a42504d4e506c616e652069643d2242504d4e506c616e655f31222062706d6e456c656d656e743d2250726f636573735f31223e0a2020202020203c62706d6e64693a42504d4e53686170652069643d2253746172744576656e745f315f6469222062706d6e456c656d656e743d2253746172744576656e745f31223e0a20202020202020203c64633a426f756e647320783d223138302220793d22313630222077696474683d22333622206865696768743d22333622202f3e0a20202020202020203c62706d6e64693a42504d4e4c6162656c3e0a202020202020202020203c64633a426f756e647320783d223138372220793d22323033222077696474683d22323222206865696768743d22313422202f3e0a20202020202020203c2f62706d6e64693a42504d4e4c6162656c3e0a2020202020203c2f62706d6e64693a42504d4e53686170653e0a2020202020203c62706d6e64693a42504d4e53686170652069643d22456e644576656e745f315f6469222062706d6e456c656d656e743d22456e644576656e745f31223e0a20202020202020203c64633a426f756e647320783d223639322220793d22313630222077696474683d22333622206865696768743d22333622202f3e0a20202020202020203c62706d6e64693a42504d4e4c6162656c3e0a202020202020202020203c64633a426f756e647320783d223639392220793d22323033222077696474683d22323222206865696768743d22313422202f3e0a20202020202020203c2f62706d6e64693a42504d4e4c6162656c3e0a2020202020203c2f62706d6e64693a42504d4e53686170653e0a2020202020203c62706d6e64693a42504d4e53686170652069643d2241637469766974795f3131326a75366a5f6469222062706d6e456c656d656e743d2241637469766974795f30396468337a39223e0a20202020202020203c64633a426f756e647320783d223236302220793d22313338222077696474683d2231303022206865696768743d22383022202f3e0a2020202020203c2f62706d6e64693a42504d4e53686170653e0a2020202020203c62706d6e64693a42504d4e53686170652069643d2241637469766974795f30397962666d375f6469222062706d6e456c656d656e743d2241637469766974795f306d7676356863223e0a20202020202020203c64633a426f756e647320783d223431302220793d22313338222077696474683d2231303022206865696768743d22383022202f3e0a2020202020203c2f62706d6e64693a42504d4e53686170653e0a2020202020203c62706d6e64693a42504d4e456467652069643d22466c6f775f315f6469222062706d6e456c656d656e743d22466c6f775f31223e0a20202020202020203c64693a776179706f696e7420783d223231362220793d2231373822202f3e0a20202020202020203c64693a776179706f696e7420783d223236302220793d2231373822202f3e0a2020202020203c2f62706d6e64693a42504d4e456467653e0a2020202020203c62706d6e64693a42504d4e456467652069643d22466c6f775f30756e37686c685f6469222062706d6e456c656d656e743d22466c6f775f30756e37686c68223e0a20202020202020203c64693a776179706f696e7420783d223336302220793d2231373822202f3e0a20202020202020203c64693a776179706f696e7420783d223431302220793d2231373822202f3e0a2020202020203c2f62706d6e64693a42504d4e456467653e0a2020202020203c62706d6e64693a42504d4e456467652069643d22466c6f775f3069336d7167615f6469222062706d6e456c656d656e743d22466c6f775f3069336d716761223e0a20202020202020203c64693a776179706f696e7420783d223531302220793d2231373822202f3e0a20202020202020203c64693a776179706f696e7420783d223639322220793d2231373822202f3e0a2020202020203c2f62706d6e64693a42504d4e456467653e0a202020203c2f62706d6e64693a42504d4e506c616e653e0a20203c2f62706d6e64693a42504d4e4469616772616d3e0a3c2f62706d6e3a646566696e6974696f6e733e0a', false);
INSERT INTO public.act_ge_bytearray (id_, rev_, name_, deployment_id_, bytes_, generated_) VALUES ('a8e4b80d-f45e-11f0-9035-568938879cb7', 1, 'fu-20260114-paed3z.Process_1.png', 'a8dffd1b-f45e-11f0-9035-568938879cb7', '\x89504e470d0a1a0a0000000d49484452000002e2000000e40806000000dd25410b000010f649444154785eeddddd6f54677e07f07d91aabdccb6bb97b9d9abfd17b6bde9c5ae5a3552762f00bf60909149204aa48002586d521527482d7749c806902a354058b541f18549a3a609845a4a431210091b52b12924e1b51888c16c01870dd3f3504f34796c60b0c1f3cccf9f8ff4958367e69c83e777e67c39399ef9ce7700000000000000000000000000000000000000000000000000000000000000000000000000000000000000000000000000000000000000000000000000000000000000000000000000000000000000000000000000000000000000000000000000000000000000000000000000000000000000000000000000000000000000000000000000000000000000000000000000000000000000000000000000000000000000000000000000000000000000000000000000000000000000000000000000000000000000000000000000000000000000000000000000000000000000000000000000000000000000000000000000000000000000000000000000000000000000000000000000000000000000000000000000000000000000000000000000000000000000000000000000000000000000000000000000000000000000000000000000000000000000000000000000000000000000000000000000000000000000000000000000000000000000000000000000000000000000000000000000000000000000000000008082d46ab53f3a7af4e82befbefbee57bb76edaabdf9e69b32cba97eeed78787874feddebdfb97f9f3d3aecc55eb1371ae002094aa2ceda80ed6b53367ced4ae5cb9521b1f1f97594efab9a79fff9e3d7b2e5605ea81fc396a47e6aaf589385700104a3a63990ed6f9415c663fa74f9f3e5715a6f7f3e7a81d99ab721269ae00209474d980339665243d0f5561ba9a3f47edc85c959348730500a1a46b49f303b7b42ee9f9c89fa37664aeca4a94b90280509a2d4cbfbf70ba76f4837faa1d7aebe91b49ff9dbe97df4f66962885c95c959528730500a13453982e8d9eac7dfcc6dfd63efad7d5df4afa5eba2dbfbf4c3f510a93b92a2b51e60a004269a6301d3f3434a92cd573e2d0ce49f797e9274a6132576525ca5c014028cd14a6ff7a7bfda4a2544fba2dbfbf4c3f510a93b92a2b51e60a004269a6307dfce6da4945a99e745b7e7f997ea21426735556a2cc150084a23095952885c95c959528730500a1345398d2bb59e445a99e745b7e7f997ea21426735556a2cc150084d24c61faf49d172615a57ad26df9fd65fa895298cc555989325700104a3385e9fcc983b58ffffdef2695a5f4bd745b7e7f997ea21426735556a2cc150084d24c614af96cdfd64985297d2fbf9fcc2c510a93b92a2b51e60a004269aa305dbd5afbf43f374e2a4ce97be9b649f79769274a6132576525ca5c014028b72b4ce9130e7ff7ce864965a99e749b4f41bc7b895298cc55598932570010ca4d0bd3d5abb5d39feeaefdf6dffe665249ca93ee93eeeb2ce6cc13a53099abb21265ae002094a90ad3edce56de2cce62ce3c510a93b92a2b51e60a004299aa303573b6f266498fcd9727cd274a6132576525ca5c0140285315a6bc04dd69f2e549f3895298cc55598932570010ca5485495a972885c95c959528730533d1dbdb7b5f6767e7bc8e8e8ee7abafbbaa7c56e57295dac4d7f4e75d13b7cf4bf7cf9701ccd0c58b17ff786868e8e9175e78e1a381818173fdfdfd571e79e491eb69475cbe7cf9b555ab568d3df9e493c79e7efae99dab57affecbea21dfcd971189c25456a21426735556a2cc154c475757d72faa63fc6095f189d2dd6cd2fd07d3e3f3650277e8bdf7de5bfeecb3cf9e5cb66c59ad2adfb51d3b76d4f6efdf5f3b72e448edfcf9f3b5247d4d7f4edf4fb7af59b3e67a5f5fdf7855c8dfe8eeeefe49becc0814a6b212a53099abb21265aee04e5405fa675591de3b45c19e4ef6a6e5e5eb006ee3e0c1837ff5e28b2f9e7af8e1876bafbefa6aedecd9b3374a77b3d2fdd3e3aa42fed5ca952b5fa976c41fe5eb68670a5359895298cc5559893257d08cdedede1f747474fcba2acf37fe6f776356ac5851dbbe7dfb2d4fc4a5dbd3fdf2c7a6e5a5e5a6e5e7eb0432d57ef5fdd75f7f7d2815f02d5bb6d42e5dbaf4ed867d87d2e3d372aa1df0724f4fcfaff2f5b52b85a9ac44294ce6aaac44992bb89daa2cdfdfd5d5f5516381eeeeeeae6ddebcb976e2c489fcd07e4be9fee971e9f15921ff30ad275f3730a1da7feedbb66ddbef1e7df4d1dad1a347f37d6b46d2f2aa727fa5afaf6f205f6f3b5298ca4a94c264aeca4a94b9825ba90af84fab9c6c2ccdebd7afaf1d3f7e3c3f94df91f4f8b49cac8c1f4febcbb701e6bc6a9fb9eff9e79f1f7deaa9a76aa3a3a3f9fe7457a4e5f6f7f75f5ebc78f1d67cfded46612a2b510a93b92a2b51e60a6e66e24cf837253c9dc51e1a1aca0fdf339296979d1d3feecc3834a8f693ef6fdbb6edd354c2d3c1e75e4acb5fb56ad585850b173e996f473b5198ca4a94c264aeca4a94b982a9a46bb61b2f4759b26449edc08103f961fbae48cb4dcb6f28e31fba661c26a46bc21f7becb17b76263c97d6b374e9d2b16a477c30df9676a13095952885c95c95952873055399f8c5cc6fce84dfab125e9796df78663cad3fdf269873aa1de381f48b9977fb9af0db49ebebe9e9199d3f7ffe8ff36d6a070a5359895298cc5559893257909b788bc2afeba578e7ce9df961fa9e48eb69382bfeb5b73664ce4b6f5198ded5a415366edc78aada119fcbb7a91d284c65254a6132576525ca5c41aeb3e17dc2d32f54cea6ec1738f7e6db067346fab09e74367c6c6c2cdf4f66455aefa2458b2eb6e387fe284c65254a6132576525ca5c41a3050b16fcbc5e84d3a522337d77943b95d6d778894ada9e7c1b614e489f9839383898ef23b36aebd6ad47aa1d7173be6da55398ca4a94c264aeca4a94b982469dffffb1f5374a707abfef5648eb6d382b3e986f2384373636f627cb972faf8d8c8ce4fbc7acaad6ff87ea5fc667d6ae5dfbbd7c1b4ba63095952885c95c959528730575d5f1f68755f11daf97e0d93e1b5e97d6db50c4c7d376e5db0aa1bdf6da6b03fdfdfdf9bed1124b972efdbcda11ff34dfc656a8b6e3ed2a7f9e7f3fa7309595d20b93b96acf943e57d0a899d799eaf679f5029c3e8ebe95d2fa1bcaf8bc7c5b21b40d1b36fc76c78e1df97ed1129b366d4a1f7bfb0ff936b642c38bc22d5fd014a6b2527a613257ed99d2e70a1a35f33a537d7f43fd7e2fbffc727e389e5569fd0ddbbc21df56086d6060e0dcfefdfbf3fda2258687870f7674740ce5dbd80a0d2f0ab77c415398ca4ae985c95cb5674a9f2b68d4cceb4c5757d7eefaedfbf6edcb0fc7b32aadbfbe2d69bb1ab713c25bb366cd95d97eeff09b397cf870ba34e5837c1b5b618a17b2295fd014a6b2527a619a629ecc551ba4f4b9824653bcbe4c7a9da9be1eab7fbfd51d20adbf611b8f657f1d886df9f2e5d7bffcf2cb7cbf6889f3e7cf5faa76c293f936b6c2142f60796ebca0294c65a5f4c234c51ce5315705a6f4b9824653bcaee449af33ff5bff73ab3b405a7f7d5bbababac6f2bf0f84b668d1a2dab56bd7f2fda225aaed481f779fbf60141d85a9ace4cf4fbbc65c9595fcf9118994567780b4fe86edf943de5320b465cb965d6bf5bf86ebce9e3dfbdf9de59f117fbbd32504c5a6f4339753cc93b96a83943e57d0688ad79749af33e9cc73fdfbadee00ce8833a73df1c41363adbe3eacee934f3ed9d759ee35e2df2a4a750a535929bd3099abf64ce973058d9a799de9748d3894e1a9a79e3a5ecabba6bcf5d65bbb0a7cd794492f608d14a6b2527a613257ed99d2e70a1a35f33ae35d53a0106bd7aedd59cafb88af5bb72e7ddc6e29ef237ed317b0460a535929bd3099abf64ce973058d9a799de9f43ee25086fefefebf58b366cdf57cc768816bdddddd073b0bf964cd66294c65254a6132576525ca5c415d67419facf9f8e38f5f6f28e23e5993b965eddab5df5bba74e9f8c8c848be6fccaa13274ebc53ed80a7d3f6e4db583285a9ac44294ce6aaac44992ba8ebeeeefe6175cc1daf17e0e3c78fe787e55991d6db50c2c7d376e5db0ae1ad5ebdfa8dc1c1c17cff9855cf3cf3cc6faa9d7073be6da55398ca4a94c264aeca4a94b98246d531375d0e7aa3046fdebc393f2ccf8ab4de86223e986f23cc09d5bf407fd2d7d7f7d5d8d858be8fcc8ad1d1d1f7ab1d70246d47be6da55398ca4a94c264aeca4a94b982460b162cf879bd0457c7df593f2b9ed6d7d5d5f5cd6529697bf26d843963e5ca95af6cd9b225df4f6645b5ee7fa976c2e7f26d6a070a5359895298cc555989325790ab8ebd7beb4578fdfaf5f9e1f99e4aeb6b381bbe37df369853e6cf9fffe3dededecbb3fd7ea2fbf6ed4b97a48ca4f5e7dbd40e14a6b212a53099abb21265ae20d7d5d5f5b3ea18fc75bd10efdcb9333f4cdf13693d0d25fcebb41df9b6c19cd3d3d3f3ab65cb965d191d1dcdf7997b626464e43faa1df08b2a0fe6dbd22e14a6b212a53099abb21265ae602a1d1d1dbfae97e27489ca810307f2c3f55d9596df78494a5a7fbe4d3067f5f5f50df4f7f75f4e079f7be9ead5ab9f543bfc07d5cef8d7f936b41385a9ac44294ce6aaac44992b984a6f6fef0faa42fc61bd182f59b2e49e95f1b4dc6a7ddf9c814feb4debcfb709e6b4c58b176f5db56ad5857b75667c6464644f2ae1d50ef88ff9badb8dc25456a21426735556a2cc15dc4c753cbebfcaf1c633e3434343f9e17b46d2f21acf844faceffe7c5b80cac2850b9fecebeb1bbbdbd78c4f5c137eacddcf84d7294c65254a6132576525ca5cc1ad54c7e59f3696f194f40b95337d3795f4f8ec17336f94f0b4be7c1b8006d58ef2604f4fcfe8c68d1b4f5dba7429dfb7eec8850b17de9b78779491b4dc7c5ded4a612a2b510a93b92a2b51e60a6e279da1ee6cb84c25259d1d4feff77de2c489fcd07e4be9fee971d959f01b97a3a4f5e4eb06a650ed403faa7698e7162d5a74f1a5975e3a72f6ecd96bf9ce760bd74e9e3cf9cec0c0c08d774649cb49cbcbd7d1ce14a6b212a53099abb21265aea019e99aed895fe0cc0b746dc58a15b5eddbb7d7f6efdf5f3b72e448edfcf9f3370ef6e96bfa73fa7eba3dfbd8fa7aaea7e5ba261ca6217dd84eb5136dae8af4c8430f3df4c5a64d9b0e0c0f0f1f3c7cf8f0b173e7cefdbeda0f2f8d8c8c1c3d74e8d0beeaa0f5e6ba75eb06abc71cac1ef33fe971edf8613dcd5098ca4a94c264aeca4a94b9823b31f1d686dfbccff80cb3d75b14c2ddf1dd050b16fc59b543fd7df52fdba16ae74a9f8a59bfa62c7d7d3f7d3fdd9eee97ee9f2f201285a9ac44294ce6aaac44992b988eea78fe8bead83e58657c8a827daba4fb0fa6c7e7cb04b82b14a6b212a53099abb21265ae60267a7b7befab8af5bc8e8e8ee7abafbbaa7c56e5f244e94e5fd39f774ddc3e2fdd3f5f06c05da53095952885c95c959528730500a1284c65254a6132576525ca5c0140280a5359895298cc555989325700108ac25456a21426735556a2cc150084a23095952885c95c959528730500a1284c65254a6132576525ca5c0140280a5359895298cc555989325700108ac25456a21426735556a2cc150084a23095952885c95c959528730500a1284c65254a6132576525ca5c0140280a5359895298cc555989325700108ac25456a21426735556a2cc150084a23095952885c95c959528730500a1284c65254a6132576525ca5c0140280a5359895298cc555989325700108ac25456a21426735556a2cc150084a23095952885c95c959528730500a1ecdab5ebfa952b57261db865f6533d0fa7aac274357f8eda91b92a2791e60a0042191e1e3e75e6cc9949076f99fd7cf1c517ff5c15a6f7f3e7a81d99ab721269ae002094ddbb77ff72cf9e3d174f9f3e7dce19ccd6a4fab99ffefcf3cf7f5395a563551ec89fa37664ae5a9f88730500e1a483743a6356653c5d4b2ab39ef4734f3fff506529fd7d26fe5ee6aa35093957000000000000000000000000000000000000000000000000000004f07f07178e4d89a3c38c0000000049454e44ae426082', true);
INSERT INTO public.act_ge_bytearray (id_, rev_, name_, deployment_id_, bytes_, generated_) VALUES ('d94ac64e-f515-11f0-83bf-1a46ed4020c1', 1, 'fu-20260114-paed3z.bpmn', 'd94ac64d-f515-11f0-83bf-1a46ed4020c1', '\x3c3f786d6c2076657273696f6e3d22312e302220656e636f64696e673d225554462d38223f3e0a3c62706d6e3a646566696e6974696f6e7320786d6c6e733a7873693d22687474703a2f2f7777772e77332e6f72672f323030312f584d4c536368656d612d696e7374616e63652220786d6c6e733a62706d6e3d22687474703a2f2f7777772e6f6d672e6f72672f737065632f42504d4e2f32303130303532342f4d4f44454c2220786d6c6e733a62706d6e64693d22687474703a2f2f7777772e6f6d672e6f72672f737065632f42504d4e2f32303130303532342f44492220786d6c6e733a64633d22687474703a2f2f7777772e6f6d672e6f72672f737065632f44442f32303130303532342f44432220786d6c6e733a64693d22687474703a2f2f7777772e6f6d672e6f72672f737065632f44442f32303130303532342f44492220786d6c6e733a637573746f6d3d22687474703a2f2f637573746f6d2e62706d6e2e696f2f736368656d61222069643d22446566696e6974696f6e735f3122207461726765744e616d6573706163653d22687474703a2f2f62706d6e2e696f2f736368656d612f62706d6e223e0a20203c62706d6e3a70726f636573732069643d2250726f636573735f312220697345786563757461626c653d2274727565223e0a202020203c62706d6e3a73746172744576656e742069643d2253746172744576656e745f3122206e616d653d22e5bc80e5a78b223e0a2020202020203c62706d6e3a6f7574676f696e673e466c6f775f313c2f62706d6e3a6f7574676f696e673e0a202020203c2f62706d6e3a73746172744576656e743e0a202020203c62706d6e3a656e644576656e742069643d22456e644576656e745f3122206e616d653d22e7bb93e69d9f223e0a2020202020203c62706d6e3a696e636f6d696e673e466c6f775f3069336d7167613c2f62706d6e3a696e636f6d696e673e0a202020203c2f62706d6e3a656e644576656e743e0a202020203c62706d6e3a73657175656e6365466c6f772069643d22466c6f775f312220736f757263655265663d2253746172744576656e745f3122207461726765745265663d2241637469766974795f30396468337a3922202f3e0a202020203c62706d6e3a757365725461736b2069643d2241637469766974795f30396468337a39223e0a2020202020203c62706d6e3a657874656e73696f6e456c656d656e74733e0a20202020202020203c637573746f6d3a70726f706572746965733e0a202020202020202020203c637573746f6d3a76616c756573206e616d653d22666f726d4964222076616c75653d223722202f3e0a202020202020202020203c637573746f6d3a76616c756573206e616d653d22666f726d4e616d65222076616c75653d2274657374466f726d22202f3e0a202020202020202020203c637573746f6d3a76616c756573206e616d653d22666f726d4964222076616c75653d223722202f3e0a202020202020202020203c637573746f6d3a76616c756573206e616d653d22666f726d4e616d65222076616c75653d2274657374466f726d22202f3e0a202020202020202020203c637573746f6d3a76616c756573206e616d653d22666f726d4964222076616c75653d223722202f3e0a202020202020202020203c637573746f6d3a76616c756573206e616d653d22666f726d4e616d65222076616c75653d2274657374466f726d22202f3e0a202020202020202020203c637573746f6d3a76616c756573206e616d653d2261737369676e656554797065222076616c75653d2246495845445f4445505422202f3e0a202020202020202020203c637573746f6d3a76616c756573206e616d653d2261737369676e656556616c7565222076616c75653d22444550542d485222202f3e0a202020202020202020203c637573746f6d3a76616c756573206e616d653d2261737369676e65654c6162656c222076616c75653d2248756d616e205265736f757263657322202f3e0a202020202020202020203c637573746f6d3a76616c756573206e616d653d2263616e6469646174655573657273222076616c75653d2222202f3e0a202020202020202020203c637573746f6d3a76616c756573206e616d653d2263616e64696461746547726f757073222076616c75653d2222202f3e0a20202020202020203c2f637573746f6d3a70726f706572746965733e0a2020202020203c2f62706d6e3a657874656e73696f6e456c656d656e74733e0a2020202020203c62706d6e3a696e636f6d696e673e466c6f775f313c2f62706d6e3a696e636f6d696e673e0a2020202020203c62706d6e3a6f7574676f696e673e466c6f775f30756e37686c683c2f62706d6e3a6f7574676f696e673e0a202020203c2f62706d6e3a757365725461736b3e0a202020203c62706d6e3a73657175656e6365466c6f772069643d22466c6f775f30756e37686c682220736f757263655265663d2241637469766974795f30396468337a3922207461726765745265663d2241637469766974795f306d767635686322202f3e0a202020203c62706d6e3a73657175656e6365466c6f772069643d22466c6f775f3069336d7167612220736f757263655265663d2241637469766974795f306d767635686322207461726765745265663d22456e644576656e745f3122202f3e0a202020203c62706d6e3a757365725461736b2069643d2241637469766974795f306d7676356863223e0a2020202020203c62706d6e3a657874656e73696f6e456c656d656e74733e0a20202020202020203c637573746f6d3a70726f706572746965733e0a202020202020202020203c637573746f6d3a76616c756573206e616d653d2261737369676e656554797065222076616c75653d2246495845445f4445505422202f3e0a202020202020202020203c637573746f6d3a76616c756573206e616d653d2261737369676e656556616c7565222076616c75653d22444550542d434f52502d42414e4b494e4722202f3e0a202020202020202020203c637573746f6d3a76616c756573206e616d653d2261737369676e65654c6162656c222076616c75653d22436f72706f726174652042616e6b696e6722202f3e0a202020202020202020203c637573746f6d3a76616c756573206e616d653d2263616e6469646174655573657273222076616c75653d2222202f3e0a202020202020202020203c637573746f6d3a76616c756573206e616d653d2263616e64696461746547726f757073222076616c75653d2222202f3e0a202020202020202020203c637573746f6d3a76616c756573206e616d653d22666f726d4964222076616c75653d223722202f3e0a202020202020202020203c637573746f6d3a76616c756573206e616d653d22666f726d4e616d65222076616c75653d2274657374466f726d22202f3e0a20202020202020203c2f637573746f6d3a70726f706572746965733e0a2020202020203c2f62706d6e3a657874656e73696f6e456c656d656e74733e0a2020202020203c62706d6e3a696e636f6d696e673e466c6f775f30756e37686c683c2f62706d6e3a696e636f6d696e673e0a2020202020203c62706d6e3a6f7574676f696e673e466c6f775f3069336d7167613c2f62706d6e3a6f7574676f696e673e0a202020203c2f62706d6e3a757365725461736b3e0a20203c2f62706d6e3a70726f636573733e0a20203c62706d6e64693a42504d4e4469616772616d2069643d2242504d4e4469616772616d5f31223e0a202020203c62706d6e64693a42504d4e506c616e652069643d2242504d4e506c616e655f31222062706d6e456c656d656e743d2250726f636573735f31223e0a2020202020203c62706d6e64693a42504d4e53686170652069643d2253746172744576656e745f315f6469222062706d6e456c656d656e743d2253746172744576656e745f31223e0a20202020202020203c64633a426f756e647320783d223138302220793d22313630222077696474683d22333622206865696768743d22333622202f3e0a20202020202020203c62706d6e64693a42504d4e4c6162656c3e0a202020202020202020203c64633a426f756e647320783d223138372220793d22323033222077696474683d22323222206865696768743d22313422202f3e0a20202020202020203c2f62706d6e64693a42504d4e4c6162656c3e0a2020202020203c2f62706d6e64693a42504d4e53686170653e0a2020202020203c62706d6e64693a42504d4e53686170652069643d22456e644576656e745f315f6469222062706d6e456c656d656e743d22456e644576656e745f31223e0a20202020202020203c64633a426f756e647320783d223639322220793d22313630222077696474683d22333622206865696768743d22333622202f3e0a20202020202020203c62706d6e64693a42504d4e4c6162656c3e0a202020202020202020203c64633a426f756e647320783d223639392220793d22323033222077696474683d22323222206865696768743d22313422202f3e0a20202020202020203c2f62706d6e64693a42504d4e4c6162656c3e0a2020202020203c2f62706d6e64693a42504d4e53686170653e0a2020202020203c62706d6e64693a42504d4e53686170652069643d2241637469766974795f3131326a75366a5f6469222062706d6e456c656d656e743d2241637469766974795f30396468337a39223e0a20202020202020203c64633a426f756e647320783d223236302220793d22313338222077696474683d2231303022206865696768743d22383022202f3e0a2020202020203c2f62706d6e64693a42504d4e53686170653e0a2020202020203c62706d6e64693a42504d4e53686170652069643d2241637469766974795f30397962666d375f6469222062706d6e456c656d656e743d2241637469766974795f306d7676356863223e0a20202020202020203c64633a426f756e647320783d223431302220793d22313338222077696474683d2231303022206865696768743d22383022202f3e0a2020202020203c2f62706d6e64693a42504d4e53686170653e0a2020202020203c62706d6e64693a42504d4e456467652069643d22466c6f775f315f6469222062706d6e456c656d656e743d22466c6f775f31223e0a20202020202020203c64693a776179706f696e7420783d223231362220793d2231373822202f3e0a20202020202020203c64693a776179706f696e7420783d223236302220793d2231373822202f3e0a2020202020203c2f62706d6e64693a42504d4e456467653e0a2020202020203c62706d6e64693a42504d4e456467652069643d22466c6f775f30756e37686c685f6469222062706d6e456c656d656e743d22466c6f775f30756e37686c68223e0a20202020202020203c64693a776179706f696e7420783d223336302220793d2231373822202f3e0a20202020202020203c64693a776179706f696e7420783d223431302220793d2231373822202f3e0a2020202020203c2f62706d6e64693a42504d4e456467653e0a2020202020203c62706d6e64693a42504d4e456467652069643d22466c6f775f3069336d7167615f6469222062706d6e456c656d656e743d22466c6f775f3069336d716761223e0a20202020202020203c64693a776179706f696e7420783d223531302220793d2231373822202f3e0a20202020202020203c64693a776179706f696e7420783d223639322220793d2231373822202f3e0a2020202020203c2f62706d6e64693a42504d4e456467653e0a202020203c2f62706d6e64693a42504d4e506c616e653e0a20203c2f62706d6e64693a42504d4e4469616772616d3e0a3c2f62706d6e3a646566696e6974696f6e733e0a', false);
INSERT INTO public.act_ge_bytearray (id_, rev_, name_, deployment_id_, bytes_, generated_) VALUES ('d94f813f-f515-11f0-83bf-1a46ed4020c1', 1, 'fu-20260114-paed3z.Process_1.png', 'd94ac64d-f515-11f0-83bf-1a46ed4020c1', '\x89504e470d0a1a0a0000000d49484452000002e2000000e40806000000dd25410b000010f649444154785eeddddd6f54677e07f07d91aabdccb6bb97b9d9abfd17b6bde9c5ae5a3552762f00bf60909149204aa48002586d521527482d7749c806902a354058b541f18549a3a609845a4a431210091b52b12924e1b51888c16c01870dd3f3504f34796c60b0c1f3cccf9f8ff4958367e69c83e777e67c39399ef9ce7700000000000000000000000000000000000000000000000000000000000000000000000000000000000000000000000000000000000000000000000000000000000000000000000000000000000000000000000000000000000000000000000000000000000000000000000000000000000000000000000000000000000000000000000000000000000000000000000000000000000000000000000000000000000000000000000000000000000000000000000000000000000000000000000000000000000000000000000000000000000000000000000000000000000000000000000000000000000000000000000000000000000000000000000000000000000000000000000000000000000000000000000000000000000000000000000000000000000000000000000000000000000000000000000000000000000000000000000000000000000000000000000000000000000000000000000000000000000000000000000000000000000000000000000000000000000000000000000000000000000000000000008082d46ab53f3a7af4e82befbefbee57bb76edaabdf9e69b32cba97eeed78787874feddebdfb97f9f3d3aecc55eb1371ae002094aa2ceda80ed6b53367ced4ae5cb9521b1f1f97594efab9a79fff9e3d7b2e5605ea81fc396a47e6aaf589385700104a3a63990ed6f9415c663fa74f9f3e5715a6f7f3e7a81d99ab721269ae00209474d980339665243d0f5561ba9a3f47edc85c959348730500a1a46b49f303b7b42ee9f9c89fa37664aeca4a94b90280509a2d4cbfbf70ba76f4837faa1d7aebe91b49ff9dbe97df4f66962885c95c959528730500a13453982e8d9eac7dfcc6dfd63efad7d5df4afa5eba2dbfbf4c3f510a93b92a2b51e60a004269a6301d3f3434a92cd573e2d0ce49f797e9274a6132576525ca5c014028cd14a6ff7a7bfda4a2544fba2dbfbf4c3f510a93b92a2b51e60a004269a6307dfce6da4945a99e745b7e7f997ea21426735556a2cc150084a23095952885c95c959528730500a1345398d2bb59e445a99e745b7e7f997ea21426735556a2cc150084d24c61faf49d172615a57ad26df9fd65fa895298cc555989325700104a3385e9fcc983b58ffffdef2695a5f4bd745b7e7f997ea21426735556a2cc150084d24c614af96cdfd64985297d2fbf9fcc2c510a93b92a2b51e60a004269aa305dbd5afbf43f374e2a4ce97be9b649f79769274a6132576525ca5c014028b72b4ce9130e7ff7ce864965a99e749b4f41bc7b895298cc55598932570010ca4d0bd3d5abb5d39feeaefdf6dffe665249ca93ee93eeeb2ce6cc13a53099abb21265ae002094a90ad3edce56de2cce62ce3c510a93b92a2b51e60a004299aa303573b6f266498fcd9727cd274a6132576525ca5c0140285315a6bc04dd69f2e549f3895298cc55598932570010ca5485495a972885c95c959528730533d1dbdb7b5f6767e7bc8e8e8ee7abafbbaa7c56e57295dac4d7f4e75d13b7cf4bf7cf9701ccd0c58b17ff786868e8e9175e78e1a381818173fdfdfd571e79e491eb69475cbe7cf9b555ab568d3df9e493c79e7efae99dab57affecbea21dfcd971189c25456a21426735556a2cc154c475757d72faa63fc6095f189d2dd6cd2fd07d3e3f3650277e8bdf7de5bfeecb3cf9e5cb66c59ad2adfb51d3b76d4f6efdf5f3b72e448edfcf9f3b5247d4d7f4edf4fb7af59b3e67a5f5fdf7855c8dfe8eeeefe49becc0814a6b212a53099abb21265aee04e5405fa675591de3b45c19e4ef6a6e5e5eb006ee3e0c1837ff5e28b2f9e7af8e1876bafbefa6aedecd9b3374a77b3d2fdd3e3aa42fed5ca952b5fa976c41fe5eb68670a5359895298cc5559893257d08cdedede1f747474fcba2acf37fe6f776356ac5851dbbe7dfb2d4fc4a5dbd3fdf2c7a6e5a5e5a6e5e7eb0432d57ef5fdd75f7f7d2815f02d5bb6d42e5dbaf4ed867d87d2e3d372aa1df0724f4fcfaff2f5b52b85a9ac44294ce6aaac44992bb89daa2cdfdfd5d5f5516381eeeeeeae6ddebcb976e2c489fcd07e4be9fee971e9f15921ff30ad275f3730a1da7feedbb66ddbef1e7df4d1dad1a347f37d6b46d2f2aa727fa5afaf6f205f6f3b5298ca4a94c264aeca4a94b9825ba90af84fab9c6c2ccdebd7afaf1d3f7e3c3f94df91f4f8b49cac8c1f4febcbb701e6bc6a9fb9eff9e79f1f7deaa9a76aa3a3a3f9fe7457a4e5f6f7f75f5ebc78f1d67cfded46612a2b510a93b92a2b51e60a6e66e24cf837253c9dc51e1a1aca0fdf339296979d1d3feecc3834a8f693ef6fdbb6edd354c2d3c1e75e4acb5fb56ad585850b173e996f473b5198ca4a94c264aeca4a94b982a9a46bb61b2f4759b26449edc08103f961fbae48cb4dcb6f28e31fba661c26a46bc21f7becb17b76263c97d6b374e9d2b16a477c30df9676a13095952885c95c95952873055399f8c5cc6fce84dfab125e9796df78663cad3fdf269873aa1de381f48b9977fb9af0db49ebebe9e9199d3f7ffe8ff36d6a070a5359895298cc5559893257909b788bc2afeba578e7ce9df961fa9e48eb69382bfeb5b73664ce4b6f5198ded5a415366edc78aada119fcbb7a91d284c65254a6132576525ca5c41aeb3e17dc2d32f54cea6ec1738f7e6db067346fab09e74367c6c6c2cdf4f66455aefa2458b2eb6e387fe284c65254a6132576525ca5c41a3050b16fcbc5e84d3a522337d77943b95d6d778894ada9e7c1b614e489f9839383898ef23b36aebd6ad47aa1d7173be6da55398ca4a94c264aeca4a94b982469dffffb1f5374a707abfef5648eb6d382b3e986f2384373636f627cb972faf8d8c8ce4fbc7acaad6ff87ea5fc667d6ae5dfbbd7c1b4ba63095952885c95c959528730575d5f1f68755f11daf97e0d93e1b5e97d6db50c4c7d376e5db0aa1bdf6da6b03fdfdfdf9bed1124b972efdbcda11ff34dfc656a8b6e3ed2a7f9e7f3fa7309595d20b93b96acf943e57d0a899d799eaf679f5029c3e8ebe95d2fa1bcaf8bc7c5b21b40d1b36fc76c78e1df97ed1129b366d4a1f7bfb0ff936b642c38bc22d5fd014a6b2527a613257ed99d2e70a1a35f33a537d7f43fd7e2fbffc727e389e5569fd0ddbbc21df56086d6060e0dcfefdfbf3fda2258687870f7674740ce5dbd80a0d2f0ab77c415398ca4ae985c95cb5674a9f2b68d4cceb4c5757d7eefaedfbf6edcb0fc7b32aadbfbe2d69bb1ab713c25bb366cd95d97eeff09b397cf870ba34e5837c1b5b618a17b2295fd014a6b2527a619a629ecc551ba4f4b9824653bcbe4c7a9da9be1eab7fbfd51d20adbf611b8f657f1d886df9f2e5d7bffcf2cb7cbf6889f3e7cf5faa76c293f936b6c2142f60796ebca0294c65a5f4c234c51ce5315705a6f4b9824653bcaee449af33ff5bff73ab3b405a7f7d5bbababac6f2bf0f84b668d1a2dab56bd7f2fda225aaed481f779fbf60141d85a9ace4cf4fbbc65c9595fcf9118994567780b4fe86edf943de5320b465cb965d6bf5bf86ebce9e3dfbdf9de59f117fbbd32504c5a6f4339753cc93b96a83943e57d0688ad79749af33e9cc73fdfbadee00ce8833a73df1c41363adbe3eacee934f3ed9d759ee35e2df2a4a750a535929bd3099abf64ce973058d9a799de9748d3894e1a9a79e3a5ecabba6bcf5d65bbb0a7cd794492f608d14a6b2527a613257ed99d2e70a1a35f33ae35d53a0106bd7aedd59cafb88af5bb72e7ddc6e29ef237ed317b0460a535929bd3099abf64ce973058d9a799de9f43ee25086fefefebf58b366cdf57cc768816bdddddd073b0bf964cd66294c65254a6132576525ca5c415d67419facf9f8e38f5f6f28e23e5993b965eddab5df5bba74e9f8c8c848be6fccaa13274ebc53ed80a7d3f6e4db583285a9ac44294ce6aaac44992ba8ebeeeefe6175cc1daf17e0e3c78fe787e55991d6db50c2c7d376e5db0ae1ad5ebdfa8dc1c1c17cff9855cf3cf3cc6faa9d7073be6da55398ca4a94c264aeca4a94b98246d531375d0e7aa3046fdebc393f2ccf8ab4de86223e986f23cc09d5bf407fd2d7d7f7d5d8d858be8fcc8ad1d1d1f7ab1d70246d47be6da55398ca4a94c264aeca4a94b982460b162cf879bd0457c7df593f2b9ed6d7d5d5f5cd6529697bf26d843963e5ca95af6cd9b225df4f6645b5ee7fa976c2e7f26d6a070a5359895298cc555989325790ab8ebd7beb4578fdfaf5f9e1f99e4aeb6b381bbe37df369853e6cf9fffe3dededecbb3fd7ea2fbf6ed4b97a48ca4f5e7dbd40e14a6b212a53099abb21265ae20d7d5d5f5b3ea18fc75bd10efdcb9333f4cdf13693d0d25fcebb41df9b6c19cd3d3d3f3ab65cb965d191d1dcdf7997b626464e43faa1df08b2a0fe6dbd22e14a6b212a53099abb21265ae602a1d1d1dbfae97e27489ca810307f2c3f55d9596df78494a5a7fbe4d3067f5f5f50df4f7f75f4e079f7be9ead5ab9f543bfc07d5cef8d7f936b41385a9ac44294ce6aaac44992b984a6f6fef0faa42fc61bd182f59b2e49e95f1b4dc6a7ddf9c814feb4debcfb709e6b4c58b176f5db56ad5857b75667c6464644f2ae1d50ef88ff9badb8dc25456a21426735556a2cc15dc4c753cbebfcaf1c633e3434343f9e17b46d2f21acf844faceffe7c5b80cac2850b9fecebeb1bbbdbd78c4f5c137eacddcf84d7294c65254a6132576525ca5cc1ad54c7e59f3696f194f40b95337d3795f4f8ec17336f94f0b4be7c1b8006d58ef2604f4fcfe8c68d1b4f5dba7429dfb7eec8850b17de9b78779491b4dc7c5ded4a612a2b510a93b92a2b51e60a6e279da1ee6cb84c25259d1d4feff77de2c489fcd07e4be9fee971d959f01b97a3a4f5e4eb06a650ed403faa7698e7162d5a74f1a5975e3a72f6ecd96bf9ce760bd74e9e3cf9cec0c0c08d774649cb49cbcbd7d1ce14a6b212a53099abb21265aea019e99aed895fe0cc0b746dc58a15b5eddbb7d7f6efdf5f3b72e448edfcf9f3370ef6e96bfa73fa7eba3dfbd8fa7aaea7e5ba261ca6217dd84eb5136dae8af4c8430f3df4c5a64d9b0e0c0f0f1f3c7cf8f0b173e7cefdbeda0f2f8d8c8c1c3d74e8d0beeaa0f5e6ba75eb06abc71cac1ef33fe971edf8613dcd5098ca4a94c264aeca4a94b9823b31f1d686dfbccff80cb3d75b14c2ddf1dd050b16fc59b543fd7df52fdba16ae74a9f8a59bfa62c7d7d3f7d3fdd9eee97ee9f2f201285a9ac44294ce6aaac44992b988eea78fe8bead83e58657c8a827daba4fb0fa6c7e7cb04b82b14a6b212a53099abb21265ae60267a7b7befab8af5bc8e8e8ee7abafbbaa7c56e5f244e94e5fd39f774ddc3e2fdd3f5f06c05da53095952885c95c959528730500a1284c65254a6132576525ca5c0140280a5359895298cc555989325700108ac25456a21426735556a2cc150084a23095952885c95c959528730500a1284c65254a6132576525ca5c0140280a5359895298cc555989325700108ac25456a21426735556a2cc150084a23095952885c95c959528730500a1284c65254a6132576525ca5c0140280a5359895298cc555989325700108ac25456a21426735556a2cc150084a23095952885c95c959528730500a1284c65254a6132576525ca5c0140280a5359895298cc555989325700108ac25456a21426735556a2cc150084a23095952885c95c959528730500a1ecdab5ebfa952b57261db865f6533d0fa7aac274357f8eda91b92a2791e60a0042191e1e3e75e6cc9949076f99fd7cf1c517ff5c15a6f7f3e7a81d99ab721269ae002094ddbb77ff72cf9e3d174f9f3e7dce19ccd6a4fab99ffefcf3cf7f5395a563551ec89fa37664ae5a9f88730500e1a483743a6356653c5d4b2ab39ef4734f3fff506529fd7d26fe5ee6aa35093957000000000000000000000000000000000000000000000000000004f07f07178e4d89a3c38c0000000049454e44ae426082', true);
INSERT INTO public.act_ge_bytearray (id_, rev_, name_, deployment_id_, bytes_, generated_) VALUES ('022c2807-f537-11f0-83bf-1a46ed4020c1', 1, 'Process_1.bpmn', '022c2806-f537-11f0-83bf-1a46ed4020c1', '\x3c3f786d6c2076657273696f6e3d22312e302220656e636f64696e673d225554462d38223f3e3c62706d6e3a646566696e6974696f6e7320786d6c6e733a7873693d22687474703a2f2f7777772e77332e6f72672f323030312f584d4c536368656d612d696e7374616e63652220786d6c6e733a62706d6e3d22687474703a2f2f7777772e6f6d672e6f72672f737065632f42504d4e2f32303130303532342f4d4f44454c2220786d6c6e733a62706d6e64693d22687474703a2f2f7777772e6f6d672e6f72672f737065632f42504d4e2f32303130303532342f44492220786d6c6e733a64633d22687474703a2f2f7777772e6f6d672e6f72672f737065632f44442f32303130303532342f44432220786d6c6e733a64693d22687474703a2f2f7777772e6f6d672e6f72672f737065632f44442f32303130303532342f44492220786d6c6e733a637573746f6d3d22687474703a2f2f637573746f6d2e62706d6e2e696f2f736368656d61222069643d22446566696e6974696f6e735f3122207461726765744e616d6573706163653d22687474703a2f2f62706d6e2e696f2f736368656d612f62706d6e223e0a20203c62706d6e3a70726f636573732069643d2250726f636573735f312220697345786563757461626c653d2274727565223e0a202020203c62706d6e3a73746172744576656e742069643d2253746172744576656e745f3122206e616d653d22e5bc80e5a78b223e0a2020202020203c62706d6e3a6f7574676f696e673e466c6f775f313c2f62706d6e3a6f7574676f696e673e0a202020203c2f62706d6e3a73746172744576656e743e0a202020203c62706d6e3a656e644576656e742069643d22456e644576656e745f3122206e616d653d22e7bb93e69d9f223e0a2020202020203c62706d6e3a696e636f6d696e673e466c6f775f3069336d7167613c2f62706d6e3a696e636f6d696e673e0a202020203c2f62706d6e3a656e644576656e743e0a202020203c62706d6e3a73657175656e6365466c6f772069643d22466c6f775f312220736f757263655265663d2253746172744576656e745f3122207461726765745265663d2241637469766974795f30396468337a39222f3e0a202020203c62706d6e3a757365725461736b2069643d2241637469766974795f30396468337a39223e0a2020202020203c62706d6e3a657874656e73696f6e456c656d656e74733e0a20202020202020203c637573746f6d3a70726f706572746965733e0a202020202020202020200a202020202020202020200a202020202020202020200a202020202020202020200a202020202020202020200a202020202020202020200a202020202020202020203c637573746f6d3a76616c756573206e616d653d2261737369676e656554797065222076616c75653d2246495845445f44455054222f3e0a202020202020202020203c637573746f6d3a76616c756573206e616d653d2261737369676e656556616c7565222076616c75653d22444550542d4852222f3e0a202020202020202020203c637573746f6d3a76616c756573206e616d653d2261737369676e65654c6162656c222076616c75653d2248756d616e205265736f7572636573222f3e0a202020202020202020203c637573746f6d3a76616c756573206e616d653d2263616e6469646174655573657273222076616c75653d22222f3e0a202020202020202020203c637573746f6d3a76616c756573206e616d653d2263616e64696461746547726f757073222076616c75653d22222f3e0a20202020202020203c637573746f6d3a70726f7065727479206e616d653d22666f726d4964222076616c75653d2237222f3e3c637573746f6d3a70726f7065727479206e616d653d22666f726d4e616d65222076616c75653d2274657374466f726d222f3e3c2f637573746f6d3a70726f706572746965733e0a2020202020203c2f62706d6e3a657874656e73696f6e456c656d656e74733e0a2020202020203c62706d6e3a696e636f6d696e673e466c6f775f313c2f62706d6e3a696e636f6d696e673e0a2020202020203c62706d6e3a6f7574676f696e673e466c6f775f30756e37686c683c2f62706d6e3a6f7574676f696e673e0a202020203c2f62706d6e3a757365725461736b3e0a202020203c62706d6e3a73657175656e6365466c6f772069643d22466c6f775f30756e37686c682220736f757263655265663d2241637469766974795f30396468337a3922207461726765745265663d2241637469766974795f306d7676356863222f3e0a202020203c62706d6e3a73657175656e6365466c6f772069643d22466c6f775f3069336d7167612220736f757263655265663d2241637469766974795f306d767635686322207461726765745265663d22456e644576656e745f31222f3e0a202020203c62706d6e3a757365725461736b2069643d2241637469766974795f306d7676356863223e0a2020202020203c62706d6e3a657874656e73696f6e456c656d656e74733e0a20202020202020203c637573746f6d3a70726f706572746965733e0a202020202020202020203c637573746f6d3a76616c756573206e616d653d2261737369676e656554797065222076616c75653d2246495845445f44455054222f3e0a202020202020202020203c637573746f6d3a76616c756573206e616d653d2261737369676e656556616c7565222076616c75653d22444550542d434f52502d42414e4b494e47222f3e0a202020202020202020203c637573746f6d3a76616c756573206e616d653d2261737369676e65654c6162656c222076616c75653d22436f72706f726174652042616e6b696e67222f3e0a202020202020202020203c637573746f6d3a76616c756573206e616d653d2263616e6469646174655573657273222076616c75653d22222f3e0a202020202020202020203c637573746f6d3a76616c756573206e616d653d2263616e64696461746547726f757073222076616c75653d22222f3e0a202020202020202020200a202020202020202020200a20202020202020203c2f637573746f6d3a70726f706572746965733e0a2020202020203c2f62706d6e3a657874656e73696f6e456c656d656e74733e0a2020202020203c62706d6e3a696e636f6d696e673e466c6f775f30756e37686c683c2f62706d6e3a696e636f6d696e673e0a2020202020203c62706d6e3a6f7574676f696e673e466c6f775f3069336d7167613c2f62706d6e3a6f7574676f696e673e0a202020203c2f62706d6e3a757365725461736b3e0a20203c2f62706d6e3a70726f636573733e0a20203c62706d6e64693a42504d4e4469616772616d2069643d2242504d4e4469616772616d5f31223e0a202020203c62706d6e64693a42504d4e506c616e652069643d2242504d4e506c616e655f31222062706d6e456c656d656e743d2250726f636573735f31223e0a2020202020203c62706d6e64693a42504d4e53686170652069643d2253746172744576656e745f315f6469222062706d6e456c656d656e743d2253746172744576656e745f31223e0a20202020202020203c64633a426f756e647320783d223138302220793d22313630222077696474683d22333622206865696768743d223336222f3e0a20202020202020203c62706d6e64693a42504d4e4c6162656c3e0a202020202020202020203c64633a426f756e647320783d223138372220793d22323033222077696474683d22323222206865696768743d223134222f3e0a20202020202020203c2f62706d6e64693a42504d4e4c6162656c3e0a2020202020203c2f62706d6e64693a42504d4e53686170653e0a2020202020203c62706d6e64693a42504d4e53686170652069643d22456e644576656e745f315f6469222062706d6e456c656d656e743d22456e644576656e745f31223e0a20202020202020203c64633a426f756e647320783d223639322220793d22313630222077696474683d22333622206865696768743d223336222f3e0a20202020202020203c62706d6e64693a42504d4e4c6162656c3e0a202020202020202020203c64633a426f756e647320783d223639392220793d22323033222077696474683d22323222206865696768743d223134222f3e0a20202020202020203c2f62706d6e64693a42504d4e4c6162656c3e0a2020202020203c2f62706d6e64693a42504d4e53686170653e0a2020202020203c62706d6e64693a42504d4e53686170652069643d2241637469766974795f3131326a75366a5f6469222062706d6e456c656d656e743d2241637469766974795f30396468337a39223e0a20202020202020203c64633a426f756e647320783d223236302220793d22313338222077696474683d2231303022206865696768743d223830222f3e0a2020202020203c2f62706d6e64693a42504d4e53686170653e0a2020202020203c62706d6e64693a42504d4e53686170652069643d2241637469766974795f30397962666d375f6469222062706d6e456c656d656e743d2241637469766974795f306d7676356863223e0a20202020202020203c64633a426f756e647320783d223431302220793d22313338222077696474683d2231303022206865696768743d223830222f3e0a2020202020203c2f62706d6e64693a42504d4e53686170653e0a2020202020203c62706d6e64693a42504d4e456467652069643d22466c6f775f315f6469222062706d6e456c656d656e743d22466c6f775f31223e0a20202020202020203c64693a776179706f696e7420783d223231362220793d22313738222f3e0a20202020202020203c64693a776179706f696e7420783d223236302220793d22313738222f3e0a2020202020203c2f62706d6e64693a42504d4e456467653e0a2020202020203c62706d6e64693a42504d4e456467652069643d22466c6f775f30756e37686c685f6469222062706d6e456c656d656e743d22466c6f775f30756e37686c68223e0a20202020202020203c64693a776179706f696e7420783d223336302220793d22313738222f3e0a20202020202020203c64693a776179706f696e7420783d223431302220793d22313738222f3e0a2020202020203c2f62706d6e64693a42504d4e456467653e0a2020202020203c62706d6e64693a42504d4e456467652069643d22466c6f775f3069336d7167615f6469222062706d6e456c656d656e743d22466c6f775f3069336d716761223e0a20202020202020203c64693a776179706f696e7420783d223531302220793d22313738222f3e0a20202020202020203c64693a776179706f696e7420783d223639322220793d22313738222f3e0a2020202020203c2f62706d6e64693a42504d4e456467653e0a202020203c2f62706d6e64693a42504d4e506c616e653e0a20203c2f62706d6e64693a42504d4e4469616772616d3e0a3c2f62706d6e3a646566696e6974696f6e733e', false);
INSERT INTO public.act_ge_bytearray (id_, rev_, name_, deployment_id_, bytes_, generated_) VALUES ('023094d8-f537-11f0-83bf-1a46ed4020c1', 1, 'Process_1.Process_1.png', '022c2806-f537-11f0-83bf-1a46ed4020c1', '\x89504e470d0a1a0a0000000d49484452000002e2000000e40806000000dd25410b000010f649444154785eeddddd6f54677e07f07d91aabdccb6bb97b9d9abfd17b6bde9c5ae5a3552762f00bf60909149204aa48002586d521527482d7749c806902a354058b541f18549a3a609845a4a431210091b52b12924e1b51888c16c01870dd3f3504f34796c60b0c1f3cccf9f8ff4958367e69c83e777e67c39399ef9ce7700000000000000000000000000000000000000000000000000000000000000000000000000000000000000000000000000000000000000000000000000000000000000000000000000000000000000000000000000000000000000000000000000000000000000000000000000000000000000000000000000000000000000000000000000000000000000000000000000000000000000000000000000000000000000000000000000000000000000000000000000000000000000000000000000000000000000000000000000000000000000000000000000000000000000000000000000000000000000000000000000000000000000000000000000000000000000000000000000000000000000000000000000000000000000000000000000000000000000000000000000000000000000000000000000000000000000000000000000000000000000000000000000000000000000000000000000000000000000000000000000000000000000000000000000000000000000000000000000000000000000000000008082d46ab53f3a7af4e82befbefbee57bb76edaabdf9e69b32cba97eeed78787874feddebdfb97f9f3d3aecc55eb1371ae002094aa2ceda80ed6b53367ced4ae5cb9521b1f1f97594efab9a79fff9e3d7b2e5605ea81fc396a47e6aaf589385700104a3a63990ed6f9415c663fa74f9f3e5715a6f7f3e7a81d99ab721269ae00209474d980339665243d0f5561ba9a3f47edc85c959348730500a1a46b49f303b7b42ee9f9c89fa37664aeca4a94b90280509a2d4cbfbf70ba76f4837faa1d7aebe91b49ff9dbe97df4f66962885c95c959528730500a13453982e8d9eac7dfcc6dfd63efad7d5df4afa5eba2dbfbf4c3f510a93b92a2b51e60a004269a6301d3f3434a92cd573e2d0ce49f797e9274a6132576525ca5c014028cd14a6ff7a7bfda4a2544fba2dbfbf4c3f510a93b92a2b51e60a004269a6307dfce6da4945a99e745b7e7f997ea21426735556a2cc150084a23095952885c95c959528730500a1345398d2bb59e445a99e745b7e7f997ea21426735556a2cc150084d24c61faf49d172615a57ad26df9fd65fa895298cc555989325700104a3385e9fcc983b58ffffdef2695a5f4bd745b7e7f997ea21426735556a2cc150084d24c614af96cdfd64985297d2fbf9fcc2c510a93b92a2b51e60a004269aa305dbd5afbf43f374e2a4ce97be9b649f79769274a6132576525ca5c014028b72b4ce9130e7ff7ce864965a99e749b4f41bc7b895298cc55598932570010ca4d0bd3d5abb5d39feeaefdf6dffe665249ca93ee93eeeb2ce6cc13a53099abb21265ae002094a90ad3edce56de2cce62ce3c510a93b92a2b51e60a004299aa303573b6f266498fcd9727cd274a6132576525ca5c0140285315a6bc04dd69f2e549f3895298cc55598932570010ca5485495a972885c95c959528730533d1dbdb7b5f6767e7bc8e8e8ee7abafbbaa7c56e57295dac4d7f4e75d13b7cf4bf7cf9701ccd0c58b17ff786868e8e9175e78e1a381818173fdfdfd571e79e491eb69475cbe7cf9b555ab568d3df9e493c79e7efae99dab57affecbea21dfcd971189c25456a21426735556a2cc154c475757d72faa63fc6095f189d2dd6cd2fd07d3e3f3650277e8bdf7de5bfeecb3cf9e5cb66c59ad2adfb51d3b76d4f6efdf5f3b72e448edfcf9f3b5247d4d7f4edf4fb7af59b3e67a5f5fdf7855c8dfe8eeeefe49becc0814a6b212a53099abb21265aee04e5405fa675591de3b45c19e4ef6a6e5e5eb006ee3e0c1837ff5e28b2f9e7af8e1876bafbefa6aedecd9b3374a77b3d2fdd3e3aa42fed5ca952b5fa976c41fe5eb68670a5359895298cc5559893257d08cdedede1f747474fcba2acf37fe6f776356ac5851dbbe7dfb2d4fc4a5dbd3fdf2c7a6e5a5e5a6e5e7eb0432d57ef5fdd75f7f7d2815f02d5bb6d42e5dbaf4ed867d87d2e3d372aa1df0724f4fcfaff2f5b52b85a9ac44294ce6aaac44992bb89daa2cdfdfd5d5f5516381eeeeeeae6ddebcb976e2c489fcd07e4be9fee971e9f15921ff30ad275f3730a1da7feedbb66ddbef1e7df4d1dad1a347f37d6b46d2f2aa727fa5afaf6f205f6f3b5298ca4a94c264aeca4a94b9825ba90af84fab9c6c2ccdebd7afaf1d3f7e3c3f94df91f4f8b49cac8c1f4febcbb701e6bc6a9fb9eff9e79f1f7deaa9a76aa3a3a3f9fe7457a4e5f6f7f75f5ebc78f1d67cfded46612a2b510a93b92a2b51e60a6e66e24cf837253c9dc51e1a1aca0fdf339296979d1d3feecc3834a8f693ef6fdbb6edd354c2d3c1e75e4acb5fb56ad585850b173e996f473b5198ca4a94c264aeca4a94b982a9a46bb61b2f4759b26449edc08103f961fbae48cb4dcb6f28e31fba661c26a46bc21f7becb17b76263c97d6b374e9d2b16a477c30df9676a13095952885c95c95952873055399f8c5cc6fce84dfab125e9796df78663cad3fdf269873aa1de381f48b9977fb9af0db49ebebe9e9199d3f7ffe8ff36d6a070a5359895298cc5559893257909b788bc2afeba578e7ce9df961fa9e48eb69382bfeb5b73664ce4b6f5198ded5a415366edc78aada119fcbb7a91d284c65254a6132576525ca5c41aeb3e17dc2d32f54cea6ec1738f7e6db067346fab09e74367c6c6c2cdf4f66455aefa2458b2eb6e387fe284c65254a6132576525ca5c41a3050b16fcbc5e84d3a522337d77943b95d6d778894ada9e7c1b614e489f9839383898ef23b36aebd6ad47aa1d7173be6da55398ca4a94c264aeca4a94b982469dffffb1f5374a707abfef5648eb6d382b3e986f2384373636f627cb972faf8d8c8ce4fbc7acaad6ff87ea5fc667d6ae5dfbbd7c1b4ba63095952885c95c959528730575d5f1f68755f11daf97e0d93e1b5e97d6db50c4c7d376e5db0aa1bdf6da6b03fdfdfdf9bed1124b972efdbcda11ff34dfc656a8b6e3ed2a7f9e7f3fa7309595d20b93b96acf943e57d0a899d799eaf679f5029c3e8ebe95d2fa1bcaf8bc7c5b21b40d1b36fc76c78e1df97ed1129b366d4a1f7bfb0ff936b642c38bc22d5fd014a6b2527a613257ed99d2e70a1a35f33a537d7f43fd7e2fbffc727e389e5569fd0ddbbc21df56086d6060e0dcfefdfbf3fda2258687870f7674740ce5dbd80a0d2f0ab77c415398ca4ae985c95cb5674a9f2b68d4cceb4c5757d7eefaedfbf6edcb0fc7b32aadbfbe2d69bb1ab713c25bb366cd95d97eeff09b397cf870ba34e5837c1b5b618a17b2295fd014a6b2527a619a629ecc551ba4f4b9824653bcbe4c7a9da9be1eab7fbfd51d20adbf611b8f657f1d886df9f2e5d7bffcf2cb7cbf6889f3e7cf5faa76c293f936b6c2142f60796ebca0294c65a5f4c234c51ce5315705a6f4b9824653bcaee449af33ff5bff73ab3b405a7f7d5bbababac6f2bf0f84b668d1a2dab56bd7f2fda225aaed481f779fbf60141d85a9ace4cf4fbbc65c9595fcf9118994567780b4fe86edf943de5320b465cb965d6bf5bf86ebce9e3dfbdf9de59f117fbbd32504c5a6f4339753cc93b96a83943e57d0688ad79749af33e9cc73fdfbadee00ce8833a73df1c41363adbe3eacee934f3ed9d759ee35e2df2a4a750a535929bd3099abf64ce973058d9a799de9748d3894e1a9a79e3a5ecabba6bcf5d65bbb0a7cd794492f608d14a6b2527a613257ed99d2e70a1a35f33ae35d53a0106bd7aedd59cafb88af5bb72e7ddc6e29ef237ed317b0460a535929bd3099abf64ce973058d9a799de9f43ee25086fefefebf58b366cdf57cc768816bdddddd073b0bf964cd66294c65254a6132576525ca5c415d67419facf9f8e38f5f6f28e23e5993b965eddab5df5bba74e9f8c8c848be6fccaa13274ebc53ed80a7d3f6e4db583285a9ac44294ce6aaac44992ba8ebeeeefe6175cc1daf17e0e3c78fe787e55991d6db50c2c7d376e5db0ae1ad5ebdfa8dc1c1c17cff9855cf3cf3cc6faa9d7073be6da55398ca4a94c264aeca4a94b98246d531375d0e7aa3046fdebc393f2ccf8ab4de86223e986f23cc09d5bf407fd2d7d7f7d5d8d858be8fcc8ad1d1d1f7ab1d70246d47be6da55398ca4a94c264aeca4a94b982460b162cf879bd0457c7df593f2b9ed6d7d5d5f5cd6529697bf26d843963e5ca95af6cd9b225df4f6645b5ee7fa976c2e7f26d6a070a5359895298cc555989325790ab8ebd7beb4578fdfaf5f9e1f99e4aeb6b381bbe37df369853e6cf9fffe3dededecbb3fd7ea2fbf6ed4b97a48ca4f5e7dbd40e14a6b212a53099abb21265ae20d7d5d5f5b3ea18fc75bd10efdcb9333f4cdf13693d0d25fcebb41df9b6c19cd3d3d3f3ab65cb965d191d1dcdf7997b626464e43faa1df08b2a0fe6dbd22e14a6b212a53099abb21265ae602a1d1d1dbfae97e27489ca810307f2c3f55d9596df78494a5a7fbe4d3067f5f5f50df4f7f75f4e079f7be9ead5ab9f543bfc07d5cef8d7f936b41385a9ac44294ce6aaac44992b984a6f6fef0faa42fc61bd182f59b2e49e95f1b4dc6a7ddf9c814feb4debcfb709e6b4c58b176f5db56ad5857b75667c6464644f2ae1d50ef88ff9badb8dc25456a21426735556a2cc15dc4c753cbebfcaf1c633e3434343f9e17b46d2f21acf844faceffe7c5b80cac2850b9fecebeb1bbbdbd78c4f5c137eacddcf84d7294c65254a6132576525ca5cc1ad54c7e59f3696f194f40b95337d3795f4f8ec17336f94f0b4be7c1b8006d58ef2604f4fcfe8c68d1b4f5dba7429dfb7eec8850b17de9b78779491b4dc7c5ded4a612a2b510a93b92a2b51e60a6e279da1ee6cb84c25259d1d4feff77de2c489fcd07e4be9fee971d959f01b97a3a4f5e4eb06a650ed403faa7698e7162d5a74f1a5975e3a72f6ecd96bf9ce760bd74e9e3cf9cec0c0c08d774649cb49cbcbd7d1ce14a6b212a53099abb21265aea019e99aed895fe0cc0b746dc58a15b5eddbb7d7f6efdf5f3b72e448edfcf9f3370ef6e96bfa73fa7eba3dfbd8fa7aaea7e5ba261ca6217dd84eb5136dae8af4c8430f3df4c5a64d9b0e0c0f0f1f3c7cf8f0b173e7cefdbeda0f2f8d8c8c1c3d74e8d0beeaa0f5e6ba75eb06abc71cac1ef33fe971edf8613dcd5098ca4a94c264aeca4a94b9823b31f1d686dfbccff80cb3d75b14c2ddf1dd050b16fc59b543fd7df52fdba16ae74a9f8a59bfa62c7d7d3f7d3fdd9eee97ee9f2f201285a9ac44294ce6aaac44992b988eea78fe8bead83e58657c8a827daba4fb0fa6c7e7cb04b82b14a6b212a53099abb21265ae60267a7b7befab8af5bc8e8e8ee7abafbbaa7c56e5f244e94e5fd39f774ddc3e2fdd3f5f06c05da53095952885c95c959528730500a1284c65254a6132576525ca5c0140280a5359895298cc555989325700108ac25456a21426735556a2cc150084a23095952885c95c959528730500a1284c65254a6132576525ca5c0140280a5359895298cc555989325700108ac25456a21426735556a2cc150084a23095952885c95c959528730500a1284c65254a6132576525ca5c0140280a5359895298cc555989325700108ac25456a21426735556a2cc150084a23095952885c95c959528730500a1284c65254a6132576525ca5c0140280a5359895298cc555989325700108ac25456a21426735556a2cc150084a23095952885c95c959528730500a1ecdab5ebfa952b57261db865f6533d0fa7aac274357f8eda91b92a2791e60a0042191e1e3e75e6cc9949076f99fd7cf1c517ff5c15a6f7f3e7a81d99ab721269ae002094ddbb77ff72cf9e3d174f9f3e7dce19ccd6a4fab99ffefcf3cf7f5395a563551ec89fa37664ae5a9f88730500e1a483743a6356653c5d4b2ab39ef4734f3fff506529fd7d26fe5ee6aa35093957000000000000000000000000000000000000000000000000000004f07f07178e4d89a3c38c0000000049454e44ae426082', true);
INSERT INTO public.act_ge_bytearray (id_, rev_, name_, deployment_id_, bytes_, generated_) VALUES ('09178c9f-f537-11f0-83bf-1a46ed4020c1', 1, 'Process_1.bpmn', '09178c9e-f537-11f0-83bf-1a46ed4020c1', '\x3c3f786d6c2076657273696f6e3d22312e302220656e636f64696e673d225554462d38223f3e3c62706d6e3a646566696e6974696f6e7320786d6c6e733a7873693d22687474703a2f2f7777772e77332e6f72672f323030312f584d4c536368656d612d696e7374616e63652220786d6c6e733a62706d6e3d22687474703a2f2f7777772e6f6d672e6f72672f737065632f42504d4e2f32303130303532342f4d4f44454c2220786d6c6e733a62706d6e64693d22687474703a2f2f7777772e6f6d672e6f72672f737065632f42504d4e2f32303130303532342f44492220786d6c6e733a64633d22687474703a2f2f7777772e6f6d672e6f72672f737065632f44442f32303130303532342f44432220786d6c6e733a64693d22687474703a2f2f7777772e6f6d672e6f72672f737065632f44442f32303130303532342f44492220786d6c6e733a637573746f6d3d22687474703a2f2f637573746f6d2e62706d6e2e696f2f736368656d61222069643d22446566696e6974696f6e735f3122207461726765744e616d6573706163653d22687474703a2f2f62706d6e2e696f2f736368656d612f62706d6e223e0a20203c62706d6e3a70726f636573732069643d2250726f636573735f312220697345786563757461626c653d2274727565223e0a202020203c62706d6e3a73746172744576656e742069643d2253746172744576656e745f3122206e616d653d22e5bc80e5a78b223e0a2020202020203c62706d6e3a6f7574676f696e673e466c6f775f313c2f62706d6e3a6f7574676f696e673e0a202020203c2f62706d6e3a73746172744576656e743e0a202020203c62706d6e3a656e644576656e742069643d22456e644576656e745f3122206e616d653d22e7bb93e69d9f223e0a2020202020203c62706d6e3a696e636f6d696e673e466c6f775f3069336d7167613c2f62706d6e3a696e636f6d696e673e0a202020203c2f62706d6e3a656e644576656e743e0a202020203c62706d6e3a73657175656e6365466c6f772069643d22466c6f775f312220736f757263655265663d2253746172744576656e745f3122207461726765745265663d2241637469766974795f30396468337a39222f3e0a202020203c62706d6e3a757365725461736b2069643d2241637469766974795f30396468337a39223e0a2020202020203c62706d6e3a657874656e73696f6e456c656d656e74733e0a20202020202020203c637573746f6d3a70726f706572746965733e0a202020202020202020200a202020202020202020200a202020202020202020200a202020202020202020200a202020202020202020200a202020202020202020200a202020202020202020203c637573746f6d3a76616c756573206e616d653d2261737369676e656554797065222076616c75653d2246495845445f44455054222f3e0a202020202020202020203c637573746f6d3a76616c756573206e616d653d2261737369676e656556616c7565222076616c75653d22444550542d4852222f3e0a202020202020202020203c637573746f6d3a76616c756573206e616d653d2261737369676e65654c6162656c222076616c75653d2248756d616e205265736f7572636573222f3e0a202020202020202020203c637573746f6d3a76616c756573206e616d653d2263616e6469646174655573657273222076616c75653d22222f3e0a202020202020202020203c637573746f6d3a76616c756573206e616d653d2263616e64696461746547726f757073222076616c75653d22222f3e0a20202020202020203c637573746f6d3a70726f7065727479206e616d653d22666f726d4964222076616c75653d2237222f3e3c637573746f6d3a70726f7065727479206e616d653d22666f726d4e616d65222076616c75653d2274657374466f726d222f3e3c2f637573746f6d3a70726f706572746965733e0a2020202020203c2f62706d6e3a657874656e73696f6e456c656d656e74733e0a2020202020203c62706d6e3a696e636f6d696e673e466c6f775f313c2f62706d6e3a696e636f6d696e673e0a2020202020203c62706d6e3a6f7574676f696e673e466c6f775f30756e37686c683c2f62706d6e3a6f7574676f696e673e0a202020203c2f62706d6e3a757365725461736b3e0a202020203c62706d6e3a73657175656e6365466c6f772069643d22466c6f775f30756e37686c682220736f757263655265663d2241637469766974795f30396468337a3922207461726765745265663d2241637469766974795f306d7676356863222f3e0a202020203c62706d6e3a73657175656e6365466c6f772069643d22466c6f775f3069336d7167612220736f757263655265663d2241637469766974795f306d767635686322207461726765745265663d22456e644576656e745f31222f3e0a202020203c62706d6e3a757365725461736b2069643d2241637469766974795f306d7676356863223e0a2020202020203c62706d6e3a657874656e73696f6e456c656d656e74733e0a20202020202020203c637573746f6d3a70726f706572746965733e0a202020202020202020203c637573746f6d3a76616c756573206e616d653d2261737369676e656554797065222076616c75653d2246495845445f44455054222f3e0a202020202020202020203c637573746f6d3a76616c756573206e616d653d2261737369676e656556616c7565222076616c75653d22444550542d434f52502d42414e4b494e47222f3e0a202020202020202020203c637573746f6d3a76616c756573206e616d653d2261737369676e65654c6162656c222076616c75653d22436f72706f726174652042616e6b696e67222f3e0a202020202020202020203c637573746f6d3a76616c756573206e616d653d2263616e6469646174655573657273222076616c75653d22222f3e0a202020202020202020203c637573746f6d3a76616c756573206e616d653d2263616e64696461746547726f757073222076616c75653d22222f3e0a202020202020202020200a202020202020202020200a20202020202020203c2f637573746f6d3a70726f706572746965733e0a2020202020203c2f62706d6e3a657874656e73696f6e456c656d656e74733e0a2020202020203c62706d6e3a696e636f6d696e673e466c6f775f30756e37686c683c2f62706d6e3a696e636f6d696e673e0a2020202020203c62706d6e3a6f7574676f696e673e466c6f775f3069336d7167613c2f62706d6e3a6f7574676f696e673e0a202020203c2f62706d6e3a757365725461736b3e0a20203c2f62706d6e3a70726f636573733e0a20203c62706d6e64693a42504d4e4469616772616d2069643d2242504d4e4469616772616d5f31223e0a202020203c62706d6e64693a42504d4e506c616e652069643d2242504d4e506c616e655f31222062706d6e456c656d656e743d2250726f636573735f31223e0a2020202020203c62706d6e64693a42504d4e53686170652069643d2253746172744576656e745f315f6469222062706d6e456c656d656e743d2253746172744576656e745f31223e0a20202020202020203c64633a426f756e647320783d223138302220793d22313630222077696474683d22333622206865696768743d223336222f3e0a20202020202020203c62706d6e64693a42504d4e4c6162656c3e0a202020202020202020203c64633a426f756e647320783d223138372220793d22323033222077696474683d22323222206865696768743d223134222f3e0a20202020202020203c2f62706d6e64693a42504d4e4c6162656c3e0a2020202020203c2f62706d6e64693a42504d4e53686170653e0a2020202020203c62706d6e64693a42504d4e53686170652069643d22456e644576656e745f315f6469222062706d6e456c656d656e743d22456e644576656e745f31223e0a20202020202020203c64633a426f756e647320783d223639322220793d22313630222077696474683d22333622206865696768743d223336222f3e0a20202020202020203c62706d6e64693a42504d4e4c6162656c3e0a202020202020202020203c64633a426f756e647320783d223639392220793d22323033222077696474683d22323222206865696768743d223134222f3e0a20202020202020203c2f62706d6e64693a42504d4e4c6162656c3e0a2020202020203c2f62706d6e64693a42504d4e53686170653e0a2020202020203c62706d6e64693a42504d4e53686170652069643d2241637469766974795f3131326a75366a5f6469222062706d6e456c656d656e743d2241637469766974795f30396468337a39223e0a20202020202020203c64633a426f756e647320783d223236302220793d22313338222077696474683d2231303022206865696768743d223830222f3e0a2020202020203c2f62706d6e64693a42504d4e53686170653e0a2020202020203c62706d6e64693a42504d4e53686170652069643d2241637469766974795f30397962666d375f6469222062706d6e456c656d656e743d2241637469766974795f306d7676356863223e0a20202020202020203c64633a426f756e647320783d223431302220793d22313338222077696474683d2231303022206865696768743d223830222f3e0a2020202020203c2f62706d6e64693a42504d4e53686170653e0a2020202020203c62706d6e64693a42504d4e456467652069643d22466c6f775f315f6469222062706d6e456c656d656e743d22466c6f775f31223e0a20202020202020203c64693a776179706f696e7420783d223231362220793d22313738222f3e0a20202020202020203c64693a776179706f696e7420783d223236302220793d22313738222f3e0a2020202020203c2f62706d6e64693a42504d4e456467653e0a2020202020203c62706d6e64693a42504d4e456467652069643d22466c6f775f30756e37686c685f6469222062706d6e456c656d656e743d22466c6f775f30756e37686c68223e0a20202020202020203c64693a776179706f696e7420783d223336302220793d22313738222f3e0a20202020202020203c64693a776179706f696e7420783d223431302220793d22313738222f3e0a2020202020203c2f62706d6e64693a42504d4e456467653e0a2020202020203c62706d6e64693a42504d4e456467652069643d22466c6f775f3069336d7167615f6469222062706d6e456c656d656e743d22466c6f775f3069336d716761223e0a20202020202020203c64693a776179706f696e7420783d223531302220793d22313738222f3e0a20202020202020203c64693a776179706f696e7420783d223639322220793d22313738222f3e0a2020202020203c2f62706d6e64693a42504d4e456467653e0a202020203c2f62706d6e64693a42504d4e506c616e653e0a20203c2f62706d6e64693a42504d4e4469616772616d3e0a3c2f62706d6e3a646566696e6974696f6e733e', false);
INSERT INTO public.act_ge_bytearray (id_, rev_, name_, deployment_id_, bytes_, generated_) VALUES ('091b5d30-f537-11f0-83bf-1a46ed4020c1', 1, 'Process_1.Process_1.png', '09178c9e-f537-11f0-83bf-1a46ed4020c1', '\x89504e470d0a1a0a0000000d49484452000002e2000000e40806000000dd25410b000010f649444154785eeddddd6f54677e07f07d91aabdccb6bb97b9d9abfd17b6bde9c5ae5a3552762f00bf60909149204aa48002586d521527482d7749c806902a354058b541f18549a3a609845a4a431210091b52b12924e1b51888c16c01870dd3f3504f34796c60b0c1f3cccf9f8ff4958367e69c83e777e67c39399ef9ce7700000000000000000000000000000000000000000000000000000000000000000000000000000000000000000000000000000000000000000000000000000000000000000000000000000000000000000000000000000000000000000000000000000000000000000000000000000000000000000000000000000000000000000000000000000000000000000000000000000000000000000000000000000000000000000000000000000000000000000000000000000000000000000000000000000000000000000000000000000000000000000000000000000000000000000000000000000000000000000000000000000000000000000000000000000000000000000000000000000000000000000000000000000000000000000000000000000000000000000000000000000000000000000000000000000000000000000000000000000000000000000000000000000000000000000000000000000000000000000000000000000000000000000000000000000000000000000000000000000000000000000000008082d46ab53f3a7af4e82befbefbee57bb76edaabdf9e69b32cba97eeed78787874feddebdfb97f9f3d3aecc55eb1371ae002094aa2ceda80ed6b53367ced4ae5cb9521b1f1f97594efab9a79fff9e3d7b2e5605ea81fc396a47e6aaf589385700104a3a63990ed6f9415c663fa74f9f3e5715a6f7f3e7a81d99ab721269ae00209474d980339665243d0f5561ba9a3f47edc85c959348730500a1a46b49f303b7b42ee9f9c89fa37664aeca4a94b90280509a2d4cbfbf70ba76f4837faa1d7aebe91b49ff9dbe97df4f66962885c95c959528730500a13453982e8d9eac7dfcc6dfd63efad7d5df4afa5eba2dbfbf4c3f510a93b92a2b51e60a004269a6301d3f3434a92cd573e2d0ce49f797e9274a6132576525ca5c014028cd14a6ff7a7bfda4a2544fba2dbfbf4c3f510a93b92a2b51e60a004269a6307dfce6da4945a99e745b7e7f997ea21426735556a2cc150084a23095952885c95c959528730500a1345398d2bb59e445a99e745b7e7f997ea21426735556a2cc150084d24c61faf49d172615a57ad26df9fd65fa895298cc555989325700104a3385e9fcc983b58ffffdef2695a5f4bd745b7e7f997ea21426735556a2cc150084d24c614af96cdfd64985297d2fbf9fcc2c510a93b92a2b51e60a004269aa305dbd5afbf43f374e2a4ce97be9b649f79769274a6132576525ca5c014028b72b4ce9130e7ff7ce864965a99e749b4f41bc7b895298cc55598932570010ca4d0bd3d5abb5d39feeaefdf6dffe665249ca93ee93eeeb2ce6cc13a53099abb21265ae002094a90ad3edce56de2cce62ce3c510a93b92a2b51e60a004299aa303573b6f266498fcd9727cd274a6132576525ca5c0140285315a6bc04dd69f2e549f3895298cc55598932570010ca5485495a972885c95c959528730533d1dbdb7b5f6767e7bc8e8e8ee7abafbbaa7c56e57295dac4d7f4e75d13b7cf4bf7cf9701ccd0c58b17ff786868e8e9175e78e1a381818173fdfdfd571e79e491eb69475cbe7cf9b555ab568d3df9e493c79e7efae99dab57affecbea21dfcd971189c25456a21426735556a2cc154c475757d72faa63fc6095f189d2dd6cd2fd07d3e3f3650277e8bdf7de5bfeecb3cf9e5cb66c59ad2adfb51d3b76d4f6efdf5f3b72e448edfcf9f3b5247d4d7f4edf4fb7af59b3e67a5f5fdf7855c8dfe8eeeefe49becc0814a6b212a53099abb21265aee04e5405fa675591de3b45c19e4ef6a6e5e5eb006ee3e0c1837ff5e28b2f9e7af8e1876bafbefa6aedecd9b3374a77b3d2fdd3e3aa42fed5ca952b5fa976c41fe5eb68670a5359895298cc5559893257d08cdedede1f747474fcba2acf37fe6f776356ac5851dbbe7dfb2d4fc4a5dbd3fdf2c7a6e5a5e5a6e5e7eb0432d57ef5fdd75f7f7d2815f02d5bb6d42e5dbaf4ed867d87d2e3d372aa1df0724f4fcfaff2f5b52b85a9ac44294ce6aaac44992bb89daa2cdfdfd5d5f5516381eeeeeeae6ddebcb976e2c489fcd07e4be9fee971e9f15921ff30ad275f3730a1da7feedbb66ddbef1e7df4d1dad1a347f37d6b46d2f2aa727fa5afaf6f205f6f3b5298ca4a94c264aeca4a94b9825ba90af84fab9c6c2ccdebd7afaf1d3f7e3c3f94df91f4f8b49cac8c1f4febcbb701e6bc6a9fb9eff9e79f1f7deaa9a76aa3a3a3f9fe7457a4e5f6f7f75f5ebc78f1d67cfded46612a2b510a93b92a2b51e60a6e66e24cf837253c9dc51e1a1aca0fdf339296979d1d3feecc3834a8f693ef6fdbb6edd354c2d3c1e75e4acb5fb56ad585850b173e996f473b5198ca4a94c264aeca4a94b982a9a46bb61b2f4759b26449edc08103f961fbae48cb4dcb6f28e31fba661c26a46bc21f7becb17b76263c97d6b374e9d2b16a477c30df9676a13095952885c95c95952873055399f8c5cc6fce84dfab125e9796df78663cad3fdf269873aa1de381f48b9977fb9af0db49ebebe9e9199d3f7ffe8ff36d6a070a5359895298cc5559893257909b788bc2afeba578e7ce9df961fa9e48eb69382bfeb5b73664ce4b6f5198ded5a415366edc78aada119fcbb7a91d284c65254a6132576525ca5c41aeb3e17dc2d32f54cea6ec1738f7e6db067346fab09e74367c6c6c2cdf4f66455aefa2458b2eb6e387fe284c65254a6132576525ca5c41a3050b16fcbc5e84d3a522337d77943b95d6d778894ada9e7c1b614e489f9839383898ef23b36aebd6ad47aa1d7173be6da55398ca4a94c264aeca4a94b982469dffffb1f5374a707abfef5648eb6d382b3e986f2384373636f627cb972faf8d8c8ce4fbc7acaad6ff87ea5fc667d6ae5dfbbd7c1b4ba63095952885c95c959528730575d5f1f68755f11daf97e0d93e1b5e97d6db50c4c7d376e5db0aa1bdf6da6b03fdfdfdf9bed1124b972efdbcda11ff34dfc656a8b6e3ed2a7f9e7f3fa7309595d20b93b96acf943e57d0a899d799eaf679f5029c3e8ebe95d2fa1bcaf8bc7c5b21b40d1b36fc76c78e1df97ed1129b366d4a1f7bfb0ff936b642c38bc22d5fd014a6b2527a613257ed99d2e70a1a35f33a537d7f43fd7e2fbffc727e389e5569fd0ddbbc21df56086d6060e0dcfefdfbf3fda2258687870f7674740ce5dbd80a0d2f0ab77c415398ca4ae985c95cb5674a9f2b68d4cceb4c5757d7eefaedfbf6edcb0fc7b32aadbfbe2d69bb1ab713c25bb366cd95d97eeff09b397cf870ba34e5837c1b5b618a17b2295fd014a6b2527a619a629ecc551ba4f4b9824653bcbe4c7a9da9be1eab7fbfd51d20adbf611b8f657f1d886df9f2e5d7bffcf2cb7cbf6889f3e7cf5faa76c293f936b6c2142f60796ebca0294c65a5f4c234c51ce5315705a6f4b9824653bcaee449af33ff5bff73ab3b405a7f7d5bbababac6f2bf0f84b668d1a2dab56bd7f2fda225aaed481f779fbf60141d85a9ace4cf4fbbc65c9595fcf9118994567780b4fe86edf943de5320b465cb965d6bf5bf86ebce9e3dfbdf9de59f117fbbd32504c5a6f4339753cc93b96a83943e57d0688ad79749af33e9cc73fdfbadee00ce8833a73df1c41363adbe3eacee934f3ed9d759ee35e2df2a4a750a535929bd3099abf64ce973058d9a799de9748d3894e1a9a79e3a5ecabba6bcf5d65bbb0a7cd794492f608d14a6b2527a613257ed99d2e70a1a35f33ae35d53a0106bd7aedd59cafb88af5bb72e7ddc6e29ef237ed317b0460a535929bd3099abf64ce973058d9a799de9f43ee25086fefefebf58b366cdf57cc768816bdddddd073b0bf964cd66294c65254a6132576525ca5c415d67419facf9f8e38f5f6f28e23e5993b965eddab5df5bba74e9f8c8c848be6fccaa13274ebc53ed80a7d3f6e4db583285a9ac44294ce6aaac44992ba8ebeeeefe6175cc1daf17e0e3c78fe787e55991d6db50c2c7d376e5db0ae1ad5ebdfa8dc1c1c17cff9855cf3cf3cc6faa9d7073be6da55398ca4a94c264aeca4a94b98246d531375d0e7aa3046fdebc393f2ccf8ab4de86223e986f23cc09d5bf407fd2d7d7f7d5d8d858be8fcc8ad1d1d1f7ab1d70246d47be6da55398ca4a94c264aeca4a94b982460b162cf879bd0457c7df593f2b9ed6d7d5d5f5cd6529697bf26d843963e5ca95af6cd9b225df4f6645b5ee7fa976c2e7f26d6a070a5359895298cc555989325790ab8ebd7beb4578fdfaf5f9e1f99e4aeb6b381bbe37df369853e6cf9fffe3dededecbb3fd7ea2fbf6ed4b97a48ca4f5e7dbd40e14a6b212a53099abb21265ae20d7d5d5f5b3ea18fc75bd10efdcb9333f4cdf13693d0d25fcebb41df9b6c19cd3d3d3f3ab65cb965d191d1dcdf7997b626464e43faa1df08b2a0fe6dbd22e14a6b212a53099abb21265ae602a1d1d1dbfae97e27489ca810307f2c3f55d9596df78494a5a7fbe4d3067f5f5f50df4f7f75f4e079f7be9ead5ab9f543bfc07d5cef8d7f936b41385a9ac44294ce6aaac44992b984a6f6fef0faa42fc61bd182f59b2e49e95f1b4dc6a7ddf9c814feb4debcfb709e6b4c58b176f5db56ad5857b75667c6464644f2ae1d50ef88ff9badb8dc25456a21426735556a2cc15dc4c753cbebfcaf1c633e3434343f9e17b46d2f21acf844faceffe7c5b80cac2850b9fecebeb1bbbdbd78c4f5c137eacddcf84d7294c65254a6132576525ca5cc1ad54c7e59f3696f194f40b95337d3795f4f8ec17336f94f0b4be7c1b8006d58ef2604f4fcfe8c68d1b4f5dba7429dfb7eec8850b17de9b78779491b4dc7c5ded4a612a2b510a93b92a2b51e60a6e279da1ee6cb84c25259d1d4feff77de2c489fcd07e4be9fee971d959f01b97a3a4f5e4eb06a650ed403faa7698e7162d5a74f1a5975e3a72f6ecd96bf9ce760bd74e9e3cf9cec0c0c08d774649cb49cbcbd7d1ce14a6b212a53099abb21265aea019e99aed895fe0cc0b746dc58a15b5eddbb7d7f6efdf5f3b72e448edfcf9f3370ef6e96bfa73fa7eba3dfbd8fa7aaea7e5ba261ca6217dd84eb5136dae8af4c8430f3df4c5a64d9b0e0c0f0f1f3c7cf8f0b173e7cefdbeda0f2f8d8c8c1c3d74e8d0beeaa0f5e6ba75eb06abc71cac1ef33fe971edf8613dcd5098ca4a94c264aeca4a94b9823b31f1d686dfbccff80cb3d75b14c2ddf1dd050b16fc59b543fd7df52fdba16ae74a9f8a59bfa62c7d7d3f7d3fdd9eee97ee9f2f201285a9ac44294ce6aaac44992b988eea78fe8bead83e58657c8a827daba4fb0fa6c7e7cb04b82b14a6b212a53099abb21265ae60267a7b7befab8af5bc8e8e8ee7abafbbaa7c56e5f244e94e5fd39f774ddc3e2fdd3f5f06c05da53095952885c95c959528730500a1284c65254a6132576525ca5c0140280a5359895298cc555989325700108ac25456a21426735556a2cc150084a23095952885c95c959528730500a1284c65254a6132576525ca5c0140280a5359895298cc555989325700108ac25456a21426735556a2cc150084a23095952885c95c959528730500a1284c65254a6132576525ca5c0140280a5359895298cc555989325700108ac25456a21426735556a2cc150084a23095952885c95c959528730500a1284c65254a6132576525ca5c0140280a5359895298cc555989325700108ac25456a21426735556a2cc150084a23095952885c95c959528730500a1ecdab5ebfa952b57261db865f6533d0fa7aac274357f8eda91b92a2791e60a0042191e1e3e75e6cc9949076f99fd7cf1c517ff5c15a6f7f3e7a81d99ab721269ae002094ddbb77ff72cf9e3d174f9f3e7dce19ccd6a4fab99ffefcf3cf7f5395a563551ec89fa37664ae5a9f88730500e1a483743a6356653c5d4b2ab39ef4734f3fff506529fd7d26fe5ee6aa35093957000000000000000000000000000000000000000000000000000004f07f07178e4d89a3c38c0000000049454e44ae426082', true);
INSERT INTO public.act_ge_bytearray (id_, rev_, name_, deployment_id_, bytes_, generated_) VALUES ('14ba10a7-f537-11f0-83bf-1a46ed4020c1', 1, 'fu-20260114-paed3z.bpmn', '14ba10a6-f537-11f0-83bf-1a46ed4020c1', '\x3c3f786d6c2076657273696f6e3d22312e302220656e636f64696e673d225554462d38223f3e3c62706d6e3a646566696e6974696f6e7320786d6c6e733a7873693d22687474703a2f2f7777772e77332e6f72672f323030312f584d4c536368656d612d696e7374616e63652220786d6c6e733a62706d6e3d22687474703a2f2f7777772e6f6d672e6f72672f737065632f42504d4e2f32303130303532342f4d4f44454c2220786d6c6e733a62706d6e64693d22687474703a2f2f7777772e6f6d672e6f72672f737065632f42504d4e2f32303130303532342f44492220786d6c6e733a64633d22687474703a2f2f7777772e6f6d672e6f72672f737065632f44442f32303130303532342f44432220786d6c6e733a64693d22687474703a2f2f7777772e6f6d672e6f72672f737065632f44442f32303130303532342f44492220786d6c6e733a637573746f6d3d22687474703a2f2f637573746f6d2e62706d6e2e696f2f736368656d61222069643d22446566696e6974696f6e735f3122207461726765744e616d6573706163653d22687474703a2f2f62706d6e2e696f2f736368656d612f62706d6e223e0a20203c62706d6e3a70726f636573732069643d2250726f636573735f312220697345786563757461626c653d2274727565223e0a202020203c62706d6e3a73746172744576656e742069643d2253746172744576656e745f3122206e616d653d22e5bc80e5a78b223e0a2020202020203c62706d6e3a6f7574676f696e673e466c6f775f313c2f62706d6e3a6f7574676f696e673e0a202020203c2f62706d6e3a73746172744576656e743e0a202020203c62706d6e3a656e644576656e742069643d22456e644576656e745f3122206e616d653d22e7bb93e69d9f223e0a2020202020203c62706d6e3a696e636f6d696e673e466c6f775f3069336d7167613c2f62706d6e3a696e636f6d696e673e0a202020203c2f62706d6e3a656e644576656e743e0a202020203c62706d6e3a73657175656e6365466c6f772069643d22466c6f775f312220736f757263655265663d2253746172744576656e745f3122207461726765745265663d2241637469766974795f30396468337a39222f3e0a202020203c62706d6e3a757365725461736b2069643d2241637469766974795f30396468337a39223e0a2020202020203c62706d6e3a657874656e73696f6e456c656d656e74733e0a20202020202020203c637573746f6d3a70726f706572746965733e0a202020202020202020200a202020202020202020200a202020202020202020200a202020202020202020200a202020202020202020200a202020202020202020200a202020202020202020203c637573746f6d3a76616c756573206e616d653d2261737369676e656554797065222076616c75653d2246495845445f44455054222f3e0a202020202020202020203c637573746f6d3a76616c756573206e616d653d2261737369676e656556616c7565222076616c75653d22444550542d4852222f3e0a202020202020202020203c637573746f6d3a76616c756573206e616d653d2261737369676e65654c6162656c222076616c75653d2248756d616e205265736f7572636573222f3e0a202020202020202020203c637573746f6d3a76616c756573206e616d653d2263616e6469646174655573657273222076616c75653d22222f3e0a202020202020202020203c637573746f6d3a76616c756573206e616d653d2263616e64696461746547726f757073222076616c75653d22222f3e0a20202020202020203c637573746f6d3a70726f7065727479206e616d653d22666f726d4964222076616c75653d2237222f3e3c637573746f6d3a70726f7065727479206e616d653d22666f726d4e616d65222076616c75653d2274657374466f726d222f3e3c2f637573746f6d3a70726f706572746965733e0a2020202020203c2f62706d6e3a657874656e73696f6e456c656d656e74733e0a2020202020203c62706d6e3a696e636f6d696e673e466c6f775f313c2f62706d6e3a696e636f6d696e673e0a2020202020203c62706d6e3a6f7574676f696e673e466c6f775f30756e37686c683c2f62706d6e3a6f7574676f696e673e0a202020203c2f62706d6e3a757365725461736b3e0a202020203c62706d6e3a73657175656e6365466c6f772069643d22466c6f775f30756e37686c682220736f757263655265663d2241637469766974795f30396468337a3922207461726765745265663d2241637469766974795f306d7676356863222f3e0a202020203c62706d6e3a73657175656e6365466c6f772069643d22466c6f775f3069336d7167612220736f757263655265663d2241637469766974795f306d767635686322207461726765745265663d22456e644576656e745f31222f3e0a202020203c62706d6e3a757365725461736b2069643d2241637469766974795f306d7676356863223e0a2020202020203c62706d6e3a657874656e73696f6e456c656d656e74733e0a20202020202020203c637573746f6d3a70726f706572746965733e0a202020202020202020203c637573746f6d3a76616c756573206e616d653d2261737369676e656554797065222076616c75653d2246495845445f44455054222f3e0a202020202020202020203c637573746f6d3a76616c756573206e616d653d2261737369676e656556616c7565222076616c75653d22444550542d434f52502d42414e4b494e47222f3e0a202020202020202020203c637573746f6d3a76616c756573206e616d653d2261737369676e65654c6162656c222076616c75653d22436f72706f726174652042616e6b696e67222f3e0a202020202020202020203c637573746f6d3a76616c756573206e616d653d2263616e6469646174655573657273222076616c75653d22222f3e0a202020202020202020203c637573746f6d3a76616c756573206e616d653d2263616e64696461746547726f757073222076616c75653d22222f3e0a202020202020202020200a202020202020202020200a20202020202020203c2f637573746f6d3a70726f706572746965733e0a2020202020203c2f62706d6e3a657874656e73696f6e456c656d656e74733e0a2020202020203c62706d6e3a696e636f6d696e673e466c6f775f30756e37686c683c2f62706d6e3a696e636f6d696e673e0a2020202020203c62706d6e3a6f7574676f696e673e466c6f775f3069336d7167613c2f62706d6e3a6f7574676f696e673e0a202020203c2f62706d6e3a757365725461736b3e0a20203c2f62706d6e3a70726f636573733e0a20203c62706d6e64693a42504d4e4469616772616d2069643d2242504d4e4469616772616d5f31223e0a202020203c62706d6e64693a42504d4e506c616e652069643d2242504d4e506c616e655f31222062706d6e456c656d656e743d2250726f636573735f31223e0a2020202020203c62706d6e64693a42504d4e53686170652069643d2253746172744576656e745f315f6469222062706d6e456c656d656e743d2253746172744576656e745f31223e0a20202020202020203c64633a426f756e647320783d223138302220793d22313630222077696474683d22333622206865696768743d223336222f3e0a20202020202020203c62706d6e64693a42504d4e4c6162656c3e0a202020202020202020203c64633a426f756e647320783d223138372220793d22323033222077696474683d22323222206865696768743d223134222f3e0a20202020202020203c2f62706d6e64693a42504d4e4c6162656c3e0a2020202020203c2f62706d6e64693a42504d4e53686170653e0a2020202020203c62706d6e64693a42504d4e53686170652069643d22456e644576656e745f315f6469222062706d6e456c656d656e743d22456e644576656e745f31223e0a20202020202020203c64633a426f756e647320783d223639322220793d22313630222077696474683d22333622206865696768743d223336222f3e0a20202020202020203c62706d6e64693a42504d4e4c6162656c3e0a202020202020202020203c64633a426f756e647320783d223639392220793d22323033222077696474683d22323222206865696768743d223134222f3e0a20202020202020203c2f62706d6e64693a42504d4e4c6162656c3e0a2020202020203c2f62706d6e64693a42504d4e53686170653e0a2020202020203c62706d6e64693a42504d4e53686170652069643d2241637469766974795f3131326a75366a5f6469222062706d6e456c656d656e743d2241637469766974795f30396468337a39223e0a20202020202020203c64633a426f756e647320783d223236302220793d22313338222077696474683d2231303022206865696768743d223830222f3e0a2020202020203c2f62706d6e64693a42504d4e53686170653e0a2020202020203c62706d6e64693a42504d4e53686170652069643d2241637469766974795f30397962666d375f6469222062706d6e456c656d656e743d2241637469766974795f306d7676356863223e0a20202020202020203c64633a426f756e647320783d223431302220793d22313338222077696474683d2231303022206865696768743d223830222f3e0a2020202020203c2f62706d6e64693a42504d4e53686170653e0a2020202020203c62706d6e64693a42504d4e456467652069643d22466c6f775f315f6469222062706d6e456c656d656e743d22466c6f775f31223e0a20202020202020203c64693a776179706f696e7420783d223231362220793d22313738222f3e0a20202020202020203c64693a776179706f696e7420783d223236302220793d22313738222f3e0a2020202020203c2f62706d6e64693a42504d4e456467653e0a2020202020203c62706d6e64693a42504d4e456467652069643d22466c6f775f30756e37686c685f6469222062706d6e456c656d656e743d22466c6f775f30756e37686c68223e0a20202020202020203c64693a776179706f696e7420783d223336302220793d22313738222f3e0a20202020202020203c64693a776179706f696e7420783d223431302220793d22313738222f3e0a2020202020203c2f62706d6e64693a42504d4e456467653e0a2020202020203c62706d6e64693a42504d4e456467652069643d22466c6f775f3069336d7167615f6469222062706d6e456c656d656e743d22466c6f775f3069336d716761223e0a20202020202020203c64693a776179706f696e7420783d223531302220793d22313738222f3e0a20202020202020203c64693a776179706f696e7420783d223639322220793d22313738222f3e0a2020202020203c2f62706d6e64693a42504d4e456467653e0a202020203c2f62706d6e64693a42504d4e506c616e653e0a20203c2f62706d6e64693a42504d4e4469616772616d3e0a3c2f62706d6e3a646566696e6974696f6e733e', false);
INSERT INTO public.act_ge_bytearray (id_, rev_, name_, deployment_id_, bytes_, generated_) VALUES ('14bdba28-f537-11f0-83bf-1a46ed4020c1', 1, 'fu-20260114-paed3z.Process_1.png', '14ba10a6-f537-11f0-83bf-1a46ed4020c1', '\x89504e470d0a1a0a0000000d49484452000002e2000000e40806000000dd25410b000010f649444154785eeddddd6f54677e07f07d91aabdccb6bb97b9d9abfd17b6bde9c5ae5a3552762f00bf60909149204aa48002586d521527482d7749c806902a354058b541f18549a3a609845a4a431210091b52b12924e1b51888c16c01870dd3f3504f34796c60b0c1f3cccf9f8ff4958367e69c83e777e67c39399ef9ce7700000000000000000000000000000000000000000000000000000000000000000000000000000000000000000000000000000000000000000000000000000000000000000000000000000000000000000000000000000000000000000000000000000000000000000000000000000000000000000000000000000000000000000000000000000000000000000000000000000000000000000000000000000000000000000000000000000000000000000000000000000000000000000000000000000000000000000000000000000000000000000000000000000000000000000000000000000000000000000000000000000000000000000000000000000000000000000000000000000000000000000000000000000000000000000000000000000000000000000000000000000000000000000000000000000000000000000000000000000000000000000000000000000000000000000000000000000000000000000000000000000000000000000000000000000000000000000000000000000000000000000000008082d46ab53f3a7af4e82befbefbee57bb76edaabdf9e69b32cba97eeed78787874feddebdfb97f9f3d3aecc55eb1371ae002094aa2ceda80ed6b53367ced4ae5cb9521b1f1f97594efab9a79fff9e3d7b2e5605ea81fc396a47e6aaf589385700104a3a63990ed6f9415c663fa74f9f3e5715a6f7f3e7a81d99ab721269ae00209474d980339665243d0f5561ba9a3f47edc85c959348730500a1a46b49f303b7b42ee9f9c89fa37664aeca4a94b90280509a2d4cbfbf70ba76f4837faa1d7aebe91b49ff9dbe97df4f66962885c95c959528730500a13453982e8d9eac7dfcc6dfd63efad7d5df4afa5eba2dbfbf4c3f510a93b92a2b51e60a004269a6301d3f3434a92cd573e2d0ce49f797e9274a6132576525ca5c014028cd14a6ff7a7bfda4a2544fba2dbfbf4c3f510a93b92a2b51e60a004269a6307dfce6da4945a99e745b7e7f997ea21426735556a2cc150084a23095952885c95c959528730500a1345398d2bb59e445a99e745b7e7f997ea21426735556a2cc150084d24c61faf49d172615a57ad26df9fd65fa895298cc555989325700104a3385e9fcc983b58ffffdef2695a5f4bd745b7e7f997ea21426735556a2cc150084d24c614af96cdfd64985297d2fbf9fcc2c510a93b92a2b51e60a004269aa305dbd5afbf43f374e2a4ce97be9b649f79769274a6132576525ca5c014028b72b4ce9130e7ff7ce864965a99e749b4f41bc7b895298cc55598932570010ca4d0bd3d5abb5d39feeaefdf6dffe665249ca93ee93eeeb2ce6cc13a53099abb21265ae002094a90ad3edce56de2cce62ce3c510a93b92a2b51e60a004299aa303573b6f266498fcd9727cd274a6132576525ca5c0140285315a6bc04dd69f2e549f3895298cc55598932570010ca5485495a972885c95c959528730533d1dbdb7b5f6767e7bc8e8e8ee7abafbbaa7c56e57295dac4d7f4e75d13b7cf4bf7cf9701ccd0c58b17ff786868e8e9175e78e1a381818173fdfdfd571e79e491eb69475cbe7cf9b555ab568d3df9e493c79e7efae99dab57affecbea21dfcd971189c25456a21426735556a2cc154c475757d72faa63fc6095f189d2dd6cd2fd07d3e3f3650277e8bdf7de5bfeecb3cf9e5cb66c59ad2adfb51d3b76d4f6efdf5f3b72e448edfcf9f3b5247d4d7f4edf4fb7af59b3e67a5f5fdf7855c8dfe8eeeefe49becc0814a6b212a53099abb21265aee04e5405fa675591de3b45c19e4ef6a6e5e5eb006ee3e0c1837ff5e28b2f9e7af8e1876bafbefa6aedecd9b3374a77b3d2fdd3e3aa42fed5ca952b5fa976c41fe5eb68670a5359895298cc5559893257d08cdedede1f747474fcba2acf37fe6f776356ac5851dbbe7dfb2d4fc4a5dbd3fdf2c7a6e5a5e5a6e5e7eb0432d57ef5fdd75f7f7d2815f02d5bb6d42e5dbaf4ed867d87d2e3d372aa1df0724f4fcfaff2f5b52b85a9ac44294ce6aaac44992bb89daa2cdfdfd5d5f5516381eeeeeeae6ddebcb976e2c489fcd07e4be9fee971e9f15921ff30ad275f3730a1da7feedbb66ddbef1e7df4d1dad1a347f37d6b46d2f2aa727fa5afaf6f205f6f3b5298ca4a94c264aeca4a94b9825ba90af84fab9c6c2ccdebd7afaf1d3f7e3c3f94df91f4f8b49cac8c1f4febcbb701e6bc6a9fb9eff9e79f1f7deaa9a76aa3a3a3f9fe7457a4e5f6f7f75f5ebc78f1d67cfded46612a2b510a93b92a2b51e60a6e66e24cf837253c9dc51e1a1aca0fdf339296979d1d3feecc3834a8f693ef6fdbb6edd354c2d3c1e75e4acb5fb56ad585850b173e996f473b5198ca4a94c264aeca4a94b982a9a46bb61b2f4759b26449edc08103f961fbae48cb4dcb6f28e31fba661c26a46bc21f7becb17b76263c97d6b374e9d2b16a477c30df9676a13095952885c95c95952873055399f8c5cc6fce84dfab125e9796df78663cad3fdf269873aa1de381f48b9977fb9af0db49ebebe9e9199d3f7ffe8ff36d6a070a5359895298cc5559893257909b788bc2afeba578e7ce9df961fa9e48eb69382bfeb5b73664ce4b6f5198ded5a415366edc78aada119fcbb7a91d284c65254a6132576525ca5c41aeb3e17dc2d32f54cea6ec1738f7e6db067346fab09e74367c6c6c2cdf4f66455aefa2458b2eb6e387fe284c65254a6132576525ca5c41a3050b16fcbc5e84d3a522337d77943b95d6d778894ada9e7c1b614e489f9839383898ef23b36aebd6ad47aa1d7173be6da55398ca4a94c264aeca4a94b982469dffffb1f5374a707abfef5648eb6d382b3e986f2384373636f627cb972faf8d8c8ce4fbc7acaad6ff87ea5fc667d6ae5dfbbd7c1b4ba63095952885c95c959528730575d5f1f68755f11daf97e0d93e1b5e97d6db50c4c7d376e5db0aa1bdf6da6b03fdfdfdf9bed1124b972efdbcda11ff34dfc656a8b6e3ed2a7f9e7f3fa7309595d20b93b96acf943e57d0a899d799eaf679f5029c3e8ebe95d2fa1bcaf8bc7c5b21b40d1b36fc76c78e1df97ed1129b366d4a1f7bfb0ff936b642c38bc22d5fd014a6b2527a613257ed99d2e70a1a35f33a537d7f43fd7e2fbffc727e389e5569fd0ddbbc21df56086d6060e0dcfefdfbf3fda2258687870f7674740ce5dbd80a0d2f0ab77c415398ca4ae985c95cb5674a9f2b68d4cceb4c5757d7eefaedfbf6edcb0fc7b32aadbfbe2d69bb1ab713c25bb366cd95d97eeff09b397cf870ba34e5837c1b5b618a17b2295fd014a6b2527a619a629ecc551ba4f4b9824653bcbe4c7a9da9be1eab7fbfd51d20adbf611b8f657f1d886df9f2e5d7bffcf2cb7cbf6889f3e7cf5faa76c293f936b6c2142f60796ebca0294c65a5f4c234c51ce5315705a6f4b9824653bcaee449af33ff5bff73ab3b405a7f7d5bbababac6f2bf0f84b668d1a2dab56bd7f2fda225aaed481f779fbf60141d85a9ace4cf4fbbc65c9595fcf9118994567780b4fe86edf943de5320b465cb965d6bf5bf86ebce9e3dfbdf9de59f117fbbd32504c5a6f4339753cc93b96a83943e57d0688ad79749af33e9cc73fdfbadee00ce8833a73df1c41363adbe3eacee934f3ed9d759ee35e2df2a4a750a535929bd3099abf64ce973058d9a799de9748d3894e1a9a79e3a5ecabba6bcf5d65bbb0a7cd794492f608d14a6b2527a613257ed99d2e70a1a35f33ae35d53a0106bd7aedd59cafb88af5bb72e7ddc6e29ef237ed317b0460a535929bd3099abf64ce973058d9a799de9f43ee25086fefefebf58b366cdf57cc768816bdddddd073b0bf964cd66294c65254a6132576525ca5c415d67419facf9f8e38f5f6f28e23e5993b965eddab5df5bba74e9f8c8c848be6fccaa13274ebc53ed80a7d3f6e4db583285a9ac44294ce6aaac44992ba8ebeeeefe6175cc1daf17e0e3c78fe787e55991d6db50c2c7d376e5db0ae1ad5ebdfa8dc1c1c17cff9855cf3cf3cc6faa9d7073be6da55398ca4a94c264aeca4a94b98246d531375d0e7aa3046fdebc393f2ccf8ab4de86223e986f23cc09d5bf407fd2d7d7f7d5d8d858be8fcc8ad1d1d1f7ab1d70246d47be6da55398ca4a94c264aeca4a94b982460b162cf879bd0457c7df593f2b9ed6d7d5d5f5cd6529697bf26d843963e5ca95af6cd9b225df4f6645b5ee7fa976c2e7f26d6a070a5359895298cc555989325790ab8ebd7beb4578fdfaf5f9e1f99e4aeb6b381bbe37df369853e6cf9fffe3dededecbb3fd7ea2fbf6ed4b97a48ca4f5e7dbd40e14a6b212a53099abb21265ae20d7d5d5f5b3ea18fc75bd10efdcb9333f4cdf13693d0d25fcebb41df9b6c19cd3d3d3f3ab65cb965d191d1dcdf7997b626464e43faa1df08b2a0fe6dbd22e14a6b212a53099abb21265ae602a1d1d1dbfae97e27489ca810307f2c3f55d9596df78494a5a7fbe4d3067f5f5f50df4f7f75f4e079f7be9ead5ab9f543bfc07d5cef8d7f936b41385a9ac44294ce6aaac44992b984a6f6fef0faa42fc61bd182f59b2e49e95f1b4dc6a7ddf9c814feb4debcfb709e6b4c58b176f5db56ad5857b75667c6464644f2ae1d50ef88ff9badb8dc25456a21426735556a2cc15dc4c753cbebfcaf1c633e3434343f9e17b46d2f21acf844faceffe7c5b80cac2850b9fecebeb1bbbdbd78c4f5c137eacddcf84d7294c65254a6132576525ca5cc1ad54c7e59f3696f194f40b95337d3795f4f8ec17336f94f0b4be7c1b8006d58ef2604f4fcfe8c68d1b4f5dba7429dfb7eec8850b17de9b78779491b4dc7c5ded4a612a2b510a93b92a2b51e60a6e279da1ee6cb84c25259d1d4feff77de2c489fcd07e4be9fee971d959f01b97a3a4f5e4eb06a650ed403faa7698e7162d5a74f1a5975e3a72f6ecd96bf9ce760bd74e9e3cf9cec0c0c08d774649cb49cbcbd7d1ce14a6b212a53099abb21265aea019e99aed895fe0cc0b746dc58a15b5eddbb7d7f6efdf5f3b72e448edfcf9f3370ef6e96bfa73fa7eba3dfbd8fa7aaea7e5ba261ca6217dd84eb5136dae8af4c8430f3df4c5a64d9b0e0c0f0f1f3c7cf8f0b173e7cefdbeda0f2f8d8c8c1c3d74e8d0beeaa0f5e6ba75eb06abc71cac1ef33fe971edf8613dcd5098ca4a94c264aeca4a94b9823b31f1d686dfbccff80cb3d75b14c2ddf1dd050b16fc59b543fd7df52fdba16ae74a9f8a59bfa62c7d7d3f7d3fdd9eee97ee9f2f201285a9ac44294ce6aaac44992b988eea78fe8bead83e58657c8a827daba4fb0fa6c7e7cb04b82b14a6b212a53099abb21265ae60267a7b7befab8af5bc8e8e8ee7abafbbaa7c56e5f244e94e5fd39f774ddc3e2fdd3f5f06c05da53095952885c95c959528730500a1284c65254a6132576525ca5c0140280a5359895298cc555989325700108ac25456a21426735556a2cc150084a23095952885c95c959528730500a1284c65254a6132576525ca5c0140280a5359895298cc555989325700108ac25456a21426735556a2cc150084a23095952885c95c959528730500a1284c65254a6132576525ca5c0140280a5359895298cc555989325700108ac25456a21426735556a2cc150084a23095952885c95c959528730500a1284c65254a6132576525ca5c0140280a5359895298cc555989325700108ac25456a21426735556a2cc150084a23095952885c95c959528730500a1ecdab5ebfa952b57261db865f6533d0fa7aac274357f8eda91b92a2791e60a0042191e1e3e75e6cc9949076f99fd7cf1c517ff5c15a6f7f3e7a81d99ab721269ae002094ddbb77ff72cf9e3d174f9f3e7dce19ccd6a4fab99ffefcf3cf7f5395a563551ec89fa37664ae5a9f88730500e1a483743a6356653c5d4b2ab39ef4734f3fff506529fd7d26fe5ee6aa35093957000000000000000000000000000000000000000000000000000004f07f07178e4d89a3c38c0000000049454e44ae426082', true);
INSERT INTO public.act_ge_property (name_, value_, rev_) VALUES ('common.schema.version', '7.0.0.0', 1);
INSERT INTO public.act_ge_property (name_, value_, rev_) VALUES ('next.dbid', '1', 1);
INSERT INTO public.act_ge_property (name_, value_, rev_) VALUES ('identitylink.schema.version', '7.0.0.0', 1);
INSERT INTO public.act_ge_property (name_, value_, rev_) VALUES ('entitylink.schema.version', '7.0.0.0', 1);
INSERT INTO public.act_ge_property (name_, value_, rev_) VALUES ('eventsubscription.schema.version', '7.0.0.0', 1);
INSERT INTO public.act_ge_property (name_, value_, rev_) VALUES ('task.schema.version', '7.0.0.0', 1);
INSERT INTO public.act_ge_property (name_, value_, rev_) VALUES ('variable.schema.version', '7.0.0.0', 1);
INSERT INTO public.act_ge_property (name_, value_, rev_) VALUES ('job.schema.version', '7.0.0.0', 1);
INSERT INTO public.act_ge_property (name_, value_, rev_) VALUES ('batch.schema.version', '7.0.0.0', 1);
INSERT INTO public.act_ge_property (name_, value_, rev_) VALUES ('schema.version', '7.0.0.0', 1);
INSERT INTO public.act_ge_property (name_, value_, rev_) VALUES ('schema.history', 'create(7.0.0.0)', 1);
INSERT INTO public.act_ge_property (name_, value_, rev_) VALUES ('cfg.execution-related-entities-count', 'true', 1);
INSERT INTO public.act_ge_property (name_, value_, rev_) VALUES ('cfg.task-related-entities-count', 'true', 1);
INSERT INTO public.act_hi_actinst (id_, rev_, proc_def_id_, proc_inst_id_, execution_id_, act_id_, task_id_, call_proc_inst_id_, act_name_, act_type_, assignee_, start_time_, end_time_, transaction_order_, duration_, delete_reason_, tenant_id_) VALUES ('2d7a8c07-f132-11f0-bfbd-f2dbc029a3c2', 1, 'Process_1:2:2d6cf771-f132-11f0-bfbd-f2dbc029a3c2', '2d7a16d2-f132-11f0-bfbd-f2dbc029a3c2', '2d7a8c06-f132-11f0-bfbd-f2dbc029a3c2', 'StartEvent_1', NULL, NULL, '开始', 'startEvent', NULL, '2026-01-14 18:17:06.215', '2026-01-14 18:17:06.219', 1, 4, NULL, '');
INSERT INTO public.act_hi_actinst (id_, rev_, proc_def_id_, proc_inst_id_, execution_id_, act_id_, task_id_, call_proc_inst_id_, act_name_, act_type_, assignee_, start_time_, end_time_, transaction_order_, duration_, delete_reason_, tenant_id_) VALUES ('2d7b4f58-f132-11f0-bfbd-f2dbc029a3c2', 1, 'Process_1:2:2d6cf771-f132-11f0-bfbd-f2dbc029a3c2', '2d7a16d2-f132-11f0-bfbd-f2dbc029a3c2', '2d7a8c06-f132-11f0-bfbd-f2dbc029a3c2', 'Flow_1', NULL, NULL, NULL, 'sequenceFlow', NULL, '2026-01-14 18:17:06.22', '2026-01-14 18:17:06.22', 2, 0, NULL, '');
INSERT INTO public.act_hi_actinst (id_, rev_, proc_def_id_, proc_inst_id_, execution_id_, act_id_, task_id_, call_proc_inst_id_, act_name_, act_type_, assignee_, start_time_, end_time_, transaction_order_, duration_, delete_reason_, tenant_id_) VALUES ('6f7295a4-f1f4-11f0-bfbd-f2dbc029a3c2', 1, 'Process_1:7:6f5a7aaf-f1f4-11f0-bfbd-f2dbc029a3c2', '6f5f83c0-f1f4-11f0-bfbd-f2dbc029a3c2', '6f5f83c8-f1f4-11f0-bfbd-f2dbc029a3c2', 'Flow_0un7hlh', NULL, NULL, NULL, 'sequenceFlow', NULL, '2026-01-15 17:27:39.258', '2026-01-15 17:27:39.258', 1, 0, NULL, '');
INSERT INTO public.act_hi_actinst (id_, rev_, proc_def_id_, proc_inst_id_, execution_id_, act_id_, task_id_, call_proc_inst_id_, act_name_, act_type_, assignee_, start_time_, end_time_, transaction_order_, duration_, delete_reason_, tenant_id_) VALUES ('2d9518f0-f132-11f0-bfbd-f2dbc029a3c2', 1, 'Process_1:2:2d6cf771-f132-11f0-bfbd-f2dbc029a3c2', '2d7a16d2-f132-11f0-bfbd-f2dbc029a3c2', '2d7a8c06-f132-11f0-bfbd-f2dbc029a3c2', 'Flow_0un7hlh', NULL, NULL, NULL, 'sequenceFlow', NULL, '2026-01-14 18:17:06.389', '2026-01-14 18:17:06.389', 1, 0, NULL, '');
INSERT INTO public.act_hi_actinst (id_, rev_, proc_def_id_, proc_inst_id_, execution_id_, act_id_, task_id_, call_proc_inst_id_, act_name_, act_type_, assignee_, start_time_, end_time_, transaction_order_, duration_, delete_reason_, tenant_id_) VALUES ('2d7b4f59-f132-11f0-bfbd-f2dbc029a3c2', 3, 'Process_1:2:2d6cf771-f132-11f0-bfbd-f2dbc029a3c2', '2d7a16d2-f132-11f0-bfbd-f2dbc029a3c2', '2d7a8c06-f132-11f0-bfbd-f2dbc029a3c2', 'Activity_09dh3z9', '2d7b766a-f132-11f0-bfbd-f2dbc029a3c2', NULL, NULL, 'userTask', 'hr-manager-001', '2026-01-14 18:17:06.22', '2026-01-14 18:17:06.388', 3, 168, NULL, '');
INSERT INTO public.act_hi_actinst (id_, rev_, proc_def_id_, proc_inst_id_, execution_id_, act_id_, task_id_, call_proc_inst_id_, act_name_, act_type_, assignee_, start_time_, end_time_, transaction_order_, duration_, delete_reason_, tenant_id_) VALUES ('2d954001-f132-11f0-bfbd-f2dbc029a3c2', 2, 'Process_1:2:2d6cf771-f132-11f0-bfbd-f2dbc029a3c2', '2d7a16d2-f132-11f0-bfbd-f2dbc029a3c2', '2d7a8c06-f132-11f0-bfbd-f2dbc029a3c2', 'Activity_0mvv5hc', '2d954002-f132-11f0-bfbd-f2dbc029a3c2', NULL, NULL, 'userTask', 'hr-specialist-001', '2026-01-14 18:17:06.39', NULL, 2, NULL, NULL, '');
INSERT INTO public.act_hi_actinst (id_, rev_, proc_def_id_, proc_inst_id_, execution_id_, act_id_, task_id_, call_proc_inst_id_, act_name_, act_type_, assignee_, start_time_, end_time_, transaction_order_, duration_, delete_reason_, tenant_id_) VALUES ('80f6cfc3-f133-11f0-bfbd-f2dbc029a3c2', 1, 'Process_1:3:80f1788d-f133-11f0-bfbd-f2dbc029a3c2', '80f6a8ae-f133-11f0-bfbd-f2dbc029a3c2', '80f6cfc2-f133-11f0-bfbd-f2dbc029a3c2', 'StartEvent_1', NULL, NULL, '开始', 'startEvent', NULL, '2026-01-14 18:26:35.777', '2026-01-14 18:26:35.777', 1, 0, NULL, '');
INSERT INTO public.act_hi_actinst (id_, rev_, proc_def_id_, proc_inst_id_, execution_id_, act_id_, task_id_, call_proc_inst_id_, act_name_, act_type_, assignee_, start_time_, end_time_, transaction_order_, duration_, delete_reason_, tenant_id_) VALUES ('80f6cfc4-f133-11f0-bfbd-f2dbc029a3c2', 1, 'Process_1:3:80f1788d-f133-11f0-bfbd-f2dbc029a3c2', '80f6a8ae-f133-11f0-bfbd-f2dbc029a3c2', '80f6cfc2-f133-11f0-bfbd-f2dbc029a3c2', 'Flow_1', NULL, NULL, NULL, 'sequenceFlow', NULL, '2026-01-14 18:26:35.777', '2026-01-14 18:26:35.777', 2, 0, NULL, '');
INSERT INTO public.act_hi_actinst (id_, rev_, proc_def_id_, proc_inst_id_, execution_id_, act_id_, task_id_, call_proc_inst_id_, act_name_, act_type_, assignee_, start_time_, end_time_, transaction_order_, duration_, delete_reason_, tenant_id_) VALUES ('8107237c-f133-11f0-bfbd-f2dbc029a3c2', 1, 'Process_1:3:80f1788d-f133-11f0-bfbd-f2dbc029a3c2', '80f6a8ae-f133-11f0-bfbd-f2dbc029a3c2', '80f6cfc2-f133-11f0-bfbd-f2dbc029a3c2', 'Flow_0un7hlh', NULL, NULL, NULL, 'sequenceFlow', NULL, '2026-01-14 18:26:35.884', '2026-01-14 18:26:35.884', 1, 0, NULL, '');
INSERT INTO public.act_hi_actinst (id_, rev_, proc_def_id_, proc_inst_id_, execution_id_, act_id_, task_id_, call_proc_inst_id_, act_name_, act_type_, assignee_, start_time_, end_time_, transaction_order_, duration_, delete_reason_, tenant_id_) VALUES ('81074a8d-f133-11f0-bfbd-f2dbc029a3c2', 1, 'Process_1:3:80f1788d-f133-11f0-bfbd-f2dbc029a3c2', '80f6a8ae-f133-11f0-bfbd-f2dbc029a3c2', '80f6cfc2-f133-11f0-bfbd-f2dbc029a3c2', 'Activity_0mvv5hc', '81074a8e-f133-11f0-bfbd-f2dbc029a3c2', NULL, NULL, 'userTask', NULL, '2026-01-14 18:26:35.885', NULL, 2, NULL, NULL, '');
INSERT INTO public.act_hi_actinst (id_, rev_, proc_def_id_, proc_inst_id_, execution_id_, act_id_, task_id_, call_proc_inst_id_, act_name_, act_type_, assignee_, start_time_, end_time_, transaction_order_, duration_, delete_reason_, tenant_id_) VALUES ('80f6cfc5-f133-11f0-bfbd-f2dbc029a3c2', 3, 'Process_1:3:80f1788d-f133-11f0-bfbd-f2dbc029a3c2', '80f6a8ae-f133-11f0-bfbd-f2dbc029a3c2', '80f6cfc2-f133-11f0-bfbd-f2dbc029a3c2', 'Activity_09dh3z9', '80f6cfc6-f133-11f0-bfbd-f2dbc029a3c2', NULL, NULL, 'userTask', 'hr-specialist-001', '2026-01-14 18:26:35.777', '2026-01-14 18:26:35.883', 3, 106, NULL, '');
INSERT INTO public.act_hi_actinst (id_, rev_, proc_def_id_, proc_inst_id_, execution_id_, act_id_, task_id_, call_proc_inst_id_, act_name_, act_type_, assignee_, start_time_, end_time_, transaction_order_, duration_, delete_reason_, tenant_id_) VALUES ('2b8a18c4-f1f4-11f0-bfbd-f2dbc029a3c2', 1, 'Process_1:5:2b85fa0e-f1f4-11f0-bfbd-f2dbc029a3c2', '2b89f1af-f1f4-11f0-bfbd-f2dbc029a3c2', '2b8a18c3-f1f4-11f0-bfbd-f2dbc029a3c2', 'StartEvent_1', NULL, NULL, '开始', 'startEvent', NULL, '2026-01-15 17:25:45.327', '2026-01-15 17:25:45.327', 1, 0, NULL, '');
INSERT INTO public.act_hi_actinst (id_, rev_, proc_def_id_, proc_inst_id_, execution_id_, act_id_, task_id_, call_proc_inst_id_, act_name_, act_type_, assignee_, start_time_, end_time_, transaction_order_, duration_, delete_reason_, tenant_id_) VALUES ('2b8a18c5-f1f4-11f0-bfbd-f2dbc029a3c2', 1, 'Process_1:5:2b85fa0e-f1f4-11f0-bfbd-f2dbc029a3c2', '2b89f1af-f1f4-11f0-bfbd-f2dbc029a3c2', '2b8a18c3-f1f4-11f0-bfbd-f2dbc029a3c2', 'Flow_1', NULL, NULL, NULL, 'sequenceFlow', NULL, '2026-01-15 17:25:45.327', '2026-01-15 17:25:45.327', 2, 0, NULL, '');
INSERT INTO public.act_hi_actinst (id_, rev_, proc_def_id_, proc_inst_id_, execution_id_, act_id_, task_id_, call_proc_inst_id_, act_name_, act_type_, assignee_, start_time_, end_time_, transaction_order_, duration_, delete_reason_, tenant_id_) VALUES ('6f5faadb-f1f4-11f0-bfbd-f2dbc029a3c2', 3, 'Process_1:7:6f5a7aaf-f1f4-11f0-bfbd-f2dbc029a3c2', '6f5f83c0-f1f4-11f0-bfbd-f2dbc029a3c2', '6f5f83c8-f1f4-11f0-bfbd-f2dbc029a3c2', 'Activity_09dh3z9', '6f5faadc-f1f4-11f0-bfbd-f2dbc029a3c2', NULL, NULL, 'userTask', 'corp-manager-001', '2026-01-15 17:27:39.134', '2026-01-15 17:27:39.257', 3, 123, NULL, '');
INSERT INTO public.act_hi_actinst (id_, rev_, proc_def_id_, proc_inst_id_, execution_id_, act_id_, task_id_, call_proc_inst_id_, act_name_, act_type_, assignee_, start_time_, end_time_, transaction_order_, duration_, delete_reason_, tenant_id_) VALUES ('2b99a92d-f1f4-11f0-bfbd-f2dbc029a3c2', 1, 'Process_1:5:2b85fa0e-f1f4-11f0-bfbd-f2dbc029a3c2', '2b89f1af-f1f4-11f0-bfbd-f2dbc029a3c2', '2b8a18c3-f1f4-11f0-bfbd-f2dbc029a3c2', 'Flow_0un7hlh', NULL, NULL, NULL, 'sequenceFlow', NULL, '2026-01-15 17:25:45.429', '2026-01-15 17:25:45.429', 1, 0, NULL, '');
INSERT INTO public.act_hi_actinst (id_, rev_, proc_def_id_, proc_inst_id_, execution_id_, act_id_, task_id_, call_proc_inst_id_, act_name_, act_type_, assignee_, start_time_, end_time_, transaction_order_, duration_, delete_reason_, tenant_id_) VALUES ('2b99f74e-f1f4-11f0-bfbd-f2dbc029a3c2', 1, 'Process_1:5:2b85fa0e-f1f4-11f0-bfbd-f2dbc029a3c2', '2b89f1af-f1f4-11f0-bfbd-f2dbc029a3c2', '2b8a18c3-f1f4-11f0-bfbd-f2dbc029a3c2', 'Activity_0mvv5hc', '2b99f74f-f1f4-11f0-bfbd-f2dbc029a3c2', NULL, NULL, 'userTask', NULL, '2026-01-15 17:25:45.431', NULL, 2, NULL, NULL, '');
INSERT INTO public.act_hi_actinst (id_, rev_, proc_def_id_, proc_inst_id_, execution_id_, act_id_, task_id_, call_proc_inst_id_, act_name_, act_type_, assignee_, start_time_, end_time_, transaction_order_, duration_, delete_reason_, tenant_id_) VALUES ('2b8a18c6-f1f4-11f0-bfbd-f2dbc029a3c2', 3, 'Process_1:5:2b85fa0e-f1f4-11f0-bfbd-f2dbc029a3c2', '2b89f1af-f1f4-11f0-bfbd-f2dbc029a3c2', '2b8a18c3-f1f4-11f0-bfbd-f2dbc029a3c2', 'Activity_09dh3z9', '2b8a18c7-f1f4-11f0-bfbd-f2dbc029a3c2', NULL, NULL, 'userTask', 'corp-manager-001', '2026-01-15 17:25:45.327', '2026-01-15 17:25:45.428', 3, 101, NULL, '');
INSERT INTO public.act_hi_actinst (id_, rev_, proc_def_id_, proc_inst_id_, execution_id_, act_id_, task_id_, call_proc_inst_id_, act_name_, act_type_, assignee_, start_time_, end_time_, transaction_order_, duration_, delete_reason_, tenant_id_) VALUES ('6f5f83c9-f1f4-11f0-bfbd-f2dbc029a3c2', 1, 'Process_1:7:6f5a7aaf-f1f4-11f0-bfbd-f2dbc029a3c2', '6f5f83c0-f1f4-11f0-bfbd-f2dbc029a3c2', '6f5f83c8-f1f4-11f0-bfbd-f2dbc029a3c2', 'StartEvent_1', NULL, NULL, '开始', 'startEvent', NULL, '2026-01-15 17:27:39.133', '2026-01-15 17:27:39.134', 1, 1, NULL, '');
INSERT INTO public.act_hi_actinst (id_, rev_, proc_def_id_, proc_inst_id_, execution_id_, act_id_, task_id_, call_proc_inst_id_, act_name_, act_type_, assignee_, start_time_, end_time_, transaction_order_, duration_, delete_reason_, tenant_id_) VALUES ('6f5faada-f1f4-11f0-bfbd-f2dbc029a3c2', 1, 'Process_1:7:6f5a7aaf-f1f4-11f0-bfbd-f2dbc029a3c2', '6f5f83c0-f1f4-11f0-bfbd-f2dbc029a3c2', '6f5f83c8-f1f4-11f0-bfbd-f2dbc029a3c2', 'Flow_1', NULL, NULL, NULL, 'sequenceFlow', NULL, '2026-01-15 17:27:39.134', '2026-01-15 17:27:39.134', 2, 0, NULL, '');
INSERT INTO public.act_hi_actinst (id_, rev_, proc_def_id_, proc_inst_id_, execution_id_, act_id_, task_id_, call_proc_inst_id_, act_name_, act_type_, assignee_, start_time_, end_time_, transaction_order_, duration_, delete_reason_, tenant_id_) VALUES ('62702c48-f1f7-11f0-bfbd-f2dbc029a3c2', 1, 'Process_1:9:625d6789-f1f7-11f0-bfbd-f2dbc029a3c2', '6262709a-f1f7-11f0-bfbd-f2dbc029a3c2', '6262709e-f1f7-11f0-bfbd-f2dbc029a3c2', 'Flow_0un7hlh', NULL, NULL, NULL, 'sequenceFlow', NULL, '2026-01-15 17:48:45.922', '2026-01-15 17:48:45.922', 1, 0, NULL, '');
INSERT INTO public.act_hi_actinst (id_, rev_, proc_def_id_, proc_inst_id_, execution_id_, act_id_, task_id_, call_proc_inst_id_, act_name_, act_type_, assignee_, start_time_, end_time_, transaction_order_, duration_, delete_reason_, tenant_id_) VALUES ('6f72bcb5-f1f4-11f0-bfbd-f2dbc029a3c2', 2, 'Process_1:7:6f5a7aaf-f1f4-11f0-bfbd-f2dbc029a3c2', '6f5f83c0-f1f4-11f0-bfbd-f2dbc029a3c2', '6f5f83c8-f1f4-11f0-bfbd-f2dbc029a3c2', 'Activity_0mvv5hc', '6f72bcb6-f1f4-11f0-bfbd-f2dbc029a3c2', NULL, NULL, 'userTask', 'hr-manager-001', '2026-01-15 17:27:39.259', NULL, 2, NULL, NULL, '');
INSERT INTO public.act_hi_actinst (id_, rev_, proc_def_id_, proc_inst_id_, execution_id_, act_id_, task_id_, call_proc_inst_id_, act_name_, act_type_, assignee_, start_time_, end_time_, transaction_order_, duration_, delete_reason_, tenant_id_) VALUES ('6262709f-f1f7-11f0-bfbd-f2dbc029a3c2', 1, 'Process_1:9:625d6789-f1f7-11f0-bfbd-f2dbc029a3c2', '6262709a-f1f7-11f0-bfbd-f2dbc029a3c2', '6262709e-f1f7-11f0-bfbd-f2dbc029a3c2', 'StartEvent_1', NULL, NULL, '开始', 'startEvent', NULL, '2026-01-15 17:48:45.832', '2026-01-15 17:48:45.832', 1, 0, NULL, '');
INSERT INTO public.act_hi_actinst (id_, rev_, proc_def_id_, proc_inst_id_, execution_id_, act_id_, task_id_, call_proc_inst_id_, act_name_, act_type_, assignee_, start_time_, end_time_, transaction_order_, duration_, delete_reason_, tenant_id_) VALUES ('626270a0-f1f7-11f0-bfbd-f2dbc029a3c2', 1, 'Process_1:9:625d6789-f1f7-11f0-bfbd-f2dbc029a3c2', '6262709a-f1f7-11f0-bfbd-f2dbc029a3c2', '6262709e-f1f7-11f0-bfbd-f2dbc029a3c2', 'Flow_1', NULL, NULL, NULL, 'sequenceFlow', NULL, '2026-01-15 17:48:45.832', '2026-01-15 17:48:45.832', 2, 0, NULL, '');
INSERT INTO public.act_hi_actinst (id_, rev_, proc_def_id_, proc_inst_id_, execution_id_, act_id_, task_id_, call_proc_inst_id_, act_name_, act_type_, assignee_, start_time_, end_time_, transaction_order_, duration_, delete_reason_, tenant_id_) VALUES ('62705359-f1f7-11f0-bfbd-f2dbc029a3c2', 1, 'Process_1:9:625d6789-f1f7-11f0-bfbd-f2dbc029a3c2', '6262709a-f1f7-11f0-bfbd-f2dbc029a3c2', '6262709e-f1f7-11f0-bfbd-f2dbc029a3c2', 'Activity_0mvv5hc', '6270535a-f1f7-11f0-bfbd-f2dbc029a3c2', NULL, NULL, 'userTask', NULL, '2026-01-15 17:48:45.923', NULL, 2, NULL, NULL, '');
INSERT INTO public.act_hi_actinst (id_, rev_, proc_def_id_, proc_inst_id_, execution_id_, act_id_, task_id_, call_proc_inst_id_, act_name_, act_type_, assignee_, start_time_, end_time_, transaction_order_, duration_, delete_reason_, tenant_id_) VALUES ('626270a1-f1f7-11f0-bfbd-f2dbc029a3c2', 3, 'Process_1:9:625d6789-f1f7-11f0-bfbd-f2dbc029a3c2', '6262709a-f1f7-11f0-bfbd-f2dbc029a3c2', '6262709e-f1f7-11f0-bfbd-f2dbc029a3c2', 'Activity_09dh3z9', '626270a2-f1f7-11f0-bfbd-f2dbc029a3c2', NULL, NULL, 'userTask', 'corp-manager-001', '2026-01-15 17:48:45.832', '2026-01-15 17:48:45.921', 3, 89, NULL, '');
INSERT INTO public.act_hi_actinst (id_, rev_, proc_def_id_, proc_inst_id_, execution_id_, act_id_, task_id_, call_proc_inst_id_, act_name_, act_type_, assignee_, start_time_, end_time_, transaction_order_, duration_, delete_reason_, tenant_id_) VALUES ('a8ef1854-f45e-11f0-9035-568938879cb7', 1, 'Process_1:10:a8e5062e-f45e-11f0-9035-568938879cb7', 'a8eeca2f-f45e-11f0-9035-568938879cb7', 'a8ef1853-f45e-11f0-9035-568938879cb7', 'StartEvent_1', NULL, NULL, '开始', 'startEvent', NULL, '2026-01-18 19:13:04.683', '2026-01-18 19:13:04.687', 1, 4, NULL, '');
INSERT INTO public.act_hi_actinst (id_, rev_, proc_def_id_, proc_inst_id_, execution_id_, act_id_, task_id_, call_proc_inst_id_, act_name_, act_type_, assignee_, start_time_, end_time_, transaction_order_, duration_, delete_reason_, tenant_id_) VALUES ('a8efdba5-f45e-11f0-9035-568938879cb7', 1, 'Process_1:10:a8e5062e-f45e-11f0-9035-568938879cb7', 'a8eeca2f-f45e-11f0-9035-568938879cb7', 'a8ef1853-f45e-11f0-9035-568938879cb7', 'Flow_1', NULL, NULL, NULL, 'sequenceFlow', NULL, '2026-01-18 19:13:04.688', '2026-01-18 19:13:04.688', 2, 0, NULL, '');
INSERT INTO public.act_hi_actinst (id_, rev_, proc_def_id_, proc_inst_id_, execution_id_, act_id_, task_id_, call_proc_inst_id_, act_name_, act_type_, assignee_, start_time_, end_time_, transaction_order_, duration_, delete_reason_, tenant_id_) VALUES ('a9038abd-f45e-11f0-9035-568938879cb7', 1, 'Process_1:10:a8e5062e-f45e-11f0-9035-568938879cb7', 'a8eeca2f-f45e-11f0-9035-568938879cb7', 'a8ef1853-f45e-11f0-9035-568938879cb7', 'Flow_0un7hlh', NULL, NULL, NULL, 'sequenceFlow', NULL, '2026-01-18 19:13:04.817', '2026-01-18 19:13:04.817', 1, 0, NULL, '');
INSERT INTO public.act_hi_actinst (id_, rev_, proc_def_id_, proc_inst_id_, execution_id_, act_id_, task_id_, call_proc_inst_id_, act_name_, act_type_, assignee_, start_time_, end_time_, transaction_order_, duration_, delete_reason_, tenant_id_) VALUES ('a903b1ce-f45e-11f0-9035-568938879cb7', 1, 'Process_1:10:a8e5062e-f45e-11f0-9035-568938879cb7', 'a8eeca2f-f45e-11f0-9035-568938879cb7', 'a8ef1853-f45e-11f0-9035-568938879cb7', 'Activity_0mvv5hc', 'a903b1cf-f45e-11f0-9035-568938879cb7', NULL, NULL, 'userTask', NULL, '2026-01-18 19:13:04.818', NULL, 2, NULL, NULL, '');
INSERT INTO public.act_hi_actinst (id_, rev_, proc_def_id_, proc_inst_id_, execution_id_, act_id_, task_id_, call_proc_inst_id_, act_name_, act_type_, assignee_, start_time_, end_time_, transaction_order_, duration_, delete_reason_, tenant_id_) VALUES ('a8efdba6-f45e-11f0-9035-568938879cb7', 3, 'Process_1:10:a8e5062e-f45e-11f0-9035-568938879cb7', 'a8eeca2f-f45e-11f0-9035-568938879cb7', 'a8ef1853-f45e-11f0-9035-568938879cb7', 'Activity_09dh3z9', 'a8f002b7-f45e-11f0-9035-568938879cb7', NULL, NULL, 'userTask', 'tech-director-001', '2026-01-18 19:13:04.688', '2026-01-18 19:13:04.816', 3, 128, NULL, '');
INSERT INTO public.act_hi_actinst (id_, rev_, proc_def_id_, proc_inst_id_, execution_id_, act_id_, task_id_, call_proc_inst_id_, act_name_, act_type_, assignee_, start_time_, end_time_, transaction_order_, duration_, delete_reason_, tenant_id_) VALUES ('d95d8b06-f515-11f0-83bf-1a46ed4020c1', 1, 'Process_1:11:d94fcf60-f515-11f0-83bf-1a46ed4020c1', 'd95d15d1-f515-11f0-83bf-1a46ed4020c1', 'd95d8b05-f515-11f0-83bf-1a46ed4020c1', 'StartEvent_1', NULL, NULL, '开始', 'startEvent', NULL, '2026-01-19 17:04:23.839', '2026-01-19 17:04:23.843', 1, 4, NULL, '');
INSERT INTO public.act_hi_actinst (id_, rev_, proc_def_id_, proc_inst_id_, execution_id_, act_id_, task_id_, call_proc_inst_id_, act_name_, act_type_, assignee_, start_time_, end_time_, transaction_order_, duration_, delete_reason_, tenant_id_) VALUES ('d95e4e57-f515-11f0-83bf-1a46ed4020c1', 1, 'Process_1:11:d94fcf60-f515-11f0-83bf-1a46ed4020c1', 'd95d15d1-f515-11f0-83bf-1a46ed4020c1', 'd95d8b05-f515-11f0-83bf-1a46ed4020c1', 'Flow_1', NULL, NULL, NULL, 'sequenceFlow', NULL, '2026-01-19 17:04:23.844', '2026-01-19 17:04:23.844', 2, 0, NULL, '');
INSERT INTO public.act_hi_actinst (id_, rev_, proc_def_id_, proc_inst_id_, execution_id_, act_id_, task_id_, call_proc_inst_id_, act_name_, act_type_, assignee_, start_time_, end_time_, transaction_order_, duration_, delete_reason_, tenant_id_) VALUES ('d97e597f-f515-11f0-83bf-1a46ed4020c1', 1, 'Process_1:11:d94fcf60-f515-11f0-83bf-1a46ed4020c1', 'd95d15d1-f515-11f0-83bf-1a46ed4020c1', 'd95d8b05-f515-11f0-83bf-1a46ed4020c1', 'Flow_0un7hlh', NULL, NULL, NULL, 'sequenceFlow', NULL, '2026-01-19 17:04:24.054', '2026-01-19 17:04:24.054', 1, 0, NULL, '');
INSERT INTO public.act_hi_actinst (id_, rev_, proc_def_id_, proc_inst_id_, execution_id_, act_id_, task_id_, call_proc_inst_id_, act_name_, act_type_, assignee_, start_time_, end_time_, transaction_order_, duration_, delete_reason_, tenant_id_) VALUES ('d97ea7a0-f515-11f0-83bf-1a46ed4020c1', 1, 'Process_1:11:d94fcf60-f515-11f0-83bf-1a46ed4020c1', 'd95d15d1-f515-11f0-83bf-1a46ed4020c1', 'd95d8b05-f515-11f0-83bf-1a46ed4020c1', 'Activity_0mvv5hc', 'd97ea7a1-f515-11f0-83bf-1a46ed4020c1', NULL, NULL, 'userTask', NULL, '2026-01-19 17:04:24.056', NULL, 2, NULL, NULL, '');
INSERT INTO public.act_hi_actinst (id_, rev_, proc_def_id_, proc_inst_id_, execution_id_, act_id_, task_id_, call_proc_inst_id_, act_name_, act_type_, assignee_, start_time_, end_time_, transaction_order_, duration_, delete_reason_, tenant_id_) VALUES ('d95e4e58-f515-11f0-83bf-1a46ed4020c1', 3, 'Process_1:11:d94fcf60-f515-11f0-83bf-1a46ed4020c1', 'd95d15d1-f515-11f0-83bf-1a46ed4020c1', 'd95d8b05-f515-11f0-83bf-1a46ed4020c1', 'Activity_09dh3z9', 'd95e7569-f515-11f0-83bf-1a46ed4020c1', NULL, NULL, 'userTask', 'purchase-requester-001', '2026-01-19 17:04:23.844', '2026-01-19 17:04:24.053', 3, 209, NULL, '');
INSERT INTO public.act_hi_actinst (id_, rev_, proc_def_id_, proc_inst_id_, execution_id_, act_id_, task_id_, call_proc_inst_id_, act_name_, act_type_, assignee_, start_time_, end_time_, transaction_order_, duration_, delete_reason_, tenant_id_) VALUES ('14c1fff3-f537-11f0-83bf-1a46ed4020c1', 1, 'Process_1:14:14bde139-f537-11f0-83bf-1a46ed4020c1', '14c1ffea-f537-11f0-83bf-1a46ed4020c1', '14c1fff2-f537-11f0-83bf-1a46ed4020c1', 'StartEvent_1', NULL, NULL, '开始', 'startEvent', NULL, '2026-01-19 21:02:16.875', '2026-01-19 21:02:16.875', 1, 0, NULL, '');
INSERT INTO public.act_hi_actinst (id_, rev_, proc_def_id_, proc_inst_id_, execution_id_, act_id_, task_id_, call_proc_inst_id_, act_name_, act_type_, assignee_, start_time_, end_time_, transaction_order_, duration_, delete_reason_, tenant_id_) VALUES ('14c1fff4-f537-11f0-83bf-1a46ed4020c1', 1, 'Process_1:14:14bde139-f537-11f0-83bf-1a46ed4020c1', '14c1ffea-f537-11f0-83bf-1a46ed4020c1', '14c1fff2-f537-11f0-83bf-1a46ed4020c1', 'Flow_1', NULL, NULL, NULL, 'sequenceFlow', NULL, '2026-01-19 21:02:16.875', '2026-01-19 21:02:16.875', 2, 0, NULL, '');
INSERT INTO public.act_hi_actinst (id_, rev_, proc_def_id_, proc_inst_id_, execution_id_, act_id_, task_id_, call_proc_inst_id_, act_name_, act_type_, assignee_, start_time_, end_time_, transaction_order_, duration_, delete_reason_, tenant_id_) VALUES ('14d4286e-f537-11f0-83bf-1a46ed4020c1', 1, 'Process_1:14:14bde139-f537-11f0-83bf-1a46ed4020c1', '14c1ffea-f537-11f0-83bf-1a46ed4020c1', '14c1fff2-f537-11f0-83bf-1a46ed4020c1', 'Flow_0un7hlh', NULL, NULL, NULL, 'sequenceFlow', NULL, '2026-01-19 21:02:16.994', '2026-01-19 21:02:16.994', 1, 0, NULL, '');
INSERT INTO public.act_hi_actinst (id_, rev_, proc_def_id_, proc_inst_id_, execution_id_, act_id_, task_id_, call_proc_inst_id_, act_name_, act_type_, assignee_, start_time_, end_time_, transaction_order_, duration_, delete_reason_, tenant_id_) VALUES ('14d44f7f-f537-11f0-83bf-1a46ed4020c1', 1, 'Process_1:14:14bde139-f537-11f0-83bf-1a46ed4020c1', '14c1ffea-f537-11f0-83bf-1a46ed4020c1', '14c1fff2-f537-11f0-83bf-1a46ed4020c1', 'Activity_0mvv5hc', '14d44f80-f537-11f0-83bf-1a46ed4020c1', NULL, NULL, 'userTask', NULL, '2026-01-19 21:02:16.995', NULL, 2, NULL, NULL, '');
INSERT INTO public.act_hi_actinst (id_, rev_, proc_def_id_, proc_inst_id_, execution_id_, act_id_, task_id_, call_proc_inst_id_, act_name_, act_type_, assignee_, start_time_, end_time_, transaction_order_, duration_, delete_reason_, tenant_id_) VALUES ('14c1fff5-f537-11f0-83bf-1a46ed4020c1', 3, 'Process_1:14:14bde139-f537-11f0-83bf-1a46ed4020c1', '14c1ffea-f537-11f0-83bf-1a46ed4020c1', '14c1fff2-f537-11f0-83bf-1a46ed4020c1', 'Activity_09dh3z9', '14c1fff6-f537-11f0-83bf-1a46ed4020c1', NULL, NULL, 'userTask', 'purchase-requester-001', '2026-01-19 21:02:16.875', '2026-01-19 21:02:16.993', 3, 118, NULL, '');
INSERT INTO public.act_hi_comment (id_, type_, time_, user_id_, task_id_, proc_inst_id_, action_, message_, full_msg_) VALUES ('2d8c665d-f132-11f0-bfbd-f2dbc029a3c2', 'event', '2026-01-14 18:17:06.332', 'anonymousUser', '2d7b766a-f132-11f0-bfbd-f2dbc029a3c2', NULL, 'AddUserLink', 'hr-manager-001_|_assignee', NULL);
INSERT INTO public.act_hi_comment (id_, type_, time_, user_id_, task_id_, proc_inst_id_, action_, message_, full_msg_) VALUES ('91797465-f132-11f0-bfbd-f2dbc029a3c2', 'event', '2026-01-14 18:19:53.98', 'anonymousUser', '2d954002-f132-11f0-bfbd-f2dbc029a3c2', NULL, 'AddUserLink', 'hr-specialist-001_|_assignee', NULL);
INSERT INTO public.act_hi_comment (id_, type_, time_, user_id_, task_id_, proc_inst_id_, action_, message_, full_msg_) VALUES ('810093c9-f133-11f0-bfbd-f2dbc029a3c2', 'event', '2026-01-14 18:26:35.841', 'anonymousUser', '80f6cfc6-f133-11f0-bfbd-f2dbc029a3c2', NULL, 'AddUserLink', 'hr-specialist-001_|_assignee', NULL);
INSERT INTO public.act_hi_comment (id_, type_, time_, user_id_, task_id_, proc_inst_id_, action_, message_, full_msg_) VALUES ('2b93b5ba-f1f4-11f0-bfbd-f2dbc029a3c2', 'event', '2026-01-15 17:25:45.39', 'anonymousUser', '2b8a18c7-f1f4-11f0-bfbd-f2dbc029a3c2', NULL, 'AddUserLink', 'corp-manager-001_|_assignee', NULL);
INSERT INTO public.act_hi_comment (id_, type_, time_, user_id_, task_id_, proc_inst_id_, action_, message_, full_msg_) VALUES ('6f6b1c8f-f1f4-11f0-bfbd-f2dbc029a3c2', 'event', '2026-01-15 17:27:39.209', 'anonymousUser', '6f5faadc-f1f4-11f0-bfbd-f2dbc029a3c2', NULL, 'AddUserLink', 'corp-manager-001_|_assignee', NULL);
INSERT INTO public.act_hi_comment (id_, type_, time_, user_id_, task_id_, proc_inst_id_, action_, message_, full_msg_) VALUES ('879ad1b9-f1f4-11f0-bfbd-f2dbc029a3c2', 'event', '2026-01-15 17:28:19.787', 'anonymousUser', '6f72bcb6-f1f4-11f0-bfbd-f2dbc029a3c2', NULL, 'AddUserLink', 'hr-manager-001_|_assignee', NULL);
INSERT INTO public.act_hi_comment (id_, type_, time_, user_id_, task_id_, proc_inst_id_, action_, message_, full_msg_) VALUES ('626b2335-f1f7-11f0-bfbd-f2dbc029a3c2', 'event', '2026-01-15 17:48:45.889', 'anonymousUser', '626270a2-f1f7-11f0-bfbd-f2dbc029a3c2', NULL, 'AddUserLink', 'corp-manager-001_|_assignee', NULL);
INSERT INTO public.act_hi_comment (id_, type_, time_, user_id_, task_id_, proc_inst_id_, action_, message_, full_msg_) VALUES ('a8fd703a-f45e-11f0-9035-568938879cb7', 'event', '2026-01-18 19:13:04.777', 'anonymousUser', 'a8f002b7-f45e-11f0-9035-568938879cb7', NULL, 'AddUserLink', 'tech-director-001_|_assignee', NULL);
INSERT INTO public.act_hi_comment (id_, type_, time_, user_id_, task_id_, proc_inst_id_, action_, message_, full_msg_) VALUES ('d971af4c-f515-11f0-83bf-1a46ed4020c1', 'event', '2026-01-19 17:04:23.971', 'anonymousUser', 'd95e7569-f515-11f0-83bf-1a46ed4020c1', NULL, 'AddUserLink', 'purchase-requester-001_|_assignee', NULL);
INSERT INTO public.act_hi_comment (id_, type_, time_, user_id_, task_id_, proc_inst_id_, action_, message_, full_msg_) VALUES ('14ceaa29-f537-11f0-83bf-1a46ed4020c1', 'event', '2026-01-19 21:02:16.958', 'anonymousUser', '14c1fff6-f537-11f0-83bf-1a46ed4020c1', NULL, 'AddUserLink', 'purchase-requester-001_|_assignee', NULL);
INSERT INTO public.act_hi_detail (id_, type_, proc_inst_id_, execution_id_, task_id_, act_inst_id_, name_, var_type_, rev_, time_, bytearray_id_, double_, long_, text_, text2_) VALUES ('2d7a8c05-f132-11f0-bfbd-f2dbc029a3c2', 'VariableUpdate', '2d7a16d2-f132-11f0-bfbd-f2dbc029a3c2', '2d7a16d2-f132-11f0-bfbd-f2dbc029a3c2', NULL, NULL, 'initiator', 'string', 0, '2026-01-14 18:17:06.215', NULL, NULL, NULL, 'hr-manager-001', NULL);
INSERT INTO public.act_hi_detail (id_, type_, proc_inst_id_, execution_id_, task_id_, act_inst_id_, name_, var_type_, rev_, time_, bytearray_id_, double_, long_, text_, text2_) VALUES ('2d94077e-f132-11f0-bfbd-f2dbc029a3c2', 'VariableUpdate', '2d7a16d2-f132-11f0-bfbd-f2dbc029a3c2', '2d7a16d2-f132-11f0-bfbd-f2dbc029a3c2', NULL, '2d7b4f59-f132-11f0-bfbd-f2dbc029a3c2', 'initiator', 'string', 1, '2026-01-14 18:17:06.382', NULL, NULL, NULL, 'hr-manager-001', NULL);
INSERT INTO public.act_hi_detail (id_, type_, proc_inst_id_, execution_id_, task_id_, act_inst_id_, name_, var_type_, rev_, time_, bytearray_id_, double_, long_, text_, text2_) VALUES ('80f6cfc1-f133-11f0-bfbd-f2dbc029a3c2', 'VariableUpdate', '80f6a8ae-f133-11f0-bfbd-f2dbc029a3c2', '80f6a8ae-f133-11f0-bfbd-f2dbc029a3c2', NULL, NULL, 'initiator', 'string', 0, '2026-01-14 18:26:35.777', NULL, NULL, NULL, 'hr-specialist-001', NULL);
INSERT INTO public.act_hi_detail (id_, type_, proc_inst_id_, execution_id_, task_id_, act_inst_id_, name_, var_type_, rev_, time_, bytearray_id_, double_, long_, text_, text2_) VALUES ('8106391a-f133-11f0-bfbd-f2dbc029a3c2', 'VariableUpdate', '80f6a8ae-f133-11f0-bfbd-f2dbc029a3c2', '80f6a8ae-f133-11f0-bfbd-f2dbc029a3c2', NULL, '80f6cfc5-f133-11f0-bfbd-f2dbc029a3c2', 'initiator', 'string', 1, '2026-01-14 18:26:35.878', NULL, NULL, NULL, 'hr-specialist-001', NULL);
INSERT INTO public.act_hi_detail (id_, type_, proc_inst_id_, execution_id_, task_id_, act_inst_id_, name_, var_type_, rev_, time_, bytearray_id_, double_, long_, text_, text2_) VALUES ('2b8a18c2-f1f4-11f0-bfbd-f2dbc029a3c2', 'VariableUpdate', '2b89f1af-f1f4-11f0-bfbd-f2dbc029a3c2', '2b89f1af-f1f4-11f0-bfbd-f2dbc029a3c2', NULL, NULL, 'initiator', 'string', 0, '2026-01-15 17:25:45.327', NULL, NULL, NULL, 'corp-manager-001', NULL);
INSERT INTO public.act_hi_detail (id_, type_, proc_inst_id_, execution_id_, task_id_, act_inst_id_, name_, var_type_, rev_, time_, bytearray_id_, double_, long_, text_, text2_) VALUES ('2b97fb7b-f1f4-11f0-bfbd-f2dbc029a3c2', 'VariableUpdate', '2b89f1af-f1f4-11f0-bfbd-f2dbc029a3c2', '2b89f1af-f1f4-11f0-bfbd-f2dbc029a3c2', NULL, '2b8a18c6-f1f4-11f0-bfbd-f2dbc029a3c2', 'initiator', 'string', 1, '2026-01-15 17:25:45.418', NULL, NULL, NULL, 'corp-manager-001', NULL);
INSERT INTO public.act_hi_detail (id_, type_, proc_inst_id_, execution_id_, task_id_, act_inst_id_, name_, var_type_, rev_, time_, bytearray_id_, double_, long_, text_, text2_) VALUES ('6f5f83c3-f1f4-11f0-bfbd-f2dbc029a3c2', 'VariableUpdate', '6f5f83c0-f1f4-11f0-bfbd-f2dbc029a3c2', '6f5f83c0-f1f4-11f0-bfbd-f2dbc029a3c2', NULL, NULL, 'Fq63mkdrn28vabc', 'string', 0, '2026-01-15 17:27:39.133', NULL, NULL, NULL, 'qqq', NULL);
INSERT INTO public.act_hi_detail (id_, type_, proc_inst_id_, execution_id_, task_id_, act_inst_id_, name_, var_type_, rev_, time_, bytearray_id_, double_, long_, text_, text2_) VALUES ('6f5f83c5-f1f4-11f0-bfbd-f2dbc029a3c2', 'VariableUpdate', '6f5f83c0-f1f4-11f0-bfbd-f2dbc029a3c2', '6f5f83c0-f1f4-11f0-bfbd-f2dbc029a3c2', NULL, NULL, 'Fxe2mkdrrp95ahc', 'null', 0, '2026-01-15 17:27:39.133', NULL, NULL, NULL, NULL, NULL);
INSERT INTO public.act_hi_detail (id_, type_, proc_inst_id_, execution_id_, task_id_, act_inst_id_, name_, var_type_, rev_, time_, bytearray_id_, double_, long_, text_, text2_) VALUES ('6f5f83c7-f1f4-11f0-bfbd-f2dbc029a3c2', 'VariableUpdate', '6f5f83c0-f1f4-11f0-bfbd-f2dbc029a3c2', '6f5f83c0-f1f4-11f0-bfbd-f2dbc029a3c2', NULL, NULL, 'initiator', 'string', 0, '2026-01-15 17:27:39.133', NULL, NULL, NULL, 'corp-manager-001', NULL);
INSERT INTO public.act_hi_detail (id_, type_, proc_inst_id_, execution_id_, task_id_, act_inst_id_, name_, var_type_, rev_, time_, bytearray_id_, double_, long_, text_, text2_) VALUES ('6f710f00-f1f4-11f0-bfbd-f2dbc029a3c2', 'VariableUpdate', '6f5f83c0-f1f4-11f0-bfbd-f2dbc029a3c2', '6f5f83c0-f1f4-11f0-bfbd-f2dbc029a3c2', NULL, '6f5faadb-f1f4-11f0-bfbd-f2dbc029a3c2', 'Fq63mkdrn28vabc', 'string', 1, '2026-01-15 17:27:39.248', NULL, NULL, NULL, 'qqq', NULL);
INSERT INTO public.act_hi_detail (id_, type_, proc_inst_id_, execution_id_, task_id_, act_inst_id_, name_, var_type_, rev_, time_, bytearray_id_, double_, long_, text_, text2_) VALUES ('6f715d21-f1f4-11f0-bfbd-f2dbc029a3c2', 'VariableUpdate', '6f5f83c0-f1f4-11f0-bfbd-f2dbc029a3c2', '6f5f83c0-f1f4-11f0-bfbd-f2dbc029a3c2', NULL, '6f5faadb-f1f4-11f0-bfbd-f2dbc029a3c2', 'Fxe2mkdrrp95ahc', 'null', 1, '2026-01-15 17:27:39.25', NULL, NULL, NULL, NULL, NULL);
INSERT INTO public.act_hi_detail (id_, type_, proc_inst_id_, execution_id_, task_id_, act_inst_id_, name_, var_type_, rev_, time_, bytearray_id_, double_, long_, text_, text2_) VALUES ('6f718432-f1f4-11f0-bfbd-f2dbc029a3c2', 'VariableUpdate', '6f5f83c0-f1f4-11f0-bfbd-f2dbc029a3c2', '6f5f83c0-f1f4-11f0-bfbd-f2dbc029a3c2', NULL, '6f5faadb-f1f4-11f0-bfbd-f2dbc029a3c2', 'initiator', 'string', 1, '2026-01-15 17:27:39.251', NULL, NULL, NULL, 'corp-manager-001', NULL);
INSERT INTO public.act_hi_detail (id_, type_, proc_inst_id_, execution_id_, task_id_, act_inst_id_, name_, var_type_, rev_, time_, bytearray_id_, double_, long_, text_, text2_) VALUES ('6262709d-f1f7-11f0-bfbd-f2dbc029a3c2', 'VariableUpdate', '6262709a-f1f7-11f0-bfbd-f2dbc029a3c2', '6262709a-f1f7-11f0-bfbd-f2dbc029a3c2', NULL, NULL, 'initiator', 'string', 0, '2026-01-15 17:48:45.832', NULL, NULL, NULL, 'corp-manager-001', NULL);
INSERT INTO public.act_hi_detail (id_, type_, proc_inst_id_, execution_id_, task_id_, act_inst_id_, name_, var_type_, rev_, time_, bytearray_id_, double_, long_, text_, text2_) VALUES ('626f41e6-f1f7-11f0-bfbd-f2dbc029a3c2', 'VariableUpdate', '6262709a-f1f7-11f0-bfbd-f2dbc029a3c2', '6262709a-f1f7-11f0-bfbd-f2dbc029a3c2', NULL, '626270a1-f1f7-11f0-bfbd-f2dbc029a3c2', 'initiator', 'string', 1, '2026-01-15 17:48:45.916', NULL, NULL, NULL, 'corp-manager-001', NULL);
INSERT INTO public.act_hi_detail (id_, type_, proc_inst_id_, execution_id_, task_id_, act_inst_id_, name_, var_type_, rev_, time_, bytearray_id_, double_, long_, text_, text2_) VALUES ('a8ef1852-f45e-11f0-9035-568938879cb7', 'VariableUpdate', 'a8eeca2f-f45e-11f0-9035-568938879cb7', 'a8eeca2f-f45e-11f0-9035-568938879cb7', NULL, NULL, 'initiator', 'string', 0, '2026-01-18 19:13:04.683', NULL, NULL, NULL, 'tech-director-001', NULL);
INSERT INTO public.act_hi_detail (id_, type_, proc_inst_id_, execution_id_, task_id_, act_inst_id_, name_, var_type_, rev_, time_, bytearray_id_, double_, long_, text_, text2_) VALUES ('a902a05b-f45e-11f0-9035-568938879cb7', 'VariableUpdate', 'a8eeca2f-f45e-11f0-9035-568938879cb7', 'a8eeca2f-f45e-11f0-9035-568938879cb7', NULL, 'a8efdba6-f45e-11f0-9035-568938879cb7', 'initiator', 'string', 1, '2026-01-18 19:13:04.811', NULL, NULL, NULL, 'tech-director-001', NULL);
INSERT INTO public.act_hi_detail (id_, type_, proc_inst_id_, execution_id_, task_id_, act_inst_id_, name_, var_type_, rev_, time_, bytearray_id_, double_, long_, text_, text2_) VALUES ('d95d8b04-f515-11f0-83bf-1a46ed4020c1', 'VariableUpdate', 'd95d15d1-f515-11f0-83bf-1a46ed4020c1', 'd95d15d1-f515-11f0-83bf-1a46ed4020c1', NULL, NULL, 'initiator', 'string', 0, '2026-01-19 17:04:23.839', NULL, NULL, NULL, 'purchase-requester-001', NULL);
INSERT INTO public.act_hi_detail (id_, type_, proc_inst_id_, execution_id_, task_id_, act_inst_id_, name_, var_type_, rev_, time_, bytearray_id_, double_, long_, text_, text2_) VALUES ('d97d480d-f515-11f0-83bf-1a46ed4020c1', 'VariableUpdate', 'd95d15d1-f515-11f0-83bf-1a46ed4020c1', 'd95d15d1-f515-11f0-83bf-1a46ed4020c1', NULL, 'd95e4e58-f515-11f0-83bf-1a46ed4020c1', 'initiator', 'string', 1, '2026-01-19 17:04:24.047', NULL, NULL, NULL, 'purchase-requester-001', NULL);
INSERT INTO public.act_hi_detail (id_, type_, proc_inst_id_, execution_id_, task_id_, act_inst_id_, name_, var_type_, rev_, time_, bytearray_id_, double_, long_, text_, text2_) VALUES ('14c1ffed-f537-11f0-83bf-1a46ed4020c1', 'VariableUpdate', '14c1ffea-f537-11f0-83bf-1a46ed4020c1', '14c1ffea-f537-11f0-83bf-1a46ed4020c1', NULL, NULL, 'Fq63mkdrn28vabc', 'string', 0, '2026-01-19 21:02:16.875', NULL, NULL, NULL, 'ooo', NULL);
INSERT INTO public.act_hi_detail (id_, type_, proc_inst_id_, execution_id_, task_id_, act_inst_id_, name_, var_type_, rev_, time_, bytearray_id_, double_, long_, text_, text2_) VALUES ('14c1ffef-f537-11f0-83bf-1a46ed4020c1', 'VariableUpdate', '14c1ffea-f537-11f0-83bf-1a46ed4020c1', '14c1ffea-f537-11f0-83bf-1a46ed4020c1', NULL, NULL, 'Fxe2mkdrrp95ahc', 'null', 0, '2026-01-19 21:02:16.875', NULL, NULL, NULL, NULL, NULL);
INSERT INTO public.act_hi_detail (id_, type_, proc_inst_id_, execution_id_, task_id_, act_inst_id_, name_, var_type_, rev_, time_, bytearray_id_, double_, long_, text_, text2_) VALUES ('14c1fff1-f537-11f0-83bf-1a46ed4020c1', 'VariableUpdate', '14c1ffea-f537-11f0-83bf-1a46ed4020c1', '14c1ffea-f537-11f0-83bf-1a46ed4020c1', NULL, NULL, 'initiator', 'string', 0, '2026-01-19 21:02:16.875', NULL, NULL, NULL, 'purchase-requester-001', NULL);
INSERT INTO public.act_hi_detail (id_, type_, proc_inst_id_, execution_id_, task_id_, act_inst_id_, name_, var_type_, rev_, time_, bytearray_id_, double_, long_, text_, text2_) VALUES ('14d2c8da-f537-11f0-83bf-1a46ed4020c1', 'VariableUpdate', '14c1ffea-f537-11f0-83bf-1a46ed4020c1', '14c1ffea-f537-11f0-83bf-1a46ed4020c1', NULL, '14c1fff5-f537-11f0-83bf-1a46ed4020c1', 'Fq63mkdrn28vabc', 'string', 1, '2026-01-19 21:02:16.985', NULL, NULL, NULL, 'ooo', NULL);
INSERT INTO public.act_hi_detail (id_, type_, proc_inst_id_, execution_id_, task_id_, act_inst_id_, name_, var_type_, rev_, time_, bytearray_id_, double_, long_, text_, text2_) VALUES ('14d316fb-f537-11f0-83bf-1a46ed4020c1', 'VariableUpdate', '14c1ffea-f537-11f0-83bf-1a46ed4020c1', '14c1ffea-f537-11f0-83bf-1a46ed4020c1', NULL, '14c1fff5-f537-11f0-83bf-1a46ed4020c1', 'Fxe2mkdrrp95ahc', 'null', 1, '2026-01-19 21:02:16.986', NULL, NULL, NULL, NULL, NULL);
INSERT INTO public.act_hi_detail (id_, type_, proc_inst_id_, execution_id_, task_id_, act_inst_id_, name_, var_type_, rev_, time_, bytearray_id_, double_, long_, text_, text2_) VALUES ('14d33e0c-f537-11f0-83bf-1a46ed4020c1', 'VariableUpdate', '14c1ffea-f537-11f0-83bf-1a46ed4020c1', '14c1ffea-f537-11f0-83bf-1a46ed4020c1', NULL, '14c1fff5-f537-11f0-83bf-1a46ed4020c1', 'initiator', 'string', 1, '2026-01-19 21:02:16.988', NULL, NULL, NULL, 'purchase-requester-001', NULL);
INSERT INTO public.act_hi_identitylink (id_, group_id_, type_, user_id_, task_id_, create_time_, proc_inst_id_, scope_id_, sub_scope_id_, scope_type_, scope_definition_id_) VALUES ('2d7a3de3-f132-11f0-bfbd-f2dbc029a3c2', NULL, 'starter', 'hr-manager-001', NULL, '2026-01-14 18:17:06.213', '2d7a16d2-f132-11f0-bfbd-f2dbc029a3c2', NULL, NULL, NULL, NULL);
INSERT INTO public.act_hi_identitylink (id_, group_id_, type_, user_id_, task_id_, create_time_, proc_inst_id_, scope_id_, sub_scope_id_, scope_type_, scope_definition_id_) VALUES ('2d8bf12b-f132-11f0-bfbd-f2dbc029a3c2', NULL, 'assignee', 'hr-manager-001', '2d7b766a-f132-11f0-bfbd-f2dbc029a3c2', '2026-01-14 18:17:06.329', NULL, NULL, NULL, NULL, NULL);
INSERT INTO public.act_hi_identitylink (id_, group_id_, type_, user_id_, task_id_, create_time_, proc_inst_id_, scope_id_, sub_scope_id_, scope_type_, scope_definition_id_) VALUES ('2d8c665c-f132-11f0-bfbd-f2dbc029a3c2', NULL, 'participant', 'hr-manager-001', NULL, '2026-01-14 18:17:06.332', '2d7a16d2-f132-11f0-bfbd-f2dbc029a3c2', NULL, NULL, NULL, NULL);
INSERT INTO public.act_hi_identitylink (id_, group_id_, type_, user_id_, task_id_, create_time_, proc_inst_id_, scope_id_, sub_scope_id_, scope_type_, scope_definition_id_) VALUES ('2d942e8f-f132-11f0-bfbd-f2dbc029a3c2', NULL, 'participant', 'anonymousUser', NULL, '2026-01-14 18:17:06.383', '2d7a16d2-f132-11f0-bfbd-f2dbc029a3c2', NULL, NULL, NULL, NULL);
INSERT INTO public.act_hi_identitylink (id_, group_id_, type_, user_id_, task_id_, create_time_, proc_inst_id_, scope_id_, sub_scope_id_, scope_type_, scope_definition_id_) VALUES ('9178d823-f132-11f0-bfbd-f2dbc029a3c2', NULL, 'assignee', 'hr-specialist-001', '2d954002-f132-11f0-bfbd-f2dbc029a3c2', '2026-01-14 18:19:53.976', NULL, NULL, NULL, NULL, NULL);
INSERT INTO public.act_hi_identitylink (id_, group_id_, type_, user_id_, task_id_, create_time_, proc_inst_id_, scope_id_, sub_scope_id_, scope_type_, scope_definition_id_) VALUES ('91797464-f132-11f0-bfbd-f2dbc029a3c2', NULL, 'participant', 'hr-specialist-001', NULL, '2026-01-14 18:19:53.98', '2d7a16d2-f132-11f0-bfbd-f2dbc029a3c2', NULL, NULL, NULL, NULL);
INSERT INTO public.act_hi_identitylink (id_, group_id_, type_, user_id_, task_id_, create_time_, proc_inst_id_, scope_id_, sub_scope_id_, scope_type_, scope_definition_id_) VALUES ('80f6a8af-f133-11f0-bfbd-f2dbc029a3c2', NULL, 'starter', 'hr-specialist-001', NULL, '2026-01-14 18:26:35.776', '80f6a8ae-f133-11f0-bfbd-f2dbc029a3c2', NULL, NULL, NULL, NULL);
INSERT INTO public.act_hi_identitylink (id_, group_id_, type_, user_id_, task_id_, create_time_, proc_inst_id_, scope_id_, sub_scope_id_, scope_type_, scope_definition_id_) VALUES ('81001e97-f133-11f0-bfbd-f2dbc029a3c2', NULL, 'assignee', 'hr-specialist-001', '80f6cfc6-f133-11f0-bfbd-f2dbc029a3c2', '2026-01-14 18:26:35.838', NULL, NULL, NULL, NULL, NULL);
INSERT INTO public.act_hi_identitylink (id_, group_id_, type_, user_id_, task_id_, create_time_, proc_inst_id_, scope_id_, sub_scope_id_, scope_type_, scope_definition_id_) VALUES ('810093c8-f133-11f0-bfbd-f2dbc029a3c2', NULL, 'participant', 'hr-specialist-001', NULL, '2026-01-14 18:26:35.841', '80f6a8ae-f133-11f0-bfbd-f2dbc029a3c2', NULL, NULL, NULL, NULL);
INSERT INTO public.act_hi_identitylink (id_, group_id_, type_, user_id_, task_id_, create_time_, proc_inst_id_, scope_id_, sub_scope_id_, scope_type_, scope_definition_id_) VALUES ('8106602b-f133-11f0-bfbd-f2dbc029a3c2', NULL, 'participant', 'anonymousUser', NULL, '2026-01-14 18:26:35.879', '80f6a8ae-f133-11f0-bfbd-f2dbc029a3c2', NULL, NULL, NULL, NULL);
INSERT INTO public.act_hi_identitylink (id_, group_id_, type_, user_id_, task_id_, create_time_, proc_inst_id_, scope_id_, sub_scope_id_, scope_type_, scope_definition_id_) VALUES ('2b89f1b0-f1f4-11f0-bfbd-f2dbc029a3c2', NULL, 'starter', 'corp-manager-001', NULL, '2026-01-15 17:25:45.327', '2b89f1af-f1f4-11f0-bfbd-f2dbc029a3c2', NULL, NULL, NULL, NULL);
INSERT INTO public.act_hi_identitylink (id_, group_id_, type_, user_id_, task_id_, create_time_, proc_inst_id_, scope_id_, sub_scope_id_, scope_type_, scope_definition_id_) VALUES ('2b934088-f1f4-11f0-bfbd-f2dbc029a3c2', NULL, 'assignee', 'corp-manager-001', '2b8a18c7-f1f4-11f0-bfbd-f2dbc029a3c2', '2026-01-15 17:25:45.387', NULL, NULL, NULL, NULL, NULL);
INSERT INTO public.act_hi_identitylink (id_, group_id_, type_, user_id_, task_id_, create_time_, proc_inst_id_, scope_id_, sub_scope_id_, scope_type_, scope_definition_id_) VALUES ('2b93b5b9-f1f4-11f0-bfbd-f2dbc029a3c2', NULL, 'participant', 'corp-manager-001', NULL, '2026-01-15 17:25:45.39', '2b89f1af-f1f4-11f0-bfbd-f2dbc029a3c2', NULL, NULL, NULL, NULL);
INSERT INTO public.act_hi_identitylink (id_, group_id_, type_, user_id_, task_id_, create_time_, proc_inst_id_, scope_id_, sub_scope_id_, scope_type_, scope_definition_id_) VALUES ('2b9870ac-f1f4-11f0-bfbd-f2dbc029a3c2', NULL, 'participant', 'anonymousUser', NULL, '2026-01-15 17:25:45.421', '2b89f1af-f1f4-11f0-bfbd-f2dbc029a3c2', NULL, NULL, NULL, NULL);
INSERT INTO public.act_hi_identitylink (id_, group_id_, type_, user_id_, task_id_, create_time_, proc_inst_id_, scope_id_, sub_scope_id_, scope_type_, scope_definition_id_) VALUES ('6f5f83c1-f1f4-11f0-bfbd-f2dbc029a3c2', NULL, 'starter', 'corp-manager-001', NULL, '2026-01-15 17:27:39.133', '6f5f83c0-f1f4-11f0-bfbd-f2dbc029a3c2', NULL, NULL, NULL, NULL);
INSERT INTO public.act_hi_identitylink (id_, group_id_, type_, user_id_, task_id_, create_time_, proc_inst_id_, scope_id_, sub_scope_id_, scope_type_, scope_definition_id_) VALUES ('6f6a322d-f1f4-11f0-bfbd-f2dbc029a3c2', NULL, 'assignee', 'corp-manager-001', '6f5faadc-f1f4-11f0-bfbd-f2dbc029a3c2', '2026-01-15 17:27:39.203', NULL, NULL, NULL, NULL, NULL);
INSERT INTO public.act_hi_identitylink (id_, group_id_, type_, user_id_, task_id_, create_time_, proc_inst_id_, scope_id_, sub_scope_id_, scope_type_, scope_definition_id_) VALUES ('6f6b1c8e-f1f4-11f0-bfbd-f2dbc029a3c2', NULL, 'participant', 'corp-manager-001', NULL, '2026-01-15 17:27:39.209', '6f5f83c0-f1f4-11f0-bfbd-f2dbc029a3c2', NULL, NULL, NULL, NULL);
INSERT INTO public.act_hi_identitylink (id_, group_id_, type_, user_id_, task_id_, create_time_, proc_inst_id_, scope_id_, sub_scope_id_, scope_type_, scope_definition_id_) VALUES ('6f71ab43-f1f4-11f0-bfbd-f2dbc029a3c2', NULL, 'participant', 'anonymousUser', NULL, '2026-01-15 17:27:39.253', '6f5f83c0-f1f4-11f0-bfbd-f2dbc029a3c2', NULL, NULL, NULL, NULL);
INSERT INTO public.act_hi_identitylink (id_, group_id_, type_, user_id_, task_id_, create_time_, proc_inst_id_, scope_id_, sub_scope_id_, scope_type_, scope_definition_id_) VALUES ('87994b17-f1f4-11f0-bfbd-f2dbc029a3c2', NULL, 'assignee', 'hr-manager-001', '6f72bcb6-f1f4-11f0-bfbd-f2dbc029a3c2', '2026-01-15 17:28:19.777', NULL, NULL, NULL, NULL, NULL);
INSERT INTO public.act_hi_identitylink (id_, group_id_, type_, user_id_, task_id_, create_time_, proc_inst_id_, scope_id_, sub_scope_id_, scope_type_, scope_definition_id_) VALUES ('879ad1b8-f1f4-11f0-bfbd-f2dbc029a3c2', NULL, 'participant', 'hr-manager-001', NULL, '2026-01-15 17:28:19.787', '6f5f83c0-f1f4-11f0-bfbd-f2dbc029a3c2', NULL, NULL, NULL, NULL);
INSERT INTO public.act_hi_identitylink (id_, group_id_, type_, user_id_, task_id_, create_time_, proc_inst_id_, scope_id_, sub_scope_id_, scope_type_, scope_definition_id_) VALUES ('6262709b-f1f7-11f0-bfbd-f2dbc029a3c2', NULL, 'starter', 'corp-manager-001', NULL, '2026-01-15 17:48:45.832', '6262709a-f1f7-11f0-bfbd-f2dbc029a3c2', NULL, NULL, NULL, NULL);
INSERT INTO public.act_hi_identitylink (id_, group_id_, type_, user_id_, task_id_, create_time_, proc_inst_id_, scope_id_, sub_scope_id_, scope_type_, scope_definition_id_) VALUES ('626ad513-f1f7-11f0-bfbd-f2dbc029a3c2', NULL, 'assignee', 'corp-manager-001', '626270a2-f1f7-11f0-bfbd-f2dbc029a3c2', '2026-01-15 17:48:45.887', NULL, NULL, NULL, NULL, NULL);
INSERT INTO public.act_hi_identitylink (id_, group_id_, type_, user_id_, task_id_, create_time_, proc_inst_id_, scope_id_, sub_scope_id_, scope_type_, scope_definition_id_) VALUES ('626b2334-f1f7-11f0-bfbd-f2dbc029a3c2', NULL, 'participant', 'corp-manager-001', NULL, '2026-01-15 17:48:45.889', '6262709a-f1f7-11f0-bfbd-f2dbc029a3c2', NULL, NULL, NULL, NULL);
INSERT INTO public.act_hi_identitylink (id_, group_id_, type_, user_id_, task_id_, create_time_, proc_inst_id_, scope_id_, sub_scope_id_, scope_type_, scope_definition_id_) VALUES ('626f68f7-f1f7-11f0-bfbd-f2dbc029a3c2', NULL, 'participant', 'anonymousUser', NULL, '2026-01-15 17:48:45.917', '6262709a-f1f7-11f0-bfbd-f2dbc029a3c2', NULL, NULL, NULL, NULL);
INSERT INTO public.act_hi_identitylink (id_, group_id_, type_, user_id_, task_id_, create_time_, proc_inst_id_, scope_id_, sub_scope_id_, scope_type_, scope_definition_id_) VALUES ('a8eef140-f45e-11f0-9035-568938879cb7', NULL, 'starter', 'tech-director-001', NULL, '2026-01-18 19:13:04.682', 'a8eeca2f-f45e-11f0-9035-568938879cb7', NULL, NULL, NULL, NULL);
INSERT INTO public.act_hi_identitylink (id_, group_id_, type_, user_id_, task_id_, create_time_, proc_inst_id_, scope_id_, sub_scope_id_, scope_type_, scope_definition_id_) VALUES ('a8fd2218-f45e-11f0-9035-568938879cb7', NULL, 'assignee', 'tech-director-001', 'a8f002b7-f45e-11f0-9035-568938879cb7', '2026-01-18 19:13:04.775', NULL, NULL, NULL, NULL, NULL);
INSERT INTO public.act_hi_identitylink (id_, group_id_, type_, user_id_, task_id_, create_time_, proc_inst_id_, scope_id_, sub_scope_id_, scope_type_, scope_definition_id_) VALUES ('a8fd7039-f45e-11f0-9035-568938879cb7', NULL, 'participant', 'tech-director-001', NULL, '2026-01-18 19:13:04.777', 'a8eeca2f-f45e-11f0-9035-568938879cb7', NULL, NULL, NULL, NULL);
INSERT INTO public.act_hi_identitylink (id_, group_id_, type_, user_id_, task_id_, create_time_, proc_inst_id_, scope_id_, sub_scope_id_, scope_type_, scope_definition_id_) VALUES ('a902c76c-f45e-11f0-9035-568938879cb7', NULL, 'participant', 'anonymousUser', NULL, '2026-01-18 19:13:04.812', 'a8eeca2f-f45e-11f0-9035-568938879cb7', NULL, NULL, NULL, NULL);
INSERT INTO public.act_hi_identitylink (id_, group_id_, type_, user_id_, task_id_, create_time_, proc_inst_id_, scope_id_, sub_scope_id_, scope_type_, scope_definition_id_) VALUES ('d95d3ce2-f515-11f0-83bf-1a46ed4020c1', NULL, 'starter', 'purchase-requester-001', NULL, '2026-01-19 17:04:23.837', 'd95d15d1-f515-11f0-83bf-1a46ed4020c1', NULL, NULL, NULL, NULL);
INSERT INTO public.act_hi_identitylink (id_, group_id_, type_, user_id_, task_id_, create_time_, proc_inst_id_, scope_id_, sub_scope_id_, scope_type_, scope_definition_id_) VALUES ('d9713a1a-f515-11f0-83bf-1a46ed4020c1', NULL, 'assignee', 'purchase-requester-001', 'd95e7569-f515-11f0-83bf-1a46ed4020c1', '2026-01-19 17:04:23.968', NULL, NULL, NULL, NULL, NULL);
INSERT INTO public.act_hi_identitylink (id_, group_id_, type_, user_id_, task_id_, create_time_, proc_inst_id_, scope_id_, sub_scope_id_, scope_type_, scope_definition_id_) VALUES ('d971af4b-f515-11f0-83bf-1a46ed4020c1', NULL, 'participant', 'purchase-requester-001', NULL, '2026-01-19 17:04:23.971', 'd95d15d1-f515-11f0-83bf-1a46ed4020c1', NULL, NULL, NULL, NULL);
INSERT INTO public.act_hi_identitylink (id_, group_id_, type_, user_id_, task_id_, create_time_, proc_inst_id_, scope_id_, sub_scope_id_, scope_type_, scope_definition_id_) VALUES ('d97d962e-f515-11f0-83bf-1a46ed4020c1', NULL, 'participant', 'anonymousUser', NULL, '2026-01-19 17:04:24.049', 'd95d15d1-f515-11f0-83bf-1a46ed4020c1', NULL, NULL, NULL, NULL);
INSERT INTO public.act_hi_identitylink (id_, group_id_, type_, user_id_, task_id_, create_time_, proc_inst_id_, scope_id_, sub_scope_id_, scope_type_, scope_definition_id_) VALUES ('14c1ffeb-f537-11f0-83bf-1a46ed4020c1', NULL, 'starter', 'purchase-requester-001', NULL, '2026-01-19 21:02:16.875', '14c1ffea-f537-11f0-83bf-1a46ed4020c1', NULL, NULL, NULL, NULL);
INSERT INTO public.act_hi_identitylink (id_, group_id_, type_, user_id_, task_id_, create_time_, proc_inst_id_, scope_id_, sub_scope_id_, scope_type_, scope_definition_id_) VALUES ('14ce5c07-f537-11f0-83bf-1a46ed4020c1', NULL, 'assignee', 'purchase-requester-001', '14c1fff6-f537-11f0-83bf-1a46ed4020c1', '2026-01-19 21:02:16.956', NULL, NULL, NULL, NULL, NULL);
INSERT INTO public.act_hi_identitylink (id_, group_id_, type_, user_id_, task_id_, create_time_, proc_inst_id_, scope_id_, sub_scope_id_, scope_type_, scope_definition_id_) VALUES ('14ceaa28-f537-11f0-83bf-1a46ed4020c1', NULL, 'participant', 'purchase-requester-001', NULL, '2026-01-19 21:02:16.958', '14c1ffea-f537-11f0-83bf-1a46ed4020c1', NULL, NULL, NULL, NULL);
INSERT INTO public.act_hi_identitylink (id_, group_id_, type_, user_id_, task_id_, create_time_, proc_inst_id_, scope_id_, sub_scope_id_, scope_type_, scope_definition_id_) VALUES ('14d3651d-f537-11f0-83bf-1a46ed4020c1', NULL, 'participant', 'anonymousUser', NULL, '2026-01-19 21:02:16.989', '14c1ffea-f537-11f0-83bf-1a46ed4020c1', NULL, NULL, NULL, NULL);
INSERT INTO public.act_hi_procinst (id_, rev_, proc_inst_id_, business_key_, proc_def_id_, start_time_, end_time_, duration_, start_user_id_, start_act_id_, end_act_id_, super_process_instance_id_, delete_reason_, tenant_id_, name_, callback_id_, callback_type_, reference_id_, reference_type_, propagated_stage_inst_id_, business_status_) VALUES ('2d7a16d2-f132-11f0-bfbd-f2dbc029a3c2', 1, '2d7a16d2-f132-11f0-bfbd-f2dbc029a3c2', NULL, 'Process_1:2:2d6cf771-f132-11f0-bfbd-f2dbc029a3c2', '2026-01-14 18:17:06.212', NULL, NULL, 'hr-manager-001', 'StartEvent_1', NULL, NULL, NULL, '', NULL, NULL, NULL, NULL, NULL, NULL, NULL);
INSERT INTO public.act_hi_procinst (id_, rev_, proc_inst_id_, business_key_, proc_def_id_, start_time_, end_time_, duration_, start_user_id_, start_act_id_, end_act_id_, super_process_instance_id_, delete_reason_, tenant_id_, name_, callback_id_, callback_type_, reference_id_, reference_type_, propagated_stage_inst_id_, business_status_) VALUES ('80f6a8ae-f133-11f0-bfbd-f2dbc029a3c2', 1, '80f6a8ae-f133-11f0-bfbd-f2dbc029a3c2', NULL, 'Process_1:3:80f1788d-f133-11f0-bfbd-f2dbc029a3c2', '2026-01-14 18:26:35.776', NULL, NULL, 'hr-specialist-001', 'StartEvent_1', NULL, NULL, NULL, '', NULL, NULL, NULL, NULL, NULL, NULL, NULL);
INSERT INTO public.act_hi_procinst (id_, rev_, proc_inst_id_, business_key_, proc_def_id_, start_time_, end_time_, duration_, start_user_id_, start_act_id_, end_act_id_, super_process_instance_id_, delete_reason_, tenant_id_, name_, callback_id_, callback_type_, reference_id_, reference_type_, propagated_stage_inst_id_, business_status_) VALUES ('2b89f1af-f1f4-11f0-bfbd-f2dbc029a3c2', 1, '2b89f1af-f1f4-11f0-bfbd-f2dbc029a3c2', NULL, 'Process_1:5:2b85fa0e-f1f4-11f0-bfbd-f2dbc029a3c2', '2026-01-15 17:25:45.326', NULL, NULL, 'corp-manager-001', 'StartEvent_1', NULL, NULL, NULL, '', NULL, NULL, NULL, NULL, NULL, NULL, NULL);
INSERT INTO public.act_hi_procinst (id_, rev_, proc_inst_id_, business_key_, proc_def_id_, start_time_, end_time_, duration_, start_user_id_, start_act_id_, end_act_id_, super_process_instance_id_, delete_reason_, tenant_id_, name_, callback_id_, callback_type_, reference_id_, reference_type_, propagated_stage_inst_id_, business_status_) VALUES ('6f5f83c0-f1f4-11f0-bfbd-f2dbc029a3c2', 1, '6f5f83c0-f1f4-11f0-bfbd-f2dbc029a3c2', NULL, 'Process_1:7:6f5a7aaf-f1f4-11f0-bfbd-f2dbc029a3c2', '2026-01-15 17:27:39.133', NULL, NULL, 'corp-manager-001', 'StartEvent_1', NULL, NULL, NULL, '', NULL, NULL, NULL, NULL, NULL, NULL, NULL);
INSERT INTO public.act_hi_procinst (id_, rev_, proc_inst_id_, business_key_, proc_def_id_, start_time_, end_time_, duration_, start_user_id_, start_act_id_, end_act_id_, super_process_instance_id_, delete_reason_, tenant_id_, name_, callback_id_, callback_type_, reference_id_, reference_type_, propagated_stage_inst_id_, business_status_) VALUES ('6262709a-f1f7-11f0-bfbd-f2dbc029a3c2', 1, '6262709a-f1f7-11f0-bfbd-f2dbc029a3c2', NULL, 'Process_1:9:625d6789-f1f7-11f0-bfbd-f2dbc029a3c2', '2026-01-15 17:48:45.832', NULL, NULL, 'corp-manager-001', 'StartEvent_1', NULL, NULL, NULL, '', NULL, NULL, NULL, NULL, NULL, NULL, NULL);
INSERT INTO public.act_hi_procinst (id_, rev_, proc_inst_id_, business_key_, proc_def_id_, start_time_, end_time_, duration_, start_user_id_, start_act_id_, end_act_id_, super_process_instance_id_, delete_reason_, tenant_id_, name_, callback_id_, callback_type_, reference_id_, reference_type_, propagated_stage_inst_id_, business_status_) VALUES ('a8eeca2f-f45e-11f0-9035-568938879cb7', 1, 'a8eeca2f-f45e-11f0-9035-568938879cb7', NULL, 'Process_1:10:a8e5062e-f45e-11f0-9035-568938879cb7', '2026-01-18 19:13:04.681', NULL, NULL, 'tech-director-001', 'StartEvent_1', NULL, NULL, NULL, '', NULL, NULL, NULL, NULL, NULL, NULL, NULL);
INSERT INTO public.act_hi_procinst (id_, rev_, proc_inst_id_, business_key_, proc_def_id_, start_time_, end_time_, duration_, start_user_id_, start_act_id_, end_act_id_, super_process_instance_id_, delete_reason_, tenant_id_, name_, callback_id_, callback_type_, reference_id_, reference_type_, propagated_stage_inst_id_, business_status_) VALUES ('d95d15d1-f515-11f0-83bf-1a46ed4020c1', 1, 'd95d15d1-f515-11f0-83bf-1a46ed4020c1', NULL, 'Process_1:11:d94fcf60-f515-11f0-83bf-1a46ed4020c1', '2026-01-19 17:04:23.836', NULL, NULL, 'purchase-requester-001', 'StartEvent_1', NULL, NULL, NULL, '', NULL, NULL, NULL, NULL, NULL, NULL, NULL);
INSERT INTO public.act_hi_procinst (id_, rev_, proc_inst_id_, business_key_, proc_def_id_, start_time_, end_time_, duration_, start_user_id_, start_act_id_, end_act_id_, super_process_instance_id_, delete_reason_, tenant_id_, name_, callback_id_, callback_type_, reference_id_, reference_type_, propagated_stage_inst_id_, business_status_) VALUES ('14c1ffea-f537-11f0-83bf-1a46ed4020c1', 1, '14c1ffea-f537-11f0-83bf-1a46ed4020c1', NULL, 'Process_1:14:14bde139-f537-11f0-83bf-1a46ed4020c1', '2026-01-19 21:02:16.875', NULL, NULL, 'purchase-requester-001', 'StartEvent_1', NULL, NULL, NULL, '', NULL, NULL, NULL, NULL, NULL, NULL, NULL);
INSERT INTO public.act_hi_taskinst (id_, rev_, proc_def_id_, task_def_id_, task_def_key_, proc_inst_id_, execution_id_, scope_id_, sub_scope_id_, scope_type_, scope_definition_id_, propagated_stage_inst_id_, name_, parent_task_id_, description_, owner_, assignee_, start_time_, claim_time_, end_time_, duration_, delete_reason_, priority_, due_date_, form_key_, category_, tenant_id_, last_updated_time_) VALUES ('d97ea7a1-f515-11f0-83bf-1a46ed4020c1', 1, 'Process_1:11:d94fcf60-f515-11f0-83bf-1a46ed4020c1', NULL, 'Activity_0mvv5hc', 'd95d15d1-f515-11f0-83bf-1a46ed4020c1', 'd95d8b05-f515-11f0-83bf-1a46ed4020c1', NULL, NULL, NULL, NULL, NULL, NULL, NULL, NULL, NULL, NULL, '2026-01-19 17:04:24.056', NULL, NULL, NULL, NULL, 50, NULL, NULL, NULL, '', '2026-01-19 17:04:24.056');
INSERT INTO public.act_hi_taskinst (id_, rev_, proc_def_id_, task_def_id_, task_def_key_, proc_inst_id_, execution_id_, scope_id_, sub_scope_id_, scope_type_, scope_definition_id_, propagated_stage_inst_id_, name_, parent_task_id_, description_, owner_, assignee_, start_time_, claim_time_, end_time_, duration_, delete_reason_, priority_, due_date_, form_key_, category_, tenant_id_, last_updated_time_) VALUES ('2d7b766a-f132-11f0-bfbd-f2dbc029a3c2', 3, 'Process_1:2:2d6cf771-f132-11f0-bfbd-f2dbc029a3c2', NULL, 'Activity_09dh3z9', '2d7a16d2-f132-11f0-bfbd-f2dbc029a3c2', '2d7a8c06-f132-11f0-bfbd-f2dbc029a3c2', NULL, NULL, NULL, NULL, NULL, NULL, NULL, NULL, NULL, 'hr-manager-001', '2026-01-14 18:17:06.22', '2026-01-14 18:17:06.324', '2026-01-14 18:17:06.384', 164, NULL, 50, NULL, NULL, NULL, '', '2026-01-14 18:17:06.384');
INSERT INTO public.act_hi_taskinst (id_, rev_, proc_def_id_, task_def_id_, task_def_key_, proc_inst_id_, execution_id_, scope_id_, sub_scope_id_, scope_type_, scope_definition_id_, propagated_stage_inst_id_, name_, parent_task_id_, description_, owner_, assignee_, start_time_, claim_time_, end_time_, duration_, delete_reason_, priority_, due_date_, form_key_, category_, tenant_id_, last_updated_time_) VALUES ('2d954002-f132-11f0-bfbd-f2dbc029a3c2', 2, 'Process_1:2:2d6cf771-f132-11f0-bfbd-f2dbc029a3c2', NULL, 'Activity_0mvv5hc', '2d7a16d2-f132-11f0-bfbd-f2dbc029a3c2', '2d7a8c06-f132-11f0-bfbd-f2dbc029a3c2', NULL, NULL, NULL, NULL, NULL, NULL, NULL, NULL, NULL, 'hr-specialist-001', '2026-01-14 18:17:06.39', '2026-01-14 18:19:53.967', NULL, NULL, NULL, 50, NULL, NULL, NULL, '', '2026-01-14 18:19:53.967');
INSERT INTO public.act_hi_taskinst (id_, rev_, proc_def_id_, task_def_id_, task_def_key_, proc_inst_id_, execution_id_, scope_id_, sub_scope_id_, scope_type_, scope_definition_id_, propagated_stage_inst_id_, name_, parent_task_id_, description_, owner_, assignee_, start_time_, claim_time_, end_time_, duration_, delete_reason_, priority_, due_date_, form_key_, category_, tenant_id_, last_updated_time_) VALUES ('d95e7569-f515-11f0-83bf-1a46ed4020c1', 3, 'Process_1:11:d94fcf60-f515-11f0-83bf-1a46ed4020c1', NULL, 'Activity_09dh3z9', 'd95d15d1-f515-11f0-83bf-1a46ed4020c1', 'd95d8b05-f515-11f0-83bf-1a46ed4020c1', NULL, NULL, NULL, NULL, NULL, NULL, NULL, NULL, NULL, 'purchase-requester-001', '2026-01-19 17:04:23.844', '2026-01-19 17:04:23.963', '2026-01-19 17:04:24.05', 206, NULL, 50, NULL, NULL, NULL, '', '2026-01-19 17:04:24.05');
INSERT INTO public.act_hi_taskinst (id_, rev_, proc_def_id_, task_def_id_, task_def_key_, proc_inst_id_, execution_id_, scope_id_, sub_scope_id_, scope_type_, scope_definition_id_, propagated_stage_inst_id_, name_, parent_task_id_, description_, owner_, assignee_, start_time_, claim_time_, end_time_, duration_, delete_reason_, priority_, due_date_, form_key_, category_, tenant_id_, last_updated_time_) VALUES ('81074a8e-f133-11f0-bfbd-f2dbc029a3c2', 1, 'Process_1:3:80f1788d-f133-11f0-bfbd-f2dbc029a3c2', NULL, 'Activity_0mvv5hc', '80f6a8ae-f133-11f0-bfbd-f2dbc029a3c2', '80f6cfc2-f133-11f0-bfbd-f2dbc029a3c2', NULL, NULL, NULL, NULL, NULL, NULL, NULL, NULL, NULL, NULL, '2026-01-14 18:26:35.885', NULL, NULL, NULL, NULL, 50, NULL, NULL, NULL, '', '2026-01-14 18:26:35.886');
INSERT INTO public.act_hi_taskinst (id_, rev_, proc_def_id_, task_def_id_, task_def_key_, proc_inst_id_, execution_id_, scope_id_, sub_scope_id_, scope_type_, scope_definition_id_, propagated_stage_inst_id_, name_, parent_task_id_, description_, owner_, assignee_, start_time_, claim_time_, end_time_, duration_, delete_reason_, priority_, due_date_, form_key_, category_, tenant_id_, last_updated_time_) VALUES ('80f6cfc6-f133-11f0-bfbd-f2dbc029a3c2', 3, 'Process_1:3:80f1788d-f133-11f0-bfbd-f2dbc029a3c2', NULL, 'Activity_09dh3z9', '80f6a8ae-f133-11f0-bfbd-f2dbc029a3c2', '80f6cfc2-f133-11f0-bfbd-f2dbc029a3c2', NULL, NULL, NULL, NULL, NULL, NULL, NULL, NULL, NULL, 'hr-specialist-001', '2026-01-14 18:26:35.777', '2026-01-14 18:26:35.833', '2026-01-14 18:26:35.88', 103, NULL, 50, NULL, NULL, NULL, '', '2026-01-14 18:26:35.88');
INSERT INTO public.act_hi_taskinst (id_, rev_, proc_def_id_, task_def_id_, task_def_key_, proc_inst_id_, execution_id_, scope_id_, sub_scope_id_, scope_type_, scope_definition_id_, propagated_stage_inst_id_, name_, parent_task_id_, description_, owner_, assignee_, start_time_, claim_time_, end_time_, duration_, delete_reason_, priority_, due_date_, form_key_, category_, tenant_id_, last_updated_time_) VALUES ('2b99f74f-f1f4-11f0-bfbd-f2dbc029a3c2', 1, 'Process_1:5:2b85fa0e-f1f4-11f0-bfbd-f2dbc029a3c2', NULL, 'Activity_0mvv5hc', '2b89f1af-f1f4-11f0-bfbd-f2dbc029a3c2', '2b8a18c3-f1f4-11f0-bfbd-f2dbc029a3c2', NULL, NULL, NULL, NULL, NULL, NULL, NULL, NULL, NULL, NULL, '2026-01-15 17:25:45.431', NULL, NULL, NULL, NULL, 50, NULL, NULL, NULL, '', '2026-01-15 17:25:45.431');
INSERT INTO public.act_hi_taskinst (id_, rev_, proc_def_id_, task_def_id_, task_def_key_, proc_inst_id_, execution_id_, scope_id_, sub_scope_id_, scope_type_, scope_definition_id_, propagated_stage_inst_id_, name_, parent_task_id_, description_, owner_, assignee_, start_time_, claim_time_, end_time_, duration_, delete_reason_, priority_, due_date_, form_key_, category_, tenant_id_, last_updated_time_) VALUES ('2b8a18c7-f1f4-11f0-bfbd-f2dbc029a3c2', 3, 'Process_1:5:2b85fa0e-f1f4-11f0-bfbd-f2dbc029a3c2', NULL, 'Activity_09dh3z9', '2b89f1af-f1f4-11f0-bfbd-f2dbc029a3c2', '2b8a18c3-f1f4-11f0-bfbd-f2dbc029a3c2', NULL, NULL, NULL, NULL, NULL, NULL, NULL, NULL, NULL, 'corp-manager-001', '2026-01-15 17:25:45.327', '2026-01-15 17:25:45.382', '2026-01-15 17:25:45.423', 96, NULL, 50, NULL, NULL, NULL, '', '2026-01-15 17:25:45.423');
INSERT INTO public.act_hi_taskinst (id_, rev_, proc_def_id_, task_def_id_, task_def_key_, proc_inst_id_, execution_id_, scope_id_, sub_scope_id_, scope_type_, scope_definition_id_, propagated_stage_inst_id_, name_, parent_task_id_, description_, owner_, assignee_, start_time_, claim_time_, end_time_, duration_, delete_reason_, priority_, due_date_, form_key_, category_, tenant_id_, last_updated_time_) VALUES ('6f5faadc-f1f4-11f0-bfbd-f2dbc029a3c2', 3, 'Process_1:7:6f5a7aaf-f1f4-11f0-bfbd-f2dbc029a3c2', NULL, 'Activity_09dh3z9', '6f5f83c0-f1f4-11f0-bfbd-f2dbc029a3c2', '6f5f83c8-f1f4-11f0-bfbd-f2dbc029a3c2', NULL, NULL, NULL, NULL, NULL, NULL, NULL, NULL, NULL, 'corp-manager-001', '2026-01-15 17:27:39.134', '2026-01-15 17:27:39.196', '2026-01-15 17:27:39.254', 120, NULL, 50, NULL, NULL, NULL, '', '2026-01-15 17:27:39.254');
INSERT INTO public.act_hi_taskinst (id_, rev_, proc_def_id_, task_def_id_, task_def_key_, proc_inst_id_, execution_id_, scope_id_, sub_scope_id_, scope_type_, scope_definition_id_, propagated_stage_inst_id_, name_, parent_task_id_, description_, owner_, assignee_, start_time_, claim_time_, end_time_, duration_, delete_reason_, priority_, due_date_, form_key_, category_, tenant_id_, last_updated_time_) VALUES ('6f72bcb6-f1f4-11f0-bfbd-f2dbc029a3c2', 2, 'Process_1:7:6f5a7aaf-f1f4-11f0-bfbd-f2dbc029a3c2', NULL, 'Activity_0mvv5hc', '6f5f83c0-f1f4-11f0-bfbd-f2dbc029a3c2', '6f5f83c8-f1f4-11f0-bfbd-f2dbc029a3c2', NULL, NULL, NULL, NULL, NULL, NULL, NULL, NULL, NULL, 'hr-manager-001', '2026-01-15 17:27:39.259', '2026-01-15 17:28:19.748', NULL, NULL, NULL, 50, NULL, NULL, NULL, '', '2026-01-15 17:28:19.749');
INSERT INTO public.act_hi_taskinst (id_, rev_, proc_def_id_, task_def_id_, task_def_key_, proc_inst_id_, execution_id_, scope_id_, sub_scope_id_, scope_type_, scope_definition_id_, propagated_stage_inst_id_, name_, parent_task_id_, description_, owner_, assignee_, start_time_, claim_time_, end_time_, duration_, delete_reason_, priority_, due_date_, form_key_, category_, tenant_id_, last_updated_time_) VALUES ('14d44f80-f537-11f0-83bf-1a46ed4020c1', 1, 'Process_1:14:14bde139-f537-11f0-83bf-1a46ed4020c1', NULL, 'Activity_0mvv5hc', '14c1ffea-f537-11f0-83bf-1a46ed4020c1', '14c1fff2-f537-11f0-83bf-1a46ed4020c1', NULL, NULL, NULL, NULL, NULL, NULL, NULL, NULL, NULL, NULL, '2026-01-19 21:02:16.995', NULL, NULL, NULL, NULL, 50, NULL, NULL, NULL, '', '2026-01-19 21:02:16.995');
INSERT INTO public.act_hi_taskinst (id_, rev_, proc_def_id_, task_def_id_, task_def_key_, proc_inst_id_, execution_id_, scope_id_, sub_scope_id_, scope_type_, scope_definition_id_, propagated_stage_inst_id_, name_, parent_task_id_, description_, owner_, assignee_, start_time_, claim_time_, end_time_, duration_, delete_reason_, priority_, due_date_, form_key_, category_, tenant_id_, last_updated_time_) VALUES ('6270535a-f1f7-11f0-bfbd-f2dbc029a3c2', 1, 'Process_1:9:625d6789-f1f7-11f0-bfbd-f2dbc029a3c2', NULL, 'Activity_0mvv5hc', '6262709a-f1f7-11f0-bfbd-f2dbc029a3c2', '6262709e-f1f7-11f0-bfbd-f2dbc029a3c2', NULL, NULL, NULL, NULL, NULL, NULL, NULL, NULL, NULL, NULL, '2026-01-15 17:48:45.923', NULL, NULL, NULL, NULL, 50, NULL, NULL, NULL, '', '2026-01-15 17:48:45.923');
INSERT INTO public.act_hi_taskinst (id_, rev_, proc_def_id_, task_def_id_, task_def_key_, proc_inst_id_, execution_id_, scope_id_, sub_scope_id_, scope_type_, scope_definition_id_, propagated_stage_inst_id_, name_, parent_task_id_, description_, owner_, assignee_, start_time_, claim_time_, end_time_, duration_, delete_reason_, priority_, due_date_, form_key_, category_, tenant_id_, last_updated_time_) VALUES ('626270a2-f1f7-11f0-bfbd-f2dbc029a3c2', 3, 'Process_1:9:625d6789-f1f7-11f0-bfbd-f2dbc029a3c2', NULL, 'Activity_09dh3z9', '6262709a-f1f7-11f0-bfbd-f2dbc029a3c2', '6262709e-f1f7-11f0-bfbd-f2dbc029a3c2', NULL, NULL, NULL, NULL, NULL, NULL, NULL, NULL, NULL, 'corp-manager-001', '2026-01-15 17:48:45.832', '2026-01-15 17:48:45.882', '2026-01-15 17:48:45.918', 86, NULL, 50, NULL, NULL, NULL, '', '2026-01-15 17:48:45.918');
INSERT INTO public.act_hi_taskinst (id_, rev_, proc_def_id_, task_def_id_, task_def_key_, proc_inst_id_, execution_id_, scope_id_, sub_scope_id_, scope_type_, scope_definition_id_, propagated_stage_inst_id_, name_, parent_task_id_, description_, owner_, assignee_, start_time_, claim_time_, end_time_, duration_, delete_reason_, priority_, due_date_, form_key_, category_, tenant_id_, last_updated_time_) VALUES ('14c1fff6-f537-11f0-83bf-1a46ed4020c1', 3, 'Process_1:14:14bde139-f537-11f0-83bf-1a46ed4020c1', NULL, 'Activity_09dh3z9', '14c1ffea-f537-11f0-83bf-1a46ed4020c1', '14c1fff2-f537-11f0-83bf-1a46ed4020c1', NULL, NULL, NULL, NULL, NULL, NULL, NULL, NULL, NULL, 'purchase-requester-001', '2026-01-19 21:02:16.875', '2026-01-19 21:02:16.95', '2026-01-19 21:02:16.99', 115, NULL, 50, NULL, NULL, NULL, '', '2026-01-19 21:02:16.99');
INSERT INTO public.act_hi_taskinst (id_, rev_, proc_def_id_, task_def_id_, task_def_key_, proc_inst_id_, execution_id_, scope_id_, sub_scope_id_, scope_type_, scope_definition_id_, propagated_stage_inst_id_, name_, parent_task_id_, description_, owner_, assignee_, start_time_, claim_time_, end_time_, duration_, delete_reason_, priority_, due_date_, form_key_, category_, tenant_id_, last_updated_time_) VALUES ('a903b1cf-f45e-11f0-9035-568938879cb7', 1, 'Process_1:10:a8e5062e-f45e-11f0-9035-568938879cb7', NULL, 'Activity_0mvv5hc', 'a8eeca2f-f45e-11f0-9035-568938879cb7', 'a8ef1853-f45e-11f0-9035-568938879cb7', NULL, NULL, NULL, NULL, NULL, NULL, NULL, NULL, NULL, NULL, '2026-01-18 19:13:04.818', NULL, NULL, NULL, NULL, 50, NULL, NULL, NULL, '', '2026-01-18 19:13:04.818');
INSERT INTO public.act_hi_taskinst (id_, rev_, proc_def_id_, task_def_id_, task_def_key_, proc_inst_id_, execution_id_, scope_id_, sub_scope_id_, scope_type_, scope_definition_id_, propagated_stage_inst_id_, name_, parent_task_id_, description_, owner_, assignee_, start_time_, claim_time_, end_time_, duration_, delete_reason_, priority_, due_date_, form_key_, category_, tenant_id_, last_updated_time_) VALUES ('a8f002b7-f45e-11f0-9035-568938879cb7', 3, 'Process_1:10:a8e5062e-f45e-11f0-9035-568938879cb7', NULL, 'Activity_09dh3z9', 'a8eeca2f-f45e-11f0-9035-568938879cb7', 'a8ef1853-f45e-11f0-9035-568938879cb7', NULL, NULL, NULL, NULL, NULL, NULL, NULL, NULL, NULL, 'tech-director-001', '2026-01-18 19:13:04.688', '2026-01-18 19:13:04.768', '2026-01-18 19:13:04.813', 125, NULL, 50, NULL, NULL, NULL, '', '2026-01-18 19:13:04.813');
INSERT INTO public.act_hi_varinst (id_, rev_, proc_inst_id_, execution_id_, task_id_, name_, var_type_, scope_id_, sub_scope_id_, scope_type_, bytearray_id_, double_, long_, text_, text2_, meta_info_, create_time_, last_updated_time_) VALUES ('2d7a64f4-f132-11f0-bfbd-f2dbc029a3c2', 1, '2d7a16d2-f132-11f0-bfbd-f2dbc029a3c2', '2d7a16d2-f132-11f0-bfbd-f2dbc029a3c2', NULL, 'initiator', 'string', NULL, NULL, NULL, NULL, NULL, NULL, 'hr-manager-001', NULL, NULL, '2026-01-14 18:17:06.215', '2026-01-14 18:17:06.382');
INSERT INTO public.act_hi_varinst (id_, rev_, proc_inst_id_, execution_id_, task_id_, name_, var_type_, scope_id_, sub_scope_id_, scope_type_, bytearray_id_, double_, long_, text_, text2_, meta_info_, create_time_, last_updated_time_) VALUES ('80f6a8b0-f133-11f0-bfbd-f2dbc029a3c2', 1, '80f6a8ae-f133-11f0-bfbd-f2dbc029a3c2', '80f6a8ae-f133-11f0-bfbd-f2dbc029a3c2', NULL, 'initiator', 'string', NULL, NULL, NULL, NULL, NULL, NULL, 'hr-specialist-001', NULL, NULL, '2026-01-14 18:26:35.776', '2026-01-14 18:26:35.878');
INSERT INTO public.act_hi_varinst (id_, rev_, proc_inst_id_, execution_id_, task_id_, name_, var_type_, scope_id_, sub_scope_id_, scope_type_, bytearray_id_, double_, long_, text_, text2_, meta_info_, create_time_, last_updated_time_) VALUES ('2b8a18c1-f1f4-11f0-bfbd-f2dbc029a3c2', 1, '2b89f1af-f1f4-11f0-bfbd-f2dbc029a3c2', '2b89f1af-f1f4-11f0-bfbd-f2dbc029a3c2', NULL, 'initiator', 'string', NULL, NULL, NULL, NULL, NULL, NULL, 'corp-manager-001', NULL, NULL, '2026-01-15 17:25:45.327', '2026-01-15 17:25:45.418');
INSERT INTO public.act_hi_varinst (id_, rev_, proc_inst_id_, execution_id_, task_id_, name_, var_type_, scope_id_, sub_scope_id_, scope_type_, bytearray_id_, double_, long_, text_, text2_, meta_info_, create_time_, last_updated_time_) VALUES ('6f5f83c6-f1f4-11f0-bfbd-f2dbc029a3c2', 1, '6f5f83c0-f1f4-11f0-bfbd-f2dbc029a3c2', '6f5f83c0-f1f4-11f0-bfbd-f2dbc029a3c2', NULL, 'initiator', 'string', NULL, NULL, NULL, NULL, NULL, NULL, 'corp-manager-001', NULL, NULL, '2026-01-15 17:27:39.133', '2026-01-15 17:27:39.251');
INSERT INTO public.act_hi_varinst (id_, rev_, proc_inst_id_, execution_id_, task_id_, name_, var_type_, scope_id_, sub_scope_id_, scope_type_, bytearray_id_, double_, long_, text_, text2_, meta_info_, create_time_, last_updated_time_) VALUES ('6f5f83c2-f1f4-11f0-bfbd-f2dbc029a3c2', 1, '6f5f83c0-f1f4-11f0-bfbd-f2dbc029a3c2', '6f5f83c0-f1f4-11f0-bfbd-f2dbc029a3c2', NULL, 'Fq63mkdrn28vabc', 'string', NULL, NULL, NULL, NULL, NULL, NULL, 'qqq', NULL, NULL, '2026-01-15 17:27:39.133', '2026-01-15 17:27:39.248');
INSERT INTO public.act_hi_varinst (id_, rev_, proc_inst_id_, execution_id_, task_id_, name_, var_type_, scope_id_, sub_scope_id_, scope_type_, bytearray_id_, double_, long_, text_, text2_, meta_info_, create_time_, last_updated_time_) VALUES ('6f5f83c4-f1f4-11f0-bfbd-f2dbc029a3c2', 1, '6f5f83c0-f1f4-11f0-bfbd-f2dbc029a3c2', '6f5f83c0-f1f4-11f0-bfbd-f2dbc029a3c2', NULL, 'Fxe2mkdrrp95ahc', 'null', NULL, NULL, NULL, NULL, NULL, NULL, NULL, NULL, NULL, '2026-01-15 17:27:39.133', '2026-01-15 17:27:39.25');
INSERT INTO public.act_hi_varinst (id_, rev_, proc_inst_id_, execution_id_, task_id_, name_, var_type_, scope_id_, sub_scope_id_, scope_type_, bytearray_id_, double_, long_, text_, text2_, meta_info_, create_time_, last_updated_time_) VALUES ('6262709c-f1f7-11f0-bfbd-f2dbc029a3c2', 1, '6262709a-f1f7-11f0-bfbd-f2dbc029a3c2', '6262709a-f1f7-11f0-bfbd-f2dbc029a3c2', NULL, 'initiator', 'string', NULL, NULL, NULL, NULL, NULL, NULL, 'corp-manager-001', NULL, NULL, '2026-01-15 17:48:45.832', '2026-01-15 17:48:45.916');
INSERT INTO public.act_hi_varinst (id_, rev_, proc_inst_id_, execution_id_, task_id_, name_, var_type_, scope_id_, sub_scope_id_, scope_type_, bytearray_id_, double_, long_, text_, text2_, meta_info_, create_time_, last_updated_time_) VALUES ('a8eef141-f45e-11f0-9035-568938879cb7', 1, 'a8eeca2f-f45e-11f0-9035-568938879cb7', 'a8eeca2f-f45e-11f0-9035-568938879cb7', NULL, 'initiator', 'string', NULL, NULL, NULL, NULL, NULL, NULL, 'tech-director-001', NULL, NULL, '2026-01-18 19:13:04.683', '2026-01-18 19:13:04.811');
INSERT INTO public.act_hi_varinst (id_, rev_, proc_inst_id_, execution_id_, task_id_, name_, var_type_, scope_id_, sub_scope_id_, scope_type_, bytearray_id_, double_, long_, text_, text2_, meta_info_, create_time_, last_updated_time_) VALUES ('d95d3ce3-f515-11f0-83bf-1a46ed4020c1', 1, 'd95d15d1-f515-11f0-83bf-1a46ed4020c1', 'd95d15d1-f515-11f0-83bf-1a46ed4020c1', NULL, 'initiator', 'string', NULL, NULL, NULL, NULL, NULL, NULL, 'purchase-requester-001', NULL, NULL, '2026-01-19 17:04:23.839', '2026-01-19 17:04:24.047');
INSERT INTO public.act_hi_varinst (id_, rev_, proc_inst_id_, execution_id_, task_id_, name_, var_type_, scope_id_, sub_scope_id_, scope_type_, bytearray_id_, double_, long_, text_, text2_, meta_info_, create_time_, last_updated_time_) VALUES ('14c1fff0-f537-11f0-83bf-1a46ed4020c1', 1, '14c1ffea-f537-11f0-83bf-1a46ed4020c1', '14c1ffea-f537-11f0-83bf-1a46ed4020c1', NULL, 'initiator', 'string', NULL, NULL, NULL, NULL, NULL, NULL, 'purchase-requester-001', NULL, NULL, '2026-01-19 21:02:16.875', '2026-01-19 21:02:16.988');
INSERT INTO public.act_hi_varinst (id_, rev_, proc_inst_id_, execution_id_, task_id_, name_, var_type_, scope_id_, sub_scope_id_, scope_type_, bytearray_id_, double_, long_, text_, text2_, meta_info_, create_time_, last_updated_time_) VALUES ('14c1ffec-f537-11f0-83bf-1a46ed4020c1', 1, '14c1ffea-f537-11f0-83bf-1a46ed4020c1', '14c1ffea-f537-11f0-83bf-1a46ed4020c1', NULL, 'Fq63mkdrn28vabc', 'string', NULL, NULL, NULL, NULL, NULL, NULL, 'ooo', NULL, NULL, '2026-01-19 21:02:16.875', '2026-01-19 21:02:16.985');
INSERT INTO public.act_hi_varinst (id_, rev_, proc_inst_id_, execution_id_, task_id_, name_, var_type_, scope_id_, sub_scope_id_, scope_type_, bytearray_id_, double_, long_, text_, text2_, meta_info_, create_time_, last_updated_time_) VALUES ('14c1ffee-f537-11f0-83bf-1a46ed4020c1', 1, '14c1ffea-f537-11f0-83bf-1a46ed4020c1', '14c1ffea-f537-11f0-83bf-1a46ed4020c1', NULL, 'Fxe2mkdrrp95ahc', 'null', NULL, NULL, NULL, NULL, NULL, NULL, NULL, NULL, NULL, '2026-01-19 21:02:16.875', '2026-01-19 21:02:16.987');
INSERT INTO public.act_id_property (name_, value_, rev_) VALUES ('schema.version', '7.0.0.0', 1);
INSERT INTO public.act_re_deployment (id_, name_, category_, key_, tenant_id_, deploy_time_, derived_from_, derived_from_root_, parent_deployment_id_, engine_version_) VALUES ('46d79885-f12a-11f0-a8df-f2dbc029a3c2', 'Test - main-process.bpmn', NULL, 'Process_1', '', '2026-01-14 17:20:32.794', NULL, NULL, '46d79885-f12a-11f0-a8df-f2dbc029a3c2', NULL);
INSERT INTO public.act_re_deployment (id_, name_, category_, key_, tenant_id_, deploy_time_, derived_from_, derived_from_root_, parent_deployment_id_, engine_version_) VALUES ('2d5e787e-f132-11f0-bfbd-f2dbc029a3c2', 'Test', NULL, 'fu-20260114-paed3z', '', '2026-01-14 18:17:06.031', NULL, NULL, '2d5e787e-f132-11f0-bfbd-f2dbc029a3c2', NULL);
INSERT INTO public.act_re_deployment (id_, name_, category_, key_, tenant_id_, deploy_time_, derived_from_, derived_from_root_, parent_deployment_id_, engine_version_) VALUES ('80ec968a-f133-11f0-bfbd-f2dbc029a3c2', 'Test', NULL, 'fu-20260114-paed3z', '', '2026-01-14 18:26:35.71', NULL, NULL, '80ec968a-f133-11f0-bfbd-f2dbc029a3c2', NULL);
INSERT INTO public.act_re_deployment (id_, name_, category_, key_, tenant_id_, deploy_time_, derived_from_, derived_from_root_, parent_deployment_id_, engine_version_) VALUES ('1b564cc3-f1f4-11f0-bfbd-f2dbc029a3c2', 'Test - main-process.bpmn', NULL, 'Process_1', '', '2026-01-15 17:25:18.144', NULL, NULL, '1b564cc3-f1f4-11f0-bfbd-f2dbc029a3c2', NULL);
INSERT INTO public.act_re_deployment (id_, name_, category_, key_, tenant_id_, deploy_time_, derived_from_, derived_from_root_, parent_deployment_id_, engine_version_) VALUES ('2b82026b-f1f4-11f0-bfbd-f2dbc029a3c2', 'Test', NULL, 'fu-20260114-paed3z', '', '2026-01-15 17:25:45.274', NULL, NULL, '2b82026b-f1f4-11f0-bfbd-f2dbc029a3c2', NULL);
INSERT INTO public.act_re_deployment (id_, name_, category_, key_, tenant_id_, deploy_time_, derived_from_, derived_from_root_, parent_deployment_id_, engine_version_) VALUES ('5d2adeb4-f1f4-11f0-bfbd-f2dbc029a3c2', 'Test - main-process.bpmn', NULL, 'Process_1', '', '2026-01-15 17:27:08.589', NULL, NULL, '5d2adeb4-f1f4-11f0-bfbd-f2dbc029a3c2', NULL);
INSERT INTO public.act_re_deployment (id_, name_, category_, key_, tenant_id_, deploy_time_, derived_from_, derived_from_root_, parent_deployment_id_, engine_version_) VALUES ('6f5634ec-f1f4-11f0-bfbd-f2dbc029a3c2', 'Test', NULL, 'fu-20260114-paed3z', '', '2026-01-15 17:27:39.072', NULL, NULL, '6f5634ec-f1f4-11f0-bfbd-f2dbc029a3c2', NULL);
INSERT INTO public.act_re_deployment (id_, name_, category_, key_, tenant_id_, deploy_time_, derived_from_, derived_from_root_, parent_deployment_id_, engine_version_) VALUES ('9c5df45e-f1f5-11f0-bfbd-f2dbc029a3c2', 'Test - main-process.bpmn', NULL, 'Process_1', '', '2026-01-15 17:36:04.116', NULL, NULL, '9c5df45e-f1f5-11f0-bfbd-f2dbc029a3c2', NULL);
INSERT INTO public.act_re_deployment (id_, name_, category_, key_, tenant_id_, deploy_time_, derived_from_, derived_from_root_, parent_deployment_id_, engine_version_) VALUES ('6259be06-f1f7-11f0-bfbd-f2dbc029a3c2', 'Test', NULL, 'fu-20260114-paed3z', '', '2026-01-15 17:48:45.775', NULL, NULL, '6259be06-f1f7-11f0-bfbd-f2dbc029a3c2', NULL);
INSERT INTO public.act_re_deployment (id_, name_, category_, key_, tenant_id_, deploy_time_, derived_from_, derived_from_root_, parent_deployment_id_, engine_version_) VALUES ('a8dffd1b-f45e-11f0-9035-568938879cb7', 'Test', NULL, 'fu-20260114-paed3z', '', '2026-01-18 19:13:04.584', NULL, NULL, 'a8dffd1b-f45e-11f0-9035-568938879cb7', NULL);
INSERT INTO public.act_re_deployment (id_, name_, category_, key_, tenant_id_, deploy_time_, derived_from_, derived_from_root_, parent_deployment_id_, engine_version_) VALUES ('d94ac64d-f515-11f0-83bf-1a46ed4020c1', 'Test', NULL, 'fu-20260114-paed3z', '', '2026-01-19 17:04:23.716', NULL, NULL, 'd94ac64d-f515-11f0-83bf-1a46ed4020c1', NULL);
INSERT INTO public.act_re_deployment (id_, name_, category_, key_, tenant_id_, deploy_time_, derived_from_, derived_from_root_, parent_deployment_id_, engine_version_) VALUES ('022c2806-f537-11f0-83bf-1a46ed4020c1', 'Test0 - main-process.bpmn', NULL, 'Process_1', '', '2026-01-19 21:01:45.694', NULL, NULL, '022c2806-f537-11f0-83bf-1a46ed4020c1', NULL);
INSERT INTO public.act_re_deployment (id_, name_, category_, key_, tenant_id_, deploy_time_, derived_from_, derived_from_root_, parent_deployment_id_, engine_version_) VALUES ('09178c9e-f537-11f0-83bf-1a46ed4020c1', 'Test0 - main-process.bpmn', NULL, 'Process_1', '', '2026-01-19 21:01:57.303', NULL, NULL, '09178c9e-f537-11f0-83bf-1a46ed4020c1', NULL);
INSERT INTO public.act_re_deployment (id_, name_, category_, key_, tenant_id_, deploy_time_, derived_from_, derived_from_root_, parent_deployment_id_, engine_version_) VALUES ('14ba10a6-f537-11f0-83bf-1a46ed4020c1', 'Test0', NULL, 'fu-20260114-paed3z', '', '2026-01-19 21:02:16.823', NULL, NULL, '14ba10a6-f537-11f0-83bf-1a46ed4020c1', NULL);
INSERT INTO public.act_re_procdef (id_, rev_, category_, name_, key_, version_, deployment_id_, resource_name_, dgrm_resource_name_, description_, has_start_form_key_, has_graphical_notation_, suspension_state_, tenant_id_, derived_from_, derived_from_root_, derived_version_, engine_version_) VALUES ('Process_1:1:46dca198-f12a-11f0-a8df-f2dbc029a3c2', 1, 'http://bpmn.io/schema/bpmn', NULL, 'Process_1', 1, '46d79885-f12a-11f0-a8df-f2dbc029a3c2', 'Process_1.bpmn', 'Process_1.Process_1.png', NULL, false, true, 1, '', NULL, NULL, 0, NULL);
INSERT INTO public.act_re_procdef (id_, rev_, category_, name_, key_, version_, deployment_id_, resource_name_, dgrm_resource_name_, description_, has_start_form_key_, has_graphical_notation_, suspension_state_, tenant_id_, derived_from_, derived_from_root_, derived_version_, engine_version_) VALUES ('Process_1:2:2d6cf771-f132-11f0-bfbd-f2dbc029a3c2', 1, 'http://bpmn.io/schema/bpmn', NULL, 'Process_1', 2, '2d5e787e-f132-11f0-bfbd-f2dbc029a3c2', 'fu-20260114-paed3z.bpmn', 'fu-20260114-paed3z.Process_1.png', NULL, false, true, 1, '', NULL, NULL, 0, NULL);
INSERT INTO public.act_re_procdef (id_, rev_, category_, name_, key_, version_, deployment_id_, resource_name_, dgrm_resource_name_, description_, has_start_form_key_, has_graphical_notation_, suspension_state_, tenant_id_, derived_from_, derived_from_root_, derived_version_, engine_version_) VALUES ('Process_1:3:80f1788d-f133-11f0-bfbd-f2dbc029a3c2', 1, 'http://bpmn.io/schema/bpmn', NULL, 'Process_1', 3, '80ec968a-f133-11f0-bfbd-f2dbc029a3c2', 'fu-20260114-paed3z.bpmn', 'fu-20260114-paed3z.Process_1.png', NULL, false, true, 1, '', NULL, NULL, 0, NULL);
INSERT INTO public.act_re_procdef (id_, rev_, category_, name_, key_, version_, deployment_id_, resource_name_, dgrm_resource_name_, description_, has_start_form_key_, has_graphical_notation_, suspension_state_, tenant_id_, derived_from_, derived_from_root_, derived_version_, engine_version_) VALUES ('Process_1:4:1b5a1d56-f1f4-11f0-bfbd-f2dbc029a3c2', 1, 'http://bpmn.io/schema/bpmn', NULL, 'Process_1', 4, '1b564cc3-f1f4-11f0-bfbd-f2dbc029a3c2', 'Process_1.bpmn', 'Process_1.Process_1.png', NULL, false, true, 1, '', NULL, NULL, 0, NULL);
INSERT INTO public.act_re_procdef (id_, rev_, category_, name_, key_, version_, deployment_id_, resource_name_, dgrm_resource_name_, description_, has_start_form_key_, has_graphical_notation_, suspension_state_, tenant_id_, derived_from_, derived_from_root_, derived_version_, engine_version_) VALUES ('Process_1:5:2b85fa0e-f1f4-11f0-bfbd-f2dbc029a3c2', 1, 'http://bpmn.io/schema/bpmn', NULL, 'Process_1', 5, '2b82026b-f1f4-11f0-bfbd-f2dbc029a3c2', 'fu-20260114-paed3z.bpmn', 'fu-20260114-paed3z.Process_1.png', NULL, false, true, 1, '', NULL, NULL, 0, NULL);
INSERT INTO public.act_re_procdef (id_, rev_, category_, name_, key_, version_, deployment_id_, resource_name_, dgrm_resource_name_, description_, has_start_form_key_, has_graphical_notation_, suspension_state_, tenant_id_, derived_from_, derived_from_root_, derived_version_, engine_version_) VALUES ('Process_1:6:5d2e8837-f1f4-11f0-bfbd-f2dbc029a3c2', 1, 'http://bpmn.io/schema/bpmn', NULL, 'Process_1', 6, '5d2adeb4-f1f4-11f0-bfbd-f2dbc029a3c2', 'Process_1.bpmn', 'Process_1.Process_1.png', NULL, false, true, 1, '', NULL, NULL, 0, NULL);
INSERT INTO public.act_re_procdef (id_, rev_, category_, name_, key_, version_, deployment_id_, resource_name_, dgrm_resource_name_, description_, has_start_form_key_, has_graphical_notation_, suspension_state_, tenant_id_, derived_from_, derived_from_root_, derived_version_, engine_version_) VALUES ('Process_1:7:6f5a7aaf-f1f4-11f0-bfbd-f2dbc029a3c2', 1, 'http://bpmn.io/schema/bpmn', NULL, 'Process_1', 7, '6f5634ec-f1f4-11f0-bfbd-f2dbc029a3c2', 'fu-20260114-paed3z.bpmn', 'fu-20260114-paed3z.Process_1.png', NULL, false, true, 1, '', NULL, NULL, 0, NULL);
INSERT INTO public.act_re_procdef (id_, rev_, category_, name_, key_, version_, deployment_id_, resource_name_, dgrm_resource_name_, description_, has_start_form_key_, has_graphical_notation_, suspension_state_, tenant_id_, derived_from_, derived_from_root_, derived_version_, engine_version_) VALUES ('Process_1:8:9c614fc1-f1f5-11f0-bfbd-f2dbc029a3c2', 1, 'http://bpmn.io/schema/bpmn', NULL, 'Process_1', 8, '9c5df45e-f1f5-11f0-bfbd-f2dbc029a3c2', 'Process_1.bpmn', 'Process_1.Process_1.png', NULL, false, true, 1, '', NULL, NULL, 0, NULL);
INSERT INTO public.act_re_procdef (id_, rev_, category_, name_, key_, version_, deployment_id_, resource_name_, dgrm_resource_name_, description_, has_start_form_key_, has_graphical_notation_, suspension_state_, tenant_id_, derived_from_, derived_from_root_, derived_version_, engine_version_) VALUES ('Process_1:9:625d6789-f1f7-11f0-bfbd-f2dbc029a3c2', 1, 'http://bpmn.io/schema/bpmn', NULL, 'Process_1', 9, '6259be06-f1f7-11f0-bfbd-f2dbc029a3c2', 'fu-20260114-paed3z.bpmn', 'fu-20260114-paed3z.Process_1.png', NULL, false, true, 1, '', NULL, NULL, 0, NULL);
INSERT INTO public.act_re_procdef (id_, rev_, category_, name_, key_, version_, deployment_id_, resource_name_, dgrm_resource_name_, description_, has_start_form_key_, has_graphical_notation_, suspension_state_, tenant_id_, derived_from_, derived_from_root_, derived_version_, engine_version_) VALUES ('Process_1:10:a8e5062e-f45e-11f0-9035-568938879cb7', 1, 'http://bpmn.io/schema/bpmn', NULL, 'Process_1', 10, 'a8dffd1b-f45e-11f0-9035-568938879cb7', 'fu-20260114-paed3z.bpmn', 'fu-20260114-paed3z.Process_1.png', NULL, false, true, 1, '', NULL, NULL, 0, NULL);
INSERT INTO public.act_re_procdef (id_, rev_, category_, name_, key_, version_, deployment_id_, resource_name_, dgrm_resource_name_, description_, has_start_form_key_, has_graphical_notation_, suspension_state_, tenant_id_, derived_from_, derived_from_root_, derived_version_, engine_version_) VALUES ('Process_1:11:d94fcf60-f515-11f0-83bf-1a46ed4020c1', 1, 'http://bpmn.io/schema/bpmn', NULL, 'Process_1', 11, 'd94ac64d-f515-11f0-83bf-1a46ed4020c1', 'fu-20260114-paed3z.bpmn', 'fu-20260114-paed3z.Process_1.png', NULL, false, true, 1, '', NULL, NULL, 0, NULL);
INSERT INTO public.act_re_procdef (id_, rev_, category_, name_, key_, version_, deployment_id_, resource_name_, dgrm_resource_name_, description_, has_start_form_key_, has_graphical_notation_, suspension_state_, tenant_id_, derived_from_, derived_from_root_, derived_version_, engine_version_) VALUES ('Process_1:12:0230e2f9-f537-11f0-83bf-1a46ed4020c1', 1, 'http://bpmn.io/schema/bpmn', NULL, 'Process_1', 12, '022c2806-f537-11f0-83bf-1a46ed4020c1', 'Process_1.bpmn', 'Process_1.Process_1.png', NULL, false, true, 1, '', NULL, NULL, 0, NULL);
INSERT INTO public.act_re_procdef (id_, rev_, category_, name_, key_, version_, deployment_id_, resource_name_, dgrm_resource_name_, description_, has_start_form_key_, has_graphical_notation_, suspension_state_, tenant_id_, derived_from_, derived_from_root_, derived_version_, engine_version_) VALUES ('Process_1:13:091b8441-f537-11f0-83bf-1a46ed4020c1', 1, 'http://bpmn.io/schema/bpmn', NULL, 'Process_1', 13, '09178c9e-f537-11f0-83bf-1a46ed4020c1', 'Process_1.bpmn', 'Process_1.Process_1.png', NULL, false, true, 1, '', NULL, NULL, 0, NULL);
INSERT INTO public.act_re_procdef (id_, rev_, category_, name_, key_, version_, deployment_id_, resource_name_, dgrm_resource_name_, description_, has_start_form_key_, has_graphical_notation_, suspension_state_, tenant_id_, derived_from_, derived_from_root_, derived_version_, engine_version_) VALUES ('Process_1:14:14bde139-f537-11f0-83bf-1a46ed4020c1', 1, 'http://bpmn.io/schema/bpmn', NULL, 'Process_1', 14, '14ba10a6-f537-11f0-83bf-1a46ed4020c1', 'fu-20260114-paed3z.bpmn', 'fu-20260114-paed3z.Process_1.png', NULL, false, true, 1, '', NULL, NULL, 0, NULL);
INSERT INTO public.act_ru_actinst (id_, rev_, proc_def_id_, proc_inst_id_, execution_id_, act_id_, task_id_, call_proc_inst_id_, act_name_, act_type_, assignee_, start_time_, end_time_, duration_, transaction_order_, delete_reason_, tenant_id_) VALUES ('2d7a8c07-f132-11f0-bfbd-f2dbc029a3c2', 1, 'Process_1:2:2d6cf771-f132-11f0-bfbd-f2dbc029a3c2', '2d7a16d2-f132-11f0-bfbd-f2dbc029a3c2', '2d7a8c06-f132-11f0-bfbd-f2dbc029a3c2', 'StartEvent_1', NULL, NULL, '开始', 'startEvent', NULL, '2026-01-14 18:17:06.215', '2026-01-14 18:17:06.219', 4, 1, NULL, '');
INSERT INTO public.act_ru_actinst (id_, rev_, proc_def_id_, proc_inst_id_, execution_id_, act_id_, task_id_, call_proc_inst_id_, act_name_, act_type_, assignee_, start_time_, end_time_, duration_, transaction_order_, delete_reason_, tenant_id_) VALUES ('2d7b4f58-f132-11f0-bfbd-f2dbc029a3c2', 1, 'Process_1:2:2d6cf771-f132-11f0-bfbd-f2dbc029a3c2', '2d7a16d2-f132-11f0-bfbd-f2dbc029a3c2', '2d7a8c06-f132-11f0-bfbd-f2dbc029a3c2', 'Flow_1', NULL, NULL, NULL, 'sequenceFlow', NULL, '2026-01-14 18:17:06.22', '2026-01-14 18:17:06.22', 0, 2, NULL, '');
INSERT INTO public.act_ru_actinst (id_, rev_, proc_def_id_, proc_inst_id_, execution_id_, act_id_, task_id_, call_proc_inst_id_, act_name_, act_type_, assignee_, start_time_, end_time_, duration_, transaction_order_, delete_reason_, tenant_id_) VALUES ('6f7295a4-f1f4-11f0-bfbd-f2dbc029a3c2', 1, 'Process_1:7:6f5a7aaf-f1f4-11f0-bfbd-f2dbc029a3c2', '6f5f83c0-f1f4-11f0-bfbd-f2dbc029a3c2', '6f5f83c8-f1f4-11f0-bfbd-f2dbc029a3c2', 'Flow_0un7hlh', NULL, NULL, NULL, 'sequenceFlow', NULL, '2026-01-15 17:27:39.258', '2026-01-15 17:27:39.258', 0, 1, NULL, '');
INSERT INTO public.act_ru_actinst (id_, rev_, proc_def_id_, proc_inst_id_, execution_id_, act_id_, task_id_, call_proc_inst_id_, act_name_, act_type_, assignee_, start_time_, end_time_, duration_, transaction_order_, delete_reason_, tenant_id_) VALUES ('2d9518f0-f132-11f0-bfbd-f2dbc029a3c2', 1, 'Process_1:2:2d6cf771-f132-11f0-bfbd-f2dbc029a3c2', '2d7a16d2-f132-11f0-bfbd-f2dbc029a3c2', '2d7a8c06-f132-11f0-bfbd-f2dbc029a3c2', 'Flow_0un7hlh', NULL, NULL, NULL, 'sequenceFlow', NULL, '2026-01-14 18:17:06.389', '2026-01-14 18:17:06.389', 0, 1, NULL, '');
INSERT INTO public.act_ru_actinst (id_, rev_, proc_def_id_, proc_inst_id_, execution_id_, act_id_, task_id_, call_proc_inst_id_, act_name_, act_type_, assignee_, start_time_, end_time_, duration_, transaction_order_, delete_reason_, tenant_id_) VALUES ('2d7b4f59-f132-11f0-bfbd-f2dbc029a3c2', 3, 'Process_1:2:2d6cf771-f132-11f0-bfbd-f2dbc029a3c2', '2d7a16d2-f132-11f0-bfbd-f2dbc029a3c2', '2d7a8c06-f132-11f0-bfbd-f2dbc029a3c2', 'Activity_09dh3z9', '2d7b766a-f132-11f0-bfbd-f2dbc029a3c2', NULL, NULL, 'userTask', 'hr-manager-001', '2026-01-14 18:17:06.22', '2026-01-14 18:17:06.388', 168, 3, NULL, '');
INSERT INTO public.act_ru_actinst (id_, rev_, proc_def_id_, proc_inst_id_, execution_id_, act_id_, task_id_, call_proc_inst_id_, act_name_, act_type_, assignee_, start_time_, end_time_, duration_, transaction_order_, delete_reason_, tenant_id_) VALUES ('2d954001-f132-11f0-bfbd-f2dbc029a3c2', 2, 'Process_1:2:2d6cf771-f132-11f0-bfbd-f2dbc029a3c2', '2d7a16d2-f132-11f0-bfbd-f2dbc029a3c2', '2d7a8c06-f132-11f0-bfbd-f2dbc029a3c2', 'Activity_0mvv5hc', '2d954002-f132-11f0-bfbd-f2dbc029a3c2', NULL, NULL, 'userTask', 'hr-specialist-001', '2026-01-14 18:17:06.39', NULL, NULL, 2, NULL, '');
INSERT INTO public.act_ru_actinst (id_, rev_, proc_def_id_, proc_inst_id_, execution_id_, act_id_, task_id_, call_proc_inst_id_, act_name_, act_type_, assignee_, start_time_, end_time_, duration_, transaction_order_, delete_reason_, tenant_id_) VALUES ('80f6cfc3-f133-11f0-bfbd-f2dbc029a3c2', 1, 'Process_1:3:80f1788d-f133-11f0-bfbd-f2dbc029a3c2', '80f6a8ae-f133-11f0-bfbd-f2dbc029a3c2', '80f6cfc2-f133-11f0-bfbd-f2dbc029a3c2', 'StartEvent_1', NULL, NULL, '开始', 'startEvent', NULL, '2026-01-14 18:26:35.777', '2026-01-14 18:26:35.777', 0, 1, NULL, '');
INSERT INTO public.act_ru_actinst (id_, rev_, proc_def_id_, proc_inst_id_, execution_id_, act_id_, task_id_, call_proc_inst_id_, act_name_, act_type_, assignee_, start_time_, end_time_, duration_, transaction_order_, delete_reason_, tenant_id_) VALUES ('80f6cfc4-f133-11f0-bfbd-f2dbc029a3c2', 1, 'Process_1:3:80f1788d-f133-11f0-bfbd-f2dbc029a3c2', '80f6a8ae-f133-11f0-bfbd-f2dbc029a3c2', '80f6cfc2-f133-11f0-bfbd-f2dbc029a3c2', 'Flow_1', NULL, NULL, NULL, 'sequenceFlow', NULL, '2026-01-14 18:26:35.777', '2026-01-14 18:26:35.777', 0, 2, NULL, '');
INSERT INTO public.act_ru_actinst (id_, rev_, proc_def_id_, proc_inst_id_, execution_id_, act_id_, task_id_, call_proc_inst_id_, act_name_, act_type_, assignee_, start_time_, end_time_, duration_, transaction_order_, delete_reason_, tenant_id_) VALUES ('8107237c-f133-11f0-bfbd-f2dbc029a3c2', 1, 'Process_1:3:80f1788d-f133-11f0-bfbd-f2dbc029a3c2', '80f6a8ae-f133-11f0-bfbd-f2dbc029a3c2', '80f6cfc2-f133-11f0-bfbd-f2dbc029a3c2', 'Flow_0un7hlh', NULL, NULL, NULL, 'sequenceFlow', NULL, '2026-01-14 18:26:35.884', '2026-01-14 18:26:35.884', 0, 1, NULL, '');
INSERT INTO public.act_ru_actinst (id_, rev_, proc_def_id_, proc_inst_id_, execution_id_, act_id_, task_id_, call_proc_inst_id_, act_name_, act_type_, assignee_, start_time_, end_time_, duration_, transaction_order_, delete_reason_, tenant_id_) VALUES ('81074a8d-f133-11f0-bfbd-f2dbc029a3c2', 1, 'Process_1:3:80f1788d-f133-11f0-bfbd-f2dbc029a3c2', '80f6a8ae-f133-11f0-bfbd-f2dbc029a3c2', '80f6cfc2-f133-11f0-bfbd-f2dbc029a3c2', 'Activity_0mvv5hc', '81074a8e-f133-11f0-bfbd-f2dbc029a3c2', NULL, NULL, 'userTask', NULL, '2026-01-14 18:26:35.885', NULL, NULL, 2, NULL, '');
INSERT INTO public.act_ru_actinst (id_, rev_, proc_def_id_, proc_inst_id_, execution_id_, act_id_, task_id_, call_proc_inst_id_, act_name_, act_type_, assignee_, start_time_, end_time_, duration_, transaction_order_, delete_reason_, tenant_id_) VALUES ('80f6cfc5-f133-11f0-bfbd-f2dbc029a3c2', 3, 'Process_1:3:80f1788d-f133-11f0-bfbd-f2dbc029a3c2', '80f6a8ae-f133-11f0-bfbd-f2dbc029a3c2', '80f6cfc2-f133-11f0-bfbd-f2dbc029a3c2', 'Activity_09dh3z9', '80f6cfc6-f133-11f0-bfbd-f2dbc029a3c2', NULL, NULL, 'userTask', 'hr-specialist-001', '2026-01-14 18:26:35.777', '2026-01-14 18:26:35.883', 106, 3, NULL, '');
INSERT INTO public.act_ru_actinst (id_, rev_, proc_def_id_, proc_inst_id_, execution_id_, act_id_, task_id_, call_proc_inst_id_, act_name_, act_type_, assignee_, start_time_, end_time_, duration_, transaction_order_, delete_reason_, tenant_id_) VALUES ('2b8a18c4-f1f4-11f0-bfbd-f2dbc029a3c2', 1, 'Process_1:5:2b85fa0e-f1f4-11f0-bfbd-f2dbc029a3c2', '2b89f1af-f1f4-11f0-bfbd-f2dbc029a3c2', '2b8a18c3-f1f4-11f0-bfbd-f2dbc029a3c2', 'StartEvent_1', NULL, NULL, '开始', 'startEvent', NULL, '2026-01-15 17:25:45.327', '2026-01-15 17:25:45.327', 0, 1, NULL, '');
INSERT INTO public.act_ru_actinst (id_, rev_, proc_def_id_, proc_inst_id_, execution_id_, act_id_, task_id_, call_proc_inst_id_, act_name_, act_type_, assignee_, start_time_, end_time_, duration_, transaction_order_, delete_reason_, tenant_id_) VALUES ('2b8a18c5-f1f4-11f0-bfbd-f2dbc029a3c2', 1, 'Process_1:5:2b85fa0e-f1f4-11f0-bfbd-f2dbc029a3c2', '2b89f1af-f1f4-11f0-bfbd-f2dbc029a3c2', '2b8a18c3-f1f4-11f0-bfbd-f2dbc029a3c2', 'Flow_1', NULL, NULL, NULL, 'sequenceFlow', NULL, '2026-01-15 17:25:45.327', '2026-01-15 17:25:45.327', 0, 2, NULL, '');
INSERT INTO public.act_ru_actinst (id_, rev_, proc_def_id_, proc_inst_id_, execution_id_, act_id_, task_id_, call_proc_inst_id_, act_name_, act_type_, assignee_, start_time_, end_time_, duration_, transaction_order_, delete_reason_, tenant_id_) VALUES ('6f5faadb-f1f4-11f0-bfbd-f2dbc029a3c2', 3, 'Process_1:7:6f5a7aaf-f1f4-11f0-bfbd-f2dbc029a3c2', '6f5f83c0-f1f4-11f0-bfbd-f2dbc029a3c2', '6f5f83c8-f1f4-11f0-bfbd-f2dbc029a3c2', 'Activity_09dh3z9', '6f5faadc-f1f4-11f0-bfbd-f2dbc029a3c2', NULL, NULL, 'userTask', 'corp-manager-001', '2026-01-15 17:27:39.134', '2026-01-15 17:27:39.257', 123, 3, NULL, '');
INSERT INTO public.act_ru_actinst (id_, rev_, proc_def_id_, proc_inst_id_, execution_id_, act_id_, task_id_, call_proc_inst_id_, act_name_, act_type_, assignee_, start_time_, end_time_, duration_, transaction_order_, delete_reason_, tenant_id_) VALUES ('2b99a92d-f1f4-11f0-bfbd-f2dbc029a3c2', 1, 'Process_1:5:2b85fa0e-f1f4-11f0-bfbd-f2dbc029a3c2', '2b89f1af-f1f4-11f0-bfbd-f2dbc029a3c2', '2b8a18c3-f1f4-11f0-bfbd-f2dbc029a3c2', 'Flow_0un7hlh', NULL, NULL, NULL, 'sequenceFlow', NULL, '2026-01-15 17:25:45.429', '2026-01-15 17:25:45.429', 0, 1, NULL, '');
INSERT INTO public.act_ru_actinst (id_, rev_, proc_def_id_, proc_inst_id_, execution_id_, act_id_, task_id_, call_proc_inst_id_, act_name_, act_type_, assignee_, start_time_, end_time_, duration_, transaction_order_, delete_reason_, tenant_id_) VALUES ('2b99f74e-f1f4-11f0-bfbd-f2dbc029a3c2', 1, 'Process_1:5:2b85fa0e-f1f4-11f0-bfbd-f2dbc029a3c2', '2b89f1af-f1f4-11f0-bfbd-f2dbc029a3c2', '2b8a18c3-f1f4-11f0-bfbd-f2dbc029a3c2', 'Activity_0mvv5hc', '2b99f74f-f1f4-11f0-bfbd-f2dbc029a3c2', NULL, NULL, 'userTask', NULL, '2026-01-15 17:25:45.431', NULL, NULL, 2, NULL, '');
INSERT INTO public.act_ru_actinst (id_, rev_, proc_def_id_, proc_inst_id_, execution_id_, act_id_, task_id_, call_proc_inst_id_, act_name_, act_type_, assignee_, start_time_, end_time_, duration_, transaction_order_, delete_reason_, tenant_id_) VALUES ('2b8a18c6-f1f4-11f0-bfbd-f2dbc029a3c2', 3, 'Process_1:5:2b85fa0e-f1f4-11f0-bfbd-f2dbc029a3c2', '2b89f1af-f1f4-11f0-bfbd-f2dbc029a3c2', '2b8a18c3-f1f4-11f0-bfbd-f2dbc029a3c2', 'Activity_09dh3z9', '2b8a18c7-f1f4-11f0-bfbd-f2dbc029a3c2', NULL, NULL, 'userTask', 'corp-manager-001', '2026-01-15 17:25:45.327', '2026-01-15 17:25:45.428', 101, 3, NULL, '');
INSERT INTO public.act_ru_actinst (id_, rev_, proc_def_id_, proc_inst_id_, execution_id_, act_id_, task_id_, call_proc_inst_id_, act_name_, act_type_, assignee_, start_time_, end_time_, duration_, transaction_order_, delete_reason_, tenant_id_) VALUES ('6f5f83c9-f1f4-11f0-bfbd-f2dbc029a3c2', 1, 'Process_1:7:6f5a7aaf-f1f4-11f0-bfbd-f2dbc029a3c2', '6f5f83c0-f1f4-11f0-bfbd-f2dbc029a3c2', '6f5f83c8-f1f4-11f0-bfbd-f2dbc029a3c2', 'StartEvent_1', NULL, NULL, '开始', 'startEvent', NULL, '2026-01-15 17:27:39.133', '2026-01-15 17:27:39.134', 1, 1, NULL, '');
INSERT INTO public.act_ru_actinst (id_, rev_, proc_def_id_, proc_inst_id_, execution_id_, act_id_, task_id_, call_proc_inst_id_, act_name_, act_type_, assignee_, start_time_, end_time_, duration_, transaction_order_, delete_reason_, tenant_id_) VALUES ('6f5faada-f1f4-11f0-bfbd-f2dbc029a3c2', 1, 'Process_1:7:6f5a7aaf-f1f4-11f0-bfbd-f2dbc029a3c2', '6f5f83c0-f1f4-11f0-bfbd-f2dbc029a3c2', '6f5f83c8-f1f4-11f0-bfbd-f2dbc029a3c2', 'Flow_1', NULL, NULL, NULL, 'sequenceFlow', NULL, '2026-01-15 17:27:39.134', '2026-01-15 17:27:39.134', 0, 2, NULL, '');
INSERT INTO public.act_ru_actinst (id_, rev_, proc_def_id_, proc_inst_id_, execution_id_, act_id_, task_id_, call_proc_inst_id_, act_name_, act_type_, assignee_, start_time_, end_time_, duration_, transaction_order_, delete_reason_, tenant_id_) VALUES ('626270a1-f1f7-11f0-bfbd-f2dbc029a3c2', 3, 'Process_1:9:625d6789-f1f7-11f0-bfbd-f2dbc029a3c2', '6262709a-f1f7-11f0-bfbd-f2dbc029a3c2', '6262709e-f1f7-11f0-bfbd-f2dbc029a3c2', 'Activity_09dh3z9', '626270a2-f1f7-11f0-bfbd-f2dbc029a3c2', NULL, NULL, 'userTask', 'corp-manager-001', '2026-01-15 17:48:45.832', '2026-01-15 17:48:45.921', 89, 3, NULL, '');
INSERT INTO public.act_ru_actinst (id_, rev_, proc_def_id_, proc_inst_id_, execution_id_, act_id_, task_id_, call_proc_inst_id_, act_name_, act_type_, assignee_, start_time_, end_time_, duration_, transaction_order_, delete_reason_, tenant_id_) VALUES ('6f72bcb5-f1f4-11f0-bfbd-f2dbc029a3c2', 2, 'Process_1:7:6f5a7aaf-f1f4-11f0-bfbd-f2dbc029a3c2', '6f5f83c0-f1f4-11f0-bfbd-f2dbc029a3c2', '6f5f83c8-f1f4-11f0-bfbd-f2dbc029a3c2', 'Activity_0mvv5hc', '6f72bcb6-f1f4-11f0-bfbd-f2dbc029a3c2', NULL, NULL, 'userTask', 'hr-manager-001', '2026-01-15 17:27:39.259', NULL, NULL, 2, NULL, '');
INSERT INTO public.act_ru_actinst (id_, rev_, proc_def_id_, proc_inst_id_, execution_id_, act_id_, task_id_, call_proc_inst_id_, act_name_, act_type_, assignee_, start_time_, end_time_, duration_, transaction_order_, delete_reason_, tenant_id_) VALUES ('6262709f-f1f7-11f0-bfbd-f2dbc029a3c2', 1, 'Process_1:9:625d6789-f1f7-11f0-bfbd-f2dbc029a3c2', '6262709a-f1f7-11f0-bfbd-f2dbc029a3c2', '6262709e-f1f7-11f0-bfbd-f2dbc029a3c2', 'StartEvent_1', NULL, NULL, '开始', 'startEvent', NULL, '2026-01-15 17:48:45.832', '2026-01-15 17:48:45.832', 0, 1, NULL, '');
INSERT INTO public.act_ru_actinst (id_, rev_, proc_def_id_, proc_inst_id_, execution_id_, act_id_, task_id_, call_proc_inst_id_, act_name_, act_type_, assignee_, start_time_, end_time_, duration_, transaction_order_, delete_reason_, tenant_id_) VALUES ('626270a0-f1f7-11f0-bfbd-f2dbc029a3c2', 1, 'Process_1:9:625d6789-f1f7-11f0-bfbd-f2dbc029a3c2', '6262709a-f1f7-11f0-bfbd-f2dbc029a3c2', '6262709e-f1f7-11f0-bfbd-f2dbc029a3c2', 'Flow_1', NULL, NULL, NULL, 'sequenceFlow', NULL, '2026-01-15 17:48:45.832', '2026-01-15 17:48:45.832', 0, 2, NULL, '');
INSERT INTO public.act_ru_actinst (id_, rev_, proc_def_id_, proc_inst_id_, execution_id_, act_id_, task_id_, call_proc_inst_id_, act_name_, act_type_, assignee_, start_time_, end_time_, duration_, transaction_order_, delete_reason_, tenant_id_) VALUES ('62702c48-f1f7-11f0-bfbd-f2dbc029a3c2', 1, 'Process_1:9:625d6789-f1f7-11f0-bfbd-f2dbc029a3c2', '6262709a-f1f7-11f0-bfbd-f2dbc029a3c2', '6262709e-f1f7-11f0-bfbd-f2dbc029a3c2', 'Flow_0un7hlh', NULL, NULL, NULL, 'sequenceFlow', NULL, '2026-01-15 17:48:45.922', '2026-01-15 17:48:45.922', 0, 1, NULL, '');
INSERT INTO public.act_ru_actinst (id_, rev_, proc_def_id_, proc_inst_id_, execution_id_, act_id_, task_id_, call_proc_inst_id_, act_name_, act_type_, assignee_, start_time_, end_time_, duration_, transaction_order_, delete_reason_, tenant_id_) VALUES ('62705359-f1f7-11f0-bfbd-f2dbc029a3c2', 1, 'Process_1:9:625d6789-f1f7-11f0-bfbd-f2dbc029a3c2', '6262709a-f1f7-11f0-bfbd-f2dbc029a3c2', '6262709e-f1f7-11f0-bfbd-f2dbc029a3c2', 'Activity_0mvv5hc', '6270535a-f1f7-11f0-bfbd-f2dbc029a3c2', NULL, NULL, 'userTask', NULL, '2026-01-15 17:48:45.923', NULL, NULL, 2, NULL, '');
INSERT INTO public.act_ru_actinst (id_, rev_, proc_def_id_, proc_inst_id_, execution_id_, act_id_, task_id_, call_proc_inst_id_, act_name_, act_type_, assignee_, start_time_, end_time_, duration_, transaction_order_, delete_reason_, tenant_id_) VALUES ('a8ef1854-f45e-11f0-9035-568938879cb7', 1, 'Process_1:10:a8e5062e-f45e-11f0-9035-568938879cb7', 'a8eeca2f-f45e-11f0-9035-568938879cb7', 'a8ef1853-f45e-11f0-9035-568938879cb7', 'StartEvent_1', NULL, NULL, '开始', 'startEvent', NULL, '2026-01-18 19:13:04.683', '2026-01-18 19:13:04.687', 4, 1, NULL, '');
INSERT INTO public.act_ru_actinst (id_, rev_, proc_def_id_, proc_inst_id_, execution_id_, act_id_, task_id_, call_proc_inst_id_, act_name_, act_type_, assignee_, start_time_, end_time_, duration_, transaction_order_, delete_reason_, tenant_id_) VALUES ('a8efdba5-f45e-11f0-9035-568938879cb7', 1, 'Process_1:10:a8e5062e-f45e-11f0-9035-568938879cb7', 'a8eeca2f-f45e-11f0-9035-568938879cb7', 'a8ef1853-f45e-11f0-9035-568938879cb7', 'Flow_1', NULL, NULL, NULL, 'sequenceFlow', NULL, '2026-01-18 19:13:04.688', '2026-01-18 19:13:04.688', 0, 2, NULL, '');
INSERT INTO public.act_ru_actinst (id_, rev_, proc_def_id_, proc_inst_id_, execution_id_, act_id_, task_id_, call_proc_inst_id_, act_name_, act_type_, assignee_, start_time_, end_time_, duration_, transaction_order_, delete_reason_, tenant_id_) VALUES ('a9038abd-f45e-11f0-9035-568938879cb7', 1, 'Process_1:10:a8e5062e-f45e-11f0-9035-568938879cb7', 'a8eeca2f-f45e-11f0-9035-568938879cb7', 'a8ef1853-f45e-11f0-9035-568938879cb7', 'Flow_0un7hlh', NULL, NULL, NULL, 'sequenceFlow', NULL, '2026-01-18 19:13:04.817', '2026-01-18 19:13:04.817', 0, 1, NULL, '');
INSERT INTO public.act_ru_actinst (id_, rev_, proc_def_id_, proc_inst_id_, execution_id_, act_id_, task_id_, call_proc_inst_id_, act_name_, act_type_, assignee_, start_time_, end_time_, duration_, transaction_order_, delete_reason_, tenant_id_) VALUES ('a903b1ce-f45e-11f0-9035-568938879cb7', 1, 'Process_1:10:a8e5062e-f45e-11f0-9035-568938879cb7', 'a8eeca2f-f45e-11f0-9035-568938879cb7', 'a8ef1853-f45e-11f0-9035-568938879cb7', 'Activity_0mvv5hc', 'a903b1cf-f45e-11f0-9035-568938879cb7', NULL, NULL, 'userTask', NULL, '2026-01-18 19:13:04.818', NULL, NULL, 2, NULL, '');
INSERT INTO public.act_ru_actinst (id_, rev_, proc_def_id_, proc_inst_id_, execution_id_, act_id_, task_id_, call_proc_inst_id_, act_name_, act_type_, assignee_, start_time_, end_time_, duration_, transaction_order_, delete_reason_, tenant_id_) VALUES ('a8efdba6-f45e-11f0-9035-568938879cb7', 3, 'Process_1:10:a8e5062e-f45e-11f0-9035-568938879cb7', 'a8eeca2f-f45e-11f0-9035-568938879cb7', 'a8ef1853-f45e-11f0-9035-568938879cb7', 'Activity_09dh3z9', 'a8f002b7-f45e-11f0-9035-568938879cb7', NULL, NULL, 'userTask', 'tech-director-001', '2026-01-18 19:13:04.688', '2026-01-18 19:13:04.816', 128, 3, NULL, '');
INSERT INTO public.act_ru_actinst (id_, rev_, proc_def_id_, proc_inst_id_, execution_id_, act_id_, task_id_, call_proc_inst_id_, act_name_, act_type_, assignee_, start_time_, end_time_, duration_, transaction_order_, delete_reason_, tenant_id_) VALUES ('d95d8b06-f515-11f0-83bf-1a46ed4020c1', 1, 'Process_1:11:d94fcf60-f515-11f0-83bf-1a46ed4020c1', 'd95d15d1-f515-11f0-83bf-1a46ed4020c1', 'd95d8b05-f515-11f0-83bf-1a46ed4020c1', 'StartEvent_1', NULL, NULL, '开始', 'startEvent', NULL, '2026-01-19 17:04:23.839', '2026-01-19 17:04:23.843', 4, 1, NULL, '');
INSERT INTO public.act_ru_actinst (id_, rev_, proc_def_id_, proc_inst_id_, execution_id_, act_id_, task_id_, call_proc_inst_id_, act_name_, act_type_, assignee_, start_time_, end_time_, duration_, transaction_order_, delete_reason_, tenant_id_) VALUES ('d95e4e57-f515-11f0-83bf-1a46ed4020c1', 1, 'Process_1:11:d94fcf60-f515-11f0-83bf-1a46ed4020c1', 'd95d15d1-f515-11f0-83bf-1a46ed4020c1', 'd95d8b05-f515-11f0-83bf-1a46ed4020c1', 'Flow_1', NULL, NULL, NULL, 'sequenceFlow', NULL, '2026-01-19 17:04:23.844', '2026-01-19 17:04:23.844', 0, 2, NULL, '');
INSERT INTO public.act_ru_actinst (id_, rev_, proc_def_id_, proc_inst_id_, execution_id_, act_id_, task_id_, call_proc_inst_id_, act_name_, act_type_, assignee_, start_time_, end_time_, duration_, transaction_order_, delete_reason_, tenant_id_) VALUES ('d97e597f-f515-11f0-83bf-1a46ed4020c1', 1, 'Process_1:11:d94fcf60-f515-11f0-83bf-1a46ed4020c1', 'd95d15d1-f515-11f0-83bf-1a46ed4020c1', 'd95d8b05-f515-11f0-83bf-1a46ed4020c1', 'Flow_0un7hlh', NULL, NULL, NULL, 'sequenceFlow', NULL, '2026-01-19 17:04:24.054', '2026-01-19 17:04:24.054', 0, 1, NULL, '');
INSERT INTO public.act_ru_actinst (id_, rev_, proc_def_id_, proc_inst_id_, execution_id_, act_id_, task_id_, call_proc_inst_id_, act_name_, act_type_, assignee_, start_time_, end_time_, duration_, transaction_order_, delete_reason_, tenant_id_) VALUES ('d97ea7a0-f515-11f0-83bf-1a46ed4020c1', 1, 'Process_1:11:d94fcf60-f515-11f0-83bf-1a46ed4020c1', 'd95d15d1-f515-11f0-83bf-1a46ed4020c1', 'd95d8b05-f515-11f0-83bf-1a46ed4020c1', 'Activity_0mvv5hc', 'd97ea7a1-f515-11f0-83bf-1a46ed4020c1', NULL, NULL, 'userTask', NULL, '2026-01-19 17:04:24.056', NULL, NULL, 2, NULL, '');
INSERT INTO public.act_ru_actinst (id_, rev_, proc_def_id_, proc_inst_id_, execution_id_, act_id_, task_id_, call_proc_inst_id_, act_name_, act_type_, assignee_, start_time_, end_time_, duration_, transaction_order_, delete_reason_, tenant_id_) VALUES ('d95e4e58-f515-11f0-83bf-1a46ed4020c1', 3, 'Process_1:11:d94fcf60-f515-11f0-83bf-1a46ed4020c1', 'd95d15d1-f515-11f0-83bf-1a46ed4020c1', 'd95d8b05-f515-11f0-83bf-1a46ed4020c1', 'Activity_09dh3z9', 'd95e7569-f515-11f0-83bf-1a46ed4020c1', NULL, NULL, 'userTask', 'purchase-requester-001', '2026-01-19 17:04:23.844', '2026-01-19 17:04:24.053', 209, 3, NULL, '');
INSERT INTO public.act_ru_actinst (id_, rev_, proc_def_id_, proc_inst_id_, execution_id_, act_id_, task_id_, call_proc_inst_id_, act_name_, act_type_, assignee_, start_time_, end_time_, duration_, transaction_order_, delete_reason_, tenant_id_) VALUES ('14c1fff3-f537-11f0-83bf-1a46ed4020c1', 1, 'Process_1:14:14bde139-f537-11f0-83bf-1a46ed4020c1', '14c1ffea-f537-11f0-83bf-1a46ed4020c1', '14c1fff2-f537-11f0-83bf-1a46ed4020c1', 'StartEvent_1', NULL, NULL, '开始', 'startEvent', NULL, '2026-01-19 21:02:16.875', '2026-01-19 21:02:16.875', 0, 1, NULL, '');
INSERT INTO public.act_ru_actinst (id_, rev_, proc_def_id_, proc_inst_id_, execution_id_, act_id_, task_id_, call_proc_inst_id_, act_name_, act_type_, assignee_, start_time_, end_time_, duration_, transaction_order_, delete_reason_, tenant_id_) VALUES ('14c1fff4-f537-11f0-83bf-1a46ed4020c1', 1, 'Process_1:14:14bde139-f537-11f0-83bf-1a46ed4020c1', '14c1ffea-f537-11f0-83bf-1a46ed4020c1', '14c1fff2-f537-11f0-83bf-1a46ed4020c1', 'Flow_1', NULL, NULL, NULL, 'sequenceFlow', NULL, '2026-01-19 21:02:16.875', '2026-01-19 21:02:16.875', 0, 2, NULL, '');
INSERT INTO public.act_ru_actinst (id_, rev_, proc_def_id_, proc_inst_id_, execution_id_, act_id_, task_id_, call_proc_inst_id_, act_name_, act_type_, assignee_, start_time_, end_time_, duration_, transaction_order_, delete_reason_, tenant_id_) VALUES ('14d4286e-f537-11f0-83bf-1a46ed4020c1', 1, 'Process_1:14:14bde139-f537-11f0-83bf-1a46ed4020c1', '14c1ffea-f537-11f0-83bf-1a46ed4020c1', '14c1fff2-f537-11f0-83bf-1a46ed4020c1', 'Flow_0un7hlh', NULL, NULL, NULL, 'sequenceFlow', NULL, '2026-01-19 21:02:16.994', '2026-01-19 21:02:16.994', 0, 1, NULL, '');
INSERT INTO public.act_ru_actinst (id_, rev_, proc_def_id_, proc_inst_id_, execution_id_, act_id_, task_id_, call_proc_inst_id_, act_name_, act_type_, assignee_, start_time_, end_time_, duration_, transaction_order_, delete_reason_, tenant_id_) VALUES ('14d44f7f-f537-11f0-83bf-1a46ed4020c1', 1, 'Process_1:14:14bde139-f537-11f0-83bf-1a46ed4020c1', '14c1ffea-f537-11f0-83bf-1a46ed4020c1', '14c1fff2-f537-11f0-83bf-1a46ed4020c1', 'Activity_0mvv5hc', '14d44f80-f537-11f0-83bf-1a46ed4020c1', NULL, NULL, 'userTask', NULL, '2026-01-19 21:02:16.995', NULL, NULL, 2, NULL, '');
INSERT INTO public.act_ru_actinst (id_, rev_, proc_def_id_, proc_inst_id_, execution_id_, act_id_, task_id_, call_proc_inst_id_, act_name_, act_type_, assignee_, start_time_, end_time_, duration_, transaction_order_, delete_reason_, tenant_id_) VALUES ('14c1fff5-f537-11f0-83bf-1a46ed4020c1', 3, 'Process_1:14:14bde139-f537-11f0-83bf-1a46ed4020c1', '14c1ffea-f537-11f0-83bf-1a46ed4020c1', '14c1fff2-f537-11f0-83bf-1a46ed4020c1', 'Activity_09dh3z9', '14c1fff6-f537-11f0-83bf-1a46ed4020c1', NULL, NULL, 'userTask', 'purchase-requester-001', '2026-01-19 21:02:16.875', '2026-01-19 21:02:16.993', 118, 3, NULL, '');
INSERT INTO public.act_ru_execution (id_, rev_, proc_inst_id_, business_key_, parent_id_, proc_def_id_, super_exec_, root_proc_inst_id_, act_id_, is_active_, is_concurrent_, is_scope_, is_event_scope_, is_mi_root_, suspension_state_, cached_ent_state_, tenant_id_, name_, start_act_id_, start_time_, start_user_id_, lock_time_, lock_owner_, is_count_enabled_, evt_subscr_count_, task_count_, job_count_, timer_job_count_, susp_job_count_, deadletter_job_count_, external_worker_job_count_, var_count_, id_link_count_, callback_id_, callback_type_, reference_id_, reference_type_, propagated_stage_inst_id_, business_status_) VALUES ('2d7a16d2-f132-11f0-bfbd-f2dbc029a3c2', 1, '2d7a16d2-f132-11f0-bfbd-f2dbc029a3c2', NULL, NULL, 'Process_1:2:2d6cf771-f132-11f0-bfbd-f2dbc029a3c2', NULL, '2d7a16d2-f132-11f0-bfbd-f2dbc029a3c2', NULL, true, false, true, false, false, 1, NULL, '', NULL, 'StartEvent_1', '2026-01-14 18:17:06.212', 'hr-manager-001', NULL, NULL, true, 0, 0, 0, 0, 0, 0, 0, 0, 0, NULL, NULL, NULL, NULL, NULL, NULL);
INSERT INTO public.act_ru_execution (id_, rev_, proc_inst_id_, business_key_, parent_id_, proc_def_id_, super_exec_, root_proc_inst_id_, act_id_, is_active_, is_concurrent_, is_scope_, is_event_scope_, is_mi_root_, suspension_state_, cached_ent_state_, tenant_id_, name_, start_act_id_, start_time_, start_user_id_, lock_time_, lock_owner_, is_count_enabled_, evt_subscr_count_, task_count_, job_count_, timer_job_count_, susp_job_count_, deadletter_job_count_, external_worker_job_count_, var_count_, id_link_count_, callback_id_, callback_type_, reference_id_, reference_type_, propagated_stage_inst_id_, business_status_) VALUES ('2d7a8c06-f132-11f0-bfbd-f2dbc029a3c2', 2, '2d7a16d2-f132-11f0-bfbd-f2dbc029a3c2', NULL, '2d7a16d2-f132-11f0-bfbd-f2dbc029a3c2', 'Process_1:2:2d6cf771-f132-11f0-bfbd-f2dbc029a3c2', NULL, '2d7a16d2-f132-11f0-bfbd-f2dbc029a3c2', 'Activity_0mvv5hc', true, false, false, false, false, 1, NULL, '', NULL, NULL, '2026-01-14 18:17:06.215', NULL, NULL, NULL, true, 0, 1, 0, 0, 0, 0, 0, 0, 0, NULL, NULL, NULL, NULL, NULL, NULL);
INSERT INTO public.act_ru_execution (id_, rev_, proc_inst_id_, business_key_, parent_id_, proc_def_id_, super_exec_, root_proc_inst_id_, act_id_, is_active_, is_concurrent_, is_scope_, is_event_scope_, is_mi_root_, suspension_state_, cached_ent_state_, tenant_id_, name_, start_act_id_, start_time_, start_user_id_, lock_time_, lock_owner_, is_count_enabled_, evt_subscr_count_, task_count_, job_count_, timer_job_count_, susp_job_count_, deadletter_job_count_, external_worker_job_count_, var_count_, id_link_count_, callback_id_, callback_type_, reference_id_, reference_type_, propagated_stage_inst_id_, business_status_) VALUES ('80f6a8ae-f133-11f0-bfbd-f2dbc029a3c2', 1, '80f6a8ae-f133-11f0-bfbd-f2dbc029a3c2', NULL, NULL, 'Process_1:3:80f1788d-f133-11f0-bfbd-f2dbc029a3c2', NULL, '80f6a8ae-f133-11f0-bfbd-f2dbc029a3c2', NULL, true, false, true, false, false, 1, NULL, '', NULL, 'StartEvent_1', '2026-01-14 18:26:35.776', 'hr-specialist-001', NULL, NULL, true, 0, 0, 0, 0, 0, 0, 0, 0, 0, NULL, NULL, NULL, NULL, NULL, NULL);
INSERT INTO public.act_ru_execution (id_, rev_, proc_inst_id_, business_key_, parent_id_, proc_def_id_, super_exec_, root_proc_inst_id_, act_id_, is_active_, is_concurrent_, is_scope_, is_event_scope_, is_mi_root_, suspension_state_, cached_ent_state_, tenant_id_, name_, start_act_id_, start_time_, start_user_id_, lock_time_, lock_owner_, is_count_enabled_, evt_subscr_count_, task_count_, job_count_, timer_job_count_, susp_job_count_, deadletter_job_count_, external_worker_job_count_, var_count_, id_link_count_, callback_id_, callback_type_, reference_id_, reference_type_, propagated_stage_inst_id_, business_status_) VALUES ('80f6cfc2-f133-11f0-bfbd-f2dbc029a3c2', 2, '80f6a8ae-f133-11f0-bfbd-f2dbc029a3c2', NULL, '80f6a8ae-f133-11f0-bfbd-f2dbc029a3c2', 'Process_1:3:80f1788d-f133-11f0-bfbd-f2dbc029a3c2', NULL, '80f6a8ae-f133-11f0-bfbd-f2dbc029a3c2', 'Activity_0mvv5hc', true, false, false, false, false, 1, NULL, '', NULL, NULL, '2026-01-14 18:26:35.777', NULL, NULL, NULL, true, 0, 1, 0, 0, 0, 0, 0, 0, 0, NULL, NULL, NULL, NULL, NULL, NULL);
INSERT INTO public.act_ru_execution (id_, rev_, proc_inst_id_, business_key_, parent_id_, proc_def_id_, super_exec_, root_proc_inst_id_, act_id_, is_active_, is_concurrent_, is_scope_, is_event_scope_, is_mi_root_, suspension_state_, cached_ent_state_, tenant_id_, name_, start_act_id_, start_time_, start_user_id_, lock_time_, lock_owner_, is_count_enabled_, evt_subscr_count_, task_count_, job_count_, timer_job_count_, susp_job_count_, deadletter_job_count_, external_worker_job_count_, var_count_, id_link_count_, callback_id_, callback_type_, reference_id_, reference_type_, propagated_stage_inst_id_, business_status_) VALUES ('2b89f1af-f1f4-11f0-bfbd-f2dbc029a3c2', 1, '2b89f1af-f1f4-11f0-bfbd-f2dbc029a3c2', NULL, NULL, 'Process_1:5:2b85fa0e-f1f4-11f0-bfbd-f2dbc029a3c2', NULL, '2b89f1af-f1f4-11f0-bfbd-f2dbc029a3c2', NULL, true, false, true, false, false, 1, NULL, '', NULL, 'StartEvent_1', '2026-01-15 17:25:45.326', 'corp-manager-001', NULL, NULL, true, 0, 0, 0, 0, 0, 0, 0, 0, 0, NULL, NULL, NULL, NULL, NULL, NULL);
INSERT INTO public.act_ru_execution (id_, rev_, proc_inst_id_, business_key_, parent_id_, proc_def_id_, super_exec_, root_proc_inst_id_, act_id_, is_active_, is_concurrent_, is_scope_, is_event_scope_, is_mi_root_, suspension_state_, cached_ent_state_, tenant_id_, name_, start_act_id_, start_time_, start_user_id_, lock_time_, lock_owner_, is_count_enabled_, evt_subscr_count_, task_count_, job_count_, timer_job_count_, susp_job_count_, deadletter_job_count_, external_worker_job_count_, var_count_, id_link_count_, callback_id_, callback_type_, reference_id_, reference_type_, propagated_stage_inst_id_, business_status_) VALUES ('2b8a18c3-f1f4-11f0-bfbd-f2dbc029a3c2', 2, '2b89f1af-f1f4-11f0-bfbd-f2dbc029a3c2', NULL, '2b89f1af-f1f4-11f0-bfbd-f2dbc029a3c2', 'Process_1:5:2b85fa0e-f1f4-11f0-bfbd-f2dbc029a3c2', NULL, '2b89f1af-f1f4-11f0-bfbd-f2dbc029a3c2', 'Activity_0mvv5hc', true, false, false, false, false, 1, NULL, '', NULL, NULL, '2026-01-15 17:25:45.327', NULL, NULL, NULL, true, 0, 1, 0, 0, 0, 0, 0, 0, 0, NULL, NULL, NULL, NULL, NULL, NULL);
INSERT INTO public.act_ru_execution (id_, rev_, proc_inst_id_, business_key_, parent_id_, proc_def_id_, super_exec_, root_proc_inst_id_, act_id_, is_active_, is_concurrent_, is_scope_, is_event_scope_, is_mi_root_, suspension_state_, cached_ent_state_, tenant_id_, name_, start_act_id_, start_time_, start_user_id_, lock_time_, lock_owner_, is_count_enabled_, evt_subscr_count_, task_count_, job_count_, timer_job_count_, susp_job_count_, deadletter_job_count_, external_worker_job_count_, var_count_, id_link_count_, callback_id_, callback_type_, reference_id_, reference_type_, propagated_stage_inst_id_, business_status_) VALUES ('6f5f83c0-f1f4-11f0-bfbd-f2dbc029a3c2', 1, '6f5f83c0-f1f4-11f0-bfbd-f2dbc029a3c2', NULL, NULL, 'Process_1:7:6f5a7aaf-f1f4-11f0-bfbd-f2dbc029a3c2', NULL, '6f5f83c0-f1f4-11f0-bfbd-f2dbc029a3c2', NULL, true, false, true, false, false, 1, NULL, '', NULL, 'StartEvent_1', '2026-01-15 17:27:39.133', 'corp-manager-001', NULL, NULL, true, 0, 0, 0, 0, 0, 0, 0, 0, 0, NULL, NULL, NULL, NULL, NULL, NULL);
INSERT INTO public.act_ru_execution (id_, rev_, proc_inst_id_, business_key_, parent_id_, proc_def_id_, super_exec_, root_proc_inst_id_, act_id_, is_active_, is_concurrent_, is_scope_, is_event_scope_, is_mi_root_, suspension_state_, cached_ent_state_, tenant_id_, name_, start_act_id_, start_time_, start_user_id_, lock_time_, lock_owner_, is_count_enabled_, evt_subscr_count_, task_count_, job_count_, timer_job_count_, susp_job_count_, deadletter_job_count_, external_worker_job_count_, var_count_, id_link_count_, callback_id_, callback_type_, reference_id_, reference_type_, propagated_stage_inst_id_, business_status_) VALUES ('6f5f83c8-f1f4-11f0-bfbd-f2dbc029a3c2', 2, '6f5f83c0-f1f4-11f0-bfbd-f2dbc029a3c2', NULL, '6f5f83c0-f1f4-11f0-bfbd-f2dbc029a3c2', 'Process_1:7:6f5a7aaf-f1f4-11f0-bfbd-f2dbc029a3c2', NULL, '6f5f83c0-f1f4-11f0-bfbd-f2dbc029a3c2', 'Activity_0mvv5hc', true, false, false, false, false, 1, NULL, '', NULL, NULL, '2026-01-15 17:27:39.133', NULL, NULL, NULL, true, 0, 1, 0, 0, 0, 0, 0, 0, 0, NULL, NULL, NULL, NULL, NULL, NULL);
INSERT INTO public.act_ru_execution (id_, rev_, proc_inst_id_, business_key_, parent_id_, proc_def_id_, super_exec_, root_proc_inst_id_, act_id_, is_active_, is_concurrent_, is_scope_, is_event_scope_, is_mi_root_, suspension_state_, cached_ent_state_, tenant_id_, name_, start_act_id_, start_time_, start_user_id_, lock_time_, lock_owner_, is_count_enabled_, evt_subscr_count_, task_count_, job_count_, timer_job_count_, susp_job_count_, deadletter_job_count_, external_worker_job_count_, var_count_, id_link_count_, callback_id_, callback_type_, reference_id_, reference_type_, propagated_stage_inst_id_, business_status_) VALUES ('6262709a-f1f7-11f0-bfbd-f2dbc029a3c2', 1, '6262709a-f1f7-11f0-bfbd-f2dbc029a3c2', NULL, NULL, 'Process_1:9:625d6789-f1f7-11f0-bfbd-f2dbc029a3c2', NULL, '6262709a-f1f7-11f0-bfbd-f2dbc029a3c2', NULL, true, false, true, false, false, 1, NULL, '', NULL, 'StartEvent_1', '2026-01-15 17:48:45.832', 'corp-manager-001', NULL, NULL, true, 0, 0, 0, 0, 0, 0, 0, 0, 0, NULL, NULL, NULL, NULL, NULL, NULL);
INSERT INTO public.act_ru_execution (id_, rev_, proc_inst_id_, business_key_, parent_id_, proc_def_id_, super_exec_, root_proc_inst_id_, act_id_, is_active_, is_concurrent_, is_scope_, is_event_scope_, is_mi_root_, suspension_state_, cached_ent_state_, tenant_id_, name_, start_act_id_, start_time_, start_user_id_, lock_time_, lock_owner_, is_count_enabled_, evt_subscr_count_, task_count_, job_count_, timer_job_count_, susp_job_count_, deadletter_job_count_, external_worker_job_count_, var_count_, id_link_count_, callback_id_, callback_type_, reference_id_, reference_type_, propagated_stage_inst_id_, business_status_) VALUES ('6262709e-f1f7-11f0-bfbd-f2dbc029a3c2', 2, '6262709a-f1f7-11f0-bfbd-f2dbc029a3c2', NULL, '6262709a-f1f7-11f0-bfbd-f2dbc029a3c2', 'Process_1:9:625d6789-f1f7-11f0-bfbd-f2dbc029a3c2', NULL, '6262709a-f1f7-11f0-bfbd-f2dbc029a3c2', 'Activity_0mvv5hc', true, false, false, false, false, 1, NULL, '', NULL, NULL, '2026-01-15 17:48:45.832', NULL, NULL, NULL, true, 0, 1, 0, 0, 0, 0, 0, 0, 0, NULL, NULL, NULL, NULL, NULL, NULL);
INSERT INTO public.act_ru_execution (id_, rev_, proc_inst_id_, business_key_, parent_id_, proc_def_id_, super_exec_, root_proc_inst_id_, act_id_, is_active_, is_concurrent_, is_scope_, is_event_scope_, is_mi_root_, suspension_state_, cached_ent_state_, tenant_id_, name_, start_act_id_, start_time_, start_user_id_, lock_time_, lock_owner_, is_count_enabled_, evt_subscr_count_, task_count_, job_count_, timer_job_count_, susp_job_count_, deadletter_job_count_, external_worker_job_count_, var_count_, id_link_count_, callback_id_, callback_type_, reference_id_, reference_type_, propagated_stage_inst_id_, business_status_) VALUES ('a8eeca2f-f45e-11f0-9035-568938879cb7', 1, 'a8eeca2f-f45e-11f0-9035-568938879cb7', NULL, NULL, 'Process_1:10:a8e5062e-f45e-11f0-9035-568938879cb7', NULL, 'a8eeca2f-f45e-11f0-9035-568938879cb7', NULL, true, false, true, false, false, 1, NULL, '', NULL, 'StartEvent_1', '2026-01-18 19:13:04.681', 'tech-director-001', NULL, NULL, true, 0, 0, 0, 0, 0, 0, 0, 0, 0, NULL, NULL, NULL, NULL, NULL, NULL);
INSERT INTO public.act_ru_execution (id_, rev_, proc_inst_id_, business_key_, parent_id_, proc_def_id_, super_exec_, root_proc_inst_id_, act_id_, is_active_, is_concurrent_, is_scope_, is_event_scope_, is_mi_root_, suspension_state_, cached_ent_state_, tenant_id_, name_, start_act_id_, start_time_, start_user_id_, lock_time_, lock_owner_, is_count_enabled_, evt_subscr_count_, task_count_, job_count_, timer_job_count_, susp_job_count_, deadletter_job_count_, external_worker_job_count_, var_count_, id_link_count_, callback_id_, callback_type_, reference_id_, reference_type_, propagated_stage_inst_id_, business_status_) VALUES ('a8ef1853-f45e-11f0-9035-568938879cb7', 2, 'a8eeca2f-f45e-11f0-9035-568938879cb7', NULL, 'a8eeca2f-f45e-11f0-9035-568938879cb7', 'Process_1:10:a8e5062e-f45e-11f0-9035-568938879cb7', NULL, 'a8eeca2f-f45e-11f0-9035-568938879cb7', 'Activity_0mvv5hc', true, false, false, false, false, 1, NULL, '', NULL, NULL, '2026-01-18 19:13:04.683', NULL, NULL, NULL, true, 0, 1, 0, 0, 0, 0, 0, 0, 0, NULL, NULL, NULL, NULL, NULL, NULL);
INSERT INTO public.act_ru_execution (id_, rev_, proc_inst_id_, business_key_, parent_id_, proc_def_id_, super_exec_, root_proc_inst_id_, act_id_, is_active_, is_concurrent_, is_scope_, is_event_scope_, is_mi_root_, suspension_state_, cached_ent_state_, tenant_id_, name_, start_act_id_, start_time_, start_user_id_, lock_time_, lock_owner_, is_count_enabled_, evt_subscr_count_, task_count_, job_count_, timer_job_count_, susp_job_count_, deadletter_job_count_, external_worker_job_count_, var_count_, id_link_count_, callback_id_, callback_type_, reference_id_, reference_type_, propagated_stage_inst_id_, business_status_) VALUES ('d95d15d1-f515-11f0-83bf-1a46ed4020c1', 1, 'd95d15d1-f515-11f0-83bf-1a46ed4020c1', NULL, NULL, 'Process_1:11:d94fcf60-f515-11f0-83bf-1a46ed4020c1', NULL, 'd95d15d1-f515-11f0-83bf-1a46ed4020c1', NULL, true, false, true, false, false, 1, NULL, '', NULL, 'StartEvent_1', '2026-01-19 17:04:23.836', 'purchase-requester-001', NULL, NULL, true, 0, 0, 0, 0, 0, 0, 0, 0, 0, NULL, NULL, NULL, NULL, NULL, NULL);
INSERT INTO public.act_ru_execution (id_, rev_, proc_inst_id_, business_key_, parent_id_, proc_def_id_, super_exec_, root_proc_inst_id_, act_id_, is_active_, is_concurrent_, is_scope_, is_event_scope_, is_mi_root_, suspension_state_, cached_ent_state_, tenant_id_, name_, start_act_id_, start_time_, start_user_id_, lock_time_, lock_owner_, is_count_enabled_, evt_subscr_count_, task_count_, job_count_, timer_job_count_, susp_job_count_, deadletter_job_count_, external_worker_job_count_, var_count_, id_link_count_, callback_id_, callback_type_, reference_id_, reference_type_, propagated_stage_inst_id_, business_status_) VALUES ('d95d8b05-f515-11f0-83bf-1a46ed4020c1', 2, 'd95d15d1-f515-11f0-83bf-1a46ed4020c1', NULL, 'd95d15d1-f515-11f0-83bf-1a46ed4020c1', 'Process_1:11:d94fcf60-f515-11f0-83bf-1a46ed4020c1', NULL, 'd95d15d1-f515-11f0-83bf-1a46ed4020c1', 'Activity_0mvv5hc', true, false, false, false, false, 1, NULL, '', NULL, NULL, '2026-01-19 17:04:23.839', NULL, NULL, NULL, true, 0, 1, 0, 0, 0, 0, 0, 0, 0, NULL, NULL, NULL, NULL, NULL, NULL);
INSERT INTO public.act_ru_execution (id_, rev_, proc_inst_id_, business_key_, parent_id_, proc_def_id_, super_exec_, root_proc_inst_id_, act_id_, is_active_, is_concurrent_, is_scope_, is_event_scope_, is_mi_root_, suspension_state_, cached_ent_state_, tenant_id_, name_, start_act_id_, start_time_, start_user_id_, lock_time_, lock_owner_, is_count_enabled_, evt_subscr_count_, task_count_, job_count_, timer_job_count_, susp_job_count_, deadletter_job_count_, external_worker_job_count_, var_count_, id_link_count_, callback_id_, callback_type_, reference_id_, reference_type_, propagated_stage_inst_id_, business_status_) VALUES ('14c1ffea-f537-11f0-83bf-1a46ed4020c1', 1, '14c1ffea-f537-11f0-83bf-1a46ed4020c1', NULL, NULL, 'Process_1:14:14bde139-f537-11f0-83bf-1a46ed4020c1', NULL, '14c1ffea-f537-11f0-83bf-1a46ed4020c1', NULL, true, false, true, false, false, 1, NULL, '', NULL, 'StartEvent_1', '2026-01-19 21:02:16.875', 'purchase-requester-001', NULL, NULL, true, 0, 0, 0, 0, 0, 0, 0, 0, 0, NULL, NULL, NULL, NULL, NULL, NULL);
INSERT INTO public.act_ru_execution (id_, rev_, proc_inst_id_, business_key_, parent_id_, proc_def_id_, super_exec_, root_proc_inst_id_, act_id_, is_active_, is_concurrent_, is_scope_, is_event_scope_, is_mi_root_, suspension_state_, cached_ent_state_, tenant_id_, name_, start_act_id_, start_time_, start_user_id_, lock_time_, lock_owner_, is_count_enabled_, evt_subscr_count_, task_count_, job_count_, timer_job_count_, susp_job_count_, deadletter_job_count_, external_worker_job_count_, var_count_, id_link_count_, callback_id_, callback_type_, reference_id_, reference_type_, propagated_stage_inst_id_, business_status_) VALUES ('14c1fff2-f537-11f0-83bf-1a46ed4020c1', 2, '14c1ffea-f537-11f0-83bf-1a46ed4020c1', NULL, '14c1ffea-f537-11f0-83bf-1a46ed4020c1', 'Process_1:14:14bde139-f537-11f0-83bf-1a46ed4020c1', NULL, '14c1ffea-f537-11f0-83bf-1a46ed4020c1', 'Activity_0mvv5hc', true, false, false, false, false, 1, NULL, '', NULL, NULL, '2026-01-19 21:02:16.875', NULL, NULL, NULL, true, 0, 1, 0, 0, 0, 0, 0, 0, 0, NULL, NULL, NULL, NULL, NULL, NULL);
INSERT INTO public.act_ru_identitylink (id_, rev_, group_id_, type_, user_id_, task_id_, proc_inst_id_, proc_def_id_, scope_id_, sub_scope_id_, scope_type_, scope_definition_id_) VALUES ('2d7a3de3-f132-11f0-bfbd-f2dbc029a3c2', 1, NULL, 'starter', 'hr-manager-001', NULL, '2d7a16d2-f132-11f0-bfbd-f2dbc029a3c2', NULL, NULL, NULL, NULL, NULL);
INSERT INTO public.act_ru_identitylink (id_, rev_, group_id_, type_, user_id_, task_id_, proc_inst_id_, proc_def_id_, scope_id_, sub_scope_id_, scope_type_, scope_definition_id_) VALUES ('2d8c665c-f132-11f0-bfbd-f2dbc029a3c2', 1, NULL, 'participant', 'hr-manager-001', NULL, '2d7a16d2-f132-11f0-bfbd-f2dbc029a3c2', NULL, NULL, NULL, NULL, NULL);
INSERT INTO public.act_ru_identitylink (id_, rev_, group_id_, type_, user_id_, task_id_, proc_inst_id_, proc_def_id_, scope_id_, sub_scope_id_, scope_type_, scope_definition_id_) VALUES ('2d942e8f-f132-11f0-bfbd-f2dbc029a3c2', 1, NULL, 'participant', 'anonymousUser', NULL, '2d7a16d2-f132-11f0-bfbd-f2dbc029a3c2', NULL, NULL, NULL, NULL, NULL);
INSERT INTO public.act_ru_identitylink (id_, rev_, group_id_, type_, user_id_, task_id_, proc_inst_id_, proc_def_id_, scope_id_, sub_scope_id_, scope_type_, scope_definition_id_) VALUES ('91797464-f132-11f0-bfbd-f2dbc029a3c2', 1, NULL, 'participant', 'hr-specialist-001', NULL, '2d7a16d2-f132-11f0-bfbd-f2dbc029a3c2', NULL, NULL, NULL, NULL, NULL);
INSERT INTO public.act_ru_identitylink (id_, rev_, group_id_, type_, user_id_, task_id_, proc_inst_id_, proc_def_id_, scope_id_, sub_scope_id_, scope_type_, scope_definition_id_) VALUES ('80f6a8af-f133-11f0-bfbd-f2dbc029a3c2', 1, NULL, 'starter', 'hr-specialist-001', NULL, '80f6a8ae-f133-11f0-bfbd-f2dbc029a3c2', NULL, NULL, NULL, NULL, NULL);
INSERT INTO public.act_ru_identitylink (id_, rev_, group_id_, type_, user_id_, task_id_, proc_inst_id_, proc_def_id_, scope_id_, sub_scope_id_, scope_type_, scope_definition_id_) VALUES ('810093c8-f133-11f0-bfbd-f2dbc029a3c2', 1, NULL, 'participant', 'hr-specialist-001', NULL, '80f6a8ae-f133-11f0-bfbd-f2dbc029a3c2', NULL, NULL, NULL, NULL, NULL);
INSERT INTO public.act_ru_identitylink (id_, rev_, group_id_, type_, user_id_, task_id_, proc_inst_id_, proc_def_id_, scope_id_, sub_scope_id_, scope_type_, scope_definition_id_) VALUES ('8106602b-f133-11f0-bfbd-f2dbc029a3c2', 1, NULL, 'participant', 'anonymousUser', NULL, '80f6a8ae-f133-11f0-bfbd-f2dbc029a3c2', NULL, NULL, NULL, NULL, NULL);
INSERT INTO public.act_ru_identitylink (id_, rev_, group_id_, type_, user_id_, task_id_, proc_inst_id_, proc_def_id_, scope_id_, sub_scope_id_, scope_type_, scope_definition_id_) VALUES ('2b89f1b0-f1f4-11f0-bfbd-f2dbc029a3c2', 1, NULL, 'starter', 'corp-manager-001', NULL, '2b89f1af-f1f4-11f0-bfbd-f2dbc029a3c2', NULL, NULL, NULL, NULL, NULL);
INSERT INTO public.act_ru_identitylink (id_, rev_, group_id_, type_, user_id_, task_id_, proc_inst_id_, proc_def_id_, scope_id_, sub_scope_id_, scope_type_, scope_definition_id_) VALUES ('2b93b5b9-f1f4-11f0-bfbd-f2dbc029a3c2', 1, NULL, 'participant', 'corp-manager-001', NULL, '2b89f1af-f1f4-11f0-bfbd-f2dbc029a3c2', NULL, NULL, NULL, NULL, NULL);
INSERT INTO public.act_ru_identitylink (id_, rev_, group_id_, type_, user_id_, task_id_, proc_inst_id_, proc_def_id_, scope_id_, sub_scope_id_, scope_type_, scope_definition_id_) VALUES ('2b9870ac-f1f4-11f0-bfbd-f2dbc029a3c2', 1, NULL, 'participant', 'anonymousUser', NULL, '2b89f1af-f1f4-11f0-bfbd-f2dbc029a3c2', NULL, NULL, NULL, NULL, NULL);
INSERT INTO public.act_ru_identitylink (id_, rev_, group_id_, type_, user_id_, task_id_, proc_inst_id_, proc_def_id_, scope_id_, sub_scope_id_, scope_type_, scope_definition_id_) VALUES ('6f5f83c1-f1f4-11f0-bfbd-f2dbc029a3c2', 1, NULL, 'starter', 'corp-manager-001', NULL, '6f5f83c0-f1f4-11f0-bfbd-f2dbc029a3c2', NULL, NULL, NULL, NULL, NULL);
INSERT INTO public.act_ru_identitylink (id_, rev_, group_id_, type_, user_id_, task_id_, proc_inst_id_, proc_def_id_, scope_id_, sub_scope_id_, scope_type_, scope_definition_id_) VALUES ('6f6b1c8e-f1f4-11f0-bfbd-f2dbc029a3c2', 1, NULL, 'participant', 'corp-manager-001', NULL, '6f5f83c0-f1f4-11f0-bfbd-f2dbc029a3c2', NULL, NULL, NULL, NULL, NULL);
INSERT INTO public.act_ru_identitylink (id_, rev_, group_id_, type_, user_id_, task_id_, proc_inst_id_, proc_def_id_, scope_id_, sub_scope_id_, scope_type_, scope_definition_id_) VALUES ('6f71ab43-f1f4-11f0-bfbd-f2dbc029a3c2', 1, NULL, 'participant', 'anonymousUser', NULL, '6f5f83c0-f1f4-11f0-bfbd-f2dbc029a3c2', NULL, NULL, NULL, NULL, NULL);
INSERT INTO public.act_ru_identitylink (id_, rev_, group_id_, type_, user_id_, task_id_, proc_inst_id_, proc_def_id_, scope_id_, sub_scope_id_, scope_type_, scope_definition_id_) VALUES ('879ad1b8-f1f4-11f0-bfbd-f2dbc029a3c2', 1, NULL, 'participant', 'hr-manager-001', NULL, '6f5f83c0-f1f4-11f0-bfbd-f2dbc029a3c2', NULL, NULL, NULL, NULL, NULL);
INSERT INTO public.act_ru_identitylink (id_, rev_, group_id_, type_, user_id_, task_id_, proc_inst_id_, proc_def_id_, scope_id_, sub_scope_id_, scope_type_, scope_definition_id_) VALUES ('6262709b-f1f7-11f0-bfbd-f2dbc029a3c2', 1, NULL, 'starter', 'corp-manager-001', NULL, '6262709a-f1f7-11f0-bfbd-f2dbc029a3c2', NULL, NULL, NULL, NULL, NULL);
INSERT INTO public.act_ru_identitylink (id_, rev_, group_id_, type_, user_id_, task_id_, proc_inst_id_, proc_def_id_, scope_id_, sub_scope_id_, scope_type_, scope_definition_id_) VALUES ('626b2334-f1f7-11f0-bfbd-f2dbc029a3c2', 1, NULL, 'participant', 'corp-manager-001', NULL, '6262709a-f1f7-11f0-bfbd-f2dbc029a3c2', NULL, NULL, NULL, NULL, NULL);
INSERT INTO public.act_ru_identitylink (id_, rev_, group_id_, type_, user_id_, task_id_, proc_inst_id_, proc_def_id_, scope_id_, sub_scope_id_, scope_type_, scope_definition_id_) VALUES ('626f68f7-f1f7-11f0-bfbd-f2dbc029a3c2', 1, NULL, 'participant', 'anonymousUser', NULL, '6262709a-f1f7-11f0-bfbd-f2dbc029a3c2', NULL, NULL, NULL, NULL, NULL);
INSERT INTO public.act_ru_identitylink (id_, rev_, group_id_, type_, user_id_, task_id_, proc_inst_id_, proc_def_id_, scope_id_, sub_scope_id_, scope_type_, scope_definition_id_) VALUES ('a8eef140-f45e-11f0-9035-568938879cb7', 1, NULL, 'starter', 'tech-director-001', NULL, 'a8eeca2f-f45e-11f0-9035-568938879cb7', NULL, NULL, NULL, NULL, NULL);
INSERT INTO public.act_ru_identitylink (id_, rev_, group_id_, type_, user_id_, task_id_, proc_inst_id_, proc_def_id_, scope_id_, sub_scope_id_, scope_type_, scope_definition_id_) VALUES ('a8fd7039-f45e-11f0-9035-568938879cb7', 1, NULL, 'participant', 'tech-director-001', NULL, 'a8eeca2f-f45e-11f0-9035-568938879cb7', NULL, NULL, NULL, NULL, NULL);
INSERT INTO public.act_ru_identitylink (id_, rev_, group_id_, type_, user_id_, task_id_, proc_inst_id_, proc_def_id_, scope_id_, sub_scope_id_, scope_type_, scope_definition_id_) VALUES ('a902c76c-f45e-11f0-9035-568938879cb7', 1, NULL, 'participant', 'anonymousUser', NULL, 'a8eeca2f-f45e-11f0-9035-568938879cb7', NULL, NULL, NULL, NULL, NULL);
INSERT INTO public.act_ru_identitylink (id_, rev_, group_id_, type_, user_id_, task_id_, proc_inst_id_, proc_def_id_, scope_id_, sub_scope_id_, scope_type_, scope_definition_id_) VALUES ('d95d3ce2-f515-11f0-83bf-1a46ed4020c1', 1, NULL, 'starter', 'purchase-requester-001', NULL, 'd95d15d1-f515-11f0-83bf-1a46ed4020c1', NULL, NULL, NULL, NULL, NULL);
INSERT INTO public.act_ru_identitylink (id_, rev_, group_id_, type_, user_id_, task_id_, proc_inst_id_, proc_def_id_, scope_id_, sub_scope_id_, scope_type_, scope_definition_id_) VALUES ('d971af4b-f515-11f0-83bf-1a46ed4020c1', 1, NULL, 'participant', 'purchase-requester-001', NULL, 'd95d15d1-f515-11f0-83bf-1a46ed4020c1', NULL, NULL, NULL, NULL, NULL);
INSERT INTO public.act_ru_identitylink (id_, rev_, group_id_, type_, user_id_, task_id_, proc_inst_id_, proc_def_id_, scope_id_, sub_scope_id_, scope_type_, scope_definition_id_) VALUES ('d97d962e-f515-11f0-83bf-1a46ed4020c1', 1, NULL, 'participant', 'anonymousUser', NULL, 'd95d15d1-f515-11f0-83bf-1a46ed4020c1', NULL, NULL, NULL, NULL, NULL);
INSERT INTO public.act_ru_identitylink (id_, rev_, group_id_, type_, user_id_, task_id_, proc_inst_id_, proc_def_id_, scope_id_, sub_scope_id_, scope_type_, scope_definition_id_) VALUES ('14c1ffeb-f537-11f0-83bf-1a46ed4020c1', 1, NULL, 'starter', 'purchase-requester-001', NULL, '14c1ffea-f537-11f0-83bf-1a46ed4020c1', NULL, NULL, NULL, NULL, NULL);
INSERT INTO public.act_ru_identitylink (id_, rev_, group_id_, type_, user_id_, task_id_, proc_inst_id_, proc_def_id_, scope_id_, sub_scope_id_, scope_type_, scope_definition_id_) VALUES ('14ceaa28-f537-11f0-83bf-1a46ed4020c1', 1, NULL, 'participant', 'purchase-requester-001', NULL, '14c1ffea-f537-11f0-83bf-1a46ed4020c1', NULL, NULL, NULL, NULL, NULL);
INSERT INTO public.act_ru_identitylink (id_, rev_, group_id_, type_, user_id_, task_id_, proc_inst_id_, proc_def_id_, scope_id_, sub_scope_id_, scope_type_, scope_definition_id_) VALUES ('14d3651d-f537-11f0-83bf-1a46ed4020c1', 1, NULL, 'participant', 'anonymousUser', NULL, '14c1ffea-f537-11f0-83bf-1a46ed4020c1', NULL, NULL, NULL, NULL, NULL);
INSERT INTO public.act_ru_task (id_, rev_, execution_id_, proc_inst_id_, proc_def_id_, task_def_id_, scope_id_, sub_scope_id_, scope_type_, scope_definition_id_, propagated_stage_inst_id_, name_, parent_task_id_, description_, task_def_key_, owner_, assignee_, delegation_, priority_, create_time_, due_date_, category_, suspension_state_, tenant_id_, form_key_, claim_time_, is_count_enabled_, var_count_, id_link_count_, sub_task_count_) VALUES ('2d954002-f132-11f0-bfbd-f2dbc029a3c2', 2, '2d7a8c06-f132-11f0-bfbd-f2dbc029a3c2', '2d7a16d2-f132-11f0-bfbd-f2dbc029a3c2', 'Process_1:2:2d6cf771-f132-11f0-bfbd-f2dbc029a3c2', NULL, NULL, NULL, NULL, NULL, NULL, NULL, NULL, NULL, 'Activity_0mvv5hc', NULL, 'hr-specialist-001', NULL, 50, '2026-01-14 18:17:06.39', NULL, NULL, 1, '', NULL, '2026-01-14 18:19:53.967', true, 0, 0, 0);
INSERT INTO public.act_ru_task (id_, rev_, execution_id_, proc_inst_id_, proc_def_id_, task_def_id_, scope_id_, sub_scope_id_, scope_type_, scope_definition_id_, propagated_stage_inst_id_, name_, parent_task_id_, description_, task_def_key_, owner_, assignee_, delegation_, priority_, create_time_, due_date_, category_, suspension_state_, tenant_id_, form_key_, claim_time_, is_count_enabled_, var_count_, id_link_count_, sub_task_count_) VALUES ('81074a8e-f133-11f0-bfbd-f2dbc029a3c2', 1, '80f6cfc2-f133-11f0-bfbd-f2dbc029a3c2', '80f6a8ae-f133-11f0-bfbd-f2dbc029a3c2', 'Process_1:3:80f1788d-f133-11f0-bfbd-f2dbc029a3c2', NULL, NULL, NULL, NULL, NULL, NULL, NULL, NULL, NULL, 'Activity_0mvv5hc', NULL, NULL, NULL, 50, '2026-01-14 18:26:35.885', NULL, NULL, 1, '', NULL, NULL, true, 0, 0, 0);
INSERT INTO public.act_ru_task (id_, rev_, execution_id_, proc_inst_id_, proc_def_id_, task_def_id_, scope_id_, sub_scope_id_, scope_type_, scope_definition_id_, propagated_stage_inst_id_, name_, parent_task_id_, description_, task_def_key_, owner_, assignee_, delegation_, priority_, create_time_, due_date_, category_, suspension_state_, tenant_id_, form_key_, claim_time_, is_count_enabled_, var_count_, id_link_count_, sub_task_count_) VALUES ('2b99f74f-f1f4-11f0-bfbd-f2dbc029a3c2', 1, '2b8a18c3-f1f4-11f0-bfbd-f2dbc029a3c2', '2b89f1af-f1f4-11f0-bfbd-f2dbc029a3c2', 'Process_1:5:2b85fa0e-f1f4-11f0-bfbd-f2dbc029a3c2', NULL, NULL, NULL, NULL, NULL, NULL, NULL, NULL, NULL, 'Activity_0mvv5hc', NULL, NULL, NULL, 50, '2026-01-15 17:25:45.431', NULL, NULL, 1, '', NULL, NULL, true, 0, 0, 0);
INSERT INTO public.act_ru_task (id_, rev_, execution_id_, proc_inst_id_, proc_def_id_, task_def_id_, scope_id_, sub_scope_id_, scope_type_, scope_definition_id_, propagated_stage_inst_id_, name_, parent_task_id_, description_, task_def_key_, owner_, assignee_, delegation_, priority_, create_time_, due_date_, category_, suspension_state_, tenant_id_, form_key_, claim_time_, is_count_enabled_, var_count_, id_link_count_, sub_task_count_) VALUES ('6f72bcb6-f1f4-11f0-bfbd-f2dbc029a3c2', 2, '6f5f83c8-f1f4-11f0-bfbd-f2dbc029a3c2', '6f5f83c0-f1f4-11f0-bfbd-f2dbc029a3c2', 'Process_1:7:6f5a7aaf-f1f4-11f0-bfbd-f2dbc029a3c2', NULL, NULL, NULL, NULL, NULL, NULL, NULL, NULL, NULL, 'Activity_0mvv5hc', NULL, 'hr-manager-001', NULL, 50, '2026-01-15 17:27:39.259', NULL, NULL, 1, '', NULL, '2026-01-15 17:28:19.748', true, 0, 0, 0);
INSERT INTO public.act_ru_task (id_, rev_, execution_id_, proc_inst_id_, proc_def_id_, task_def_id_, scope_id_, sub_scope_id_, scope_type_, scope_definition_id_, propagated_stage_inst_id_, name_, parent_task_id_, description_, task_def_key_, owner_, assignee_, delegation_, priority_, create_time_, due_date_, category_, suspension_state_, tenant_id_, form_key_, claim_time_, is_count_enabled_, var_count_, id_link_count_, sub_task_count_) VALUES ('6270535a-f1f7-11f0-bfbd-f2dbc029a3c2', 1, '6262709e-f1f7-11f0-bfbd-f2dbc029a3c2', '6262709a-f1f7-11f0-bfbd-f2dbc029a3c2', 'Process_1:9:625d6789-f1f7-11f0-bfbd-f2dbc029a3c2', NULL, NULL, NULL, NULL, NULL, NULL, NULL, NULL, NULL, 'Activity_0mvv5hc', NULL, NULL, NULL, 50, '2026-01-15 17:48:45.923', NULL, NULL, 1, '', NULL, NULL, true, 0, 0, 0);
INSERT INTO public.act_ru_task (id_, rev_, execution_id_, proc_inst_id_, proc_def_id_, task_def_id_, scope_id_, sub_scope_id_, scope_type_, scope_definition_id_, propagated_stage_inst_id_, name_, parent_task_id_, description_, task_def_key_, owner_, assignee_, delegation_, priority_, create_time_, due_date_, category_, suspension_state_, tenant_id_, form_key_, claim_time_, is_count_enabled_, var_count_, id_link_count_, sub_task_count_) VALUES ('a903b1cf-f45e-11f0-9035-568938879cb7', 1, 'a8ef1853-f45e-11f0-9035-568938879cb7', 'a8eeca2f-f45e-11f0-9035-568938879cb7', 'Process_1:10:a8e5062e-f45e-11f0-9035-568938879cb7', NULL, NULL, NULL, NULL, NULL, NULL, NULL, NULL, NULL, 'Activity_0mvv5hc', NULL, NULL, NULL, 50, '2026-01-18 19:13:04.818', NULL, NULL, 1, '', NULL, NULL, true, 0, 0, 0);
INSERT INTO public.act_ru_task (id_, rev_, execution_id_, proc_inst_id_, proc_def_id_, task_def_id_, scope_id_, sub_scope_id_, scope_type_, scope_definition_id_, propagated_stage_inst_id_, name_, parent_task_id_, description_, task_def_key_, owner_, assignee_, delegation_, priority_, create_time_, due_date_, category_, suspension_state_, tenant_id_, form_key_, claim_time_, is_count_enabled_, var_count_, id_link_count_, sub_task_count_) VALUES ('d97ea7a1-f515-11f0-83bf-1a46ed4020c1', 1, 'd95d8b05-f515-11f0-83bf-1a46ed4020c1', 'd95d15d1-f515-11f0-83bf-1a46ed4020c1', 'Process_1:11:d94fcf60-f515-11f0-83bf-1a46ed4020c1', NULL, NULL, NULL, NULL, NULL, NULL, NULL, NULL, NULL, 'Activity_0mvv5hc', NULL, NULL, NULL, 50, '2026-01-19 17:04:24.056', NULL, NULL, 1, '', NULL, NULL, true, 0, 0, 0);
INSERT INTO public.act_ru_task (id_, rev_, execution_id_, proc_inst_id_, proc_def_id_, task_def_id_, scope_id_, sub_scope_id_, scope_type_, scope_definition_id_, propagated_stage_inst_id_, name_, parent_task_id_, description_, task_def_key_, owner_, assignee_, delegation_, priority_, create_time_, due_date_, category_, suspension_state_, tenant_id_, form_key_, claim_time_, is_count_enabled_, var_count_, id_link_count_, sub_task_count_) VALUES ('14d44f80-f537-11f0-83bf-1a46ed4020c1', 1, '14c1fff2-f537-11f0-83bf-1a46ed4020c1', '14c1ffea-f537-11f0-83bf-1a46ed4020c1', 'Process_1:14:14bde139-f537-11f0-83bf-1a46ed4020c1', NULL, NULL, NULL, NULL, NULL, NULL, NULL, NULL, NULL, 'Activity_0mvv5hc', NULL, NULL, NULL, 50, '2026-01-19 21:02:16.995', NULL, NULL, 1, '', NULL, NULL, true, 0, 0, 0);
INSERT INTO public.act_ru_variable (id_, rev_, type_, name_, execution_id_, proc_inst_id_, task_id_, scope_id_, sub_scope_id_, scope_type_, bytearray_id_, double_, long_, text_, text2_, meta_info_) VALUES ('2d7a64f4-f132-11f0-bfbd-f2dbc029a3c2', 1, 'string', 'initiator', '2d7a16d2-f132-11f0-bfbd-f2dbc029a3c2', '2d7a16d2-f132-11f0-bfbd-f2dbc029a3c2', NULL, NULL, NULL, NULL, NULL, NULL, NULL, 'hr-manager-001', NULL, NULL);
INSERT INTO public.act_ru_variable (id_, rev_, type_, name_, execution_id_, proc_inst_id_, task_id_, scope_id_, sub_scope_id_, scope_type_, bytearray_id_, double_, long_, text_, text2_, meta_info_) VALUES ('80f6a8b0-f133-11f0-bfbd-f2dbc029a3c2', 1, 'string', 'initiator', '80f6a8ae-f133-11f0-bfbd-f2dbc029a3c2', '80f6a8ae-f133-11f0-bfbd-f2dbc029a3c2', NULL, NULL, NULL, NULL, NULL, NULL, NULL, 'hr-specialist-001', NULL, NULL);
INSERT INTO public.act_ru_variable (id_, rev_, type_, name_, execution_id_, proc_inst_id_, task_id_, scope_id_, sub_scope_id_, scope_type_, bytearray_id_, double_, long_, text_, text2_, meta_info_) VALUES ('2b8a18c1-f1f4-11f0-bfbd-f2dbc029a3c2', 1, 'string', 'initiator', '2b89f1af-f1f4-11f0-bfbd-f2dbc029a3c2', '2b89f1af-f1f4-11f0-bfbd-f2dbc029a3c2', NULL, NULL, NULL, NULL, NULL, NULL, NULL, 'corp-manager-001', NULL, NULL);
INSERT INTO public.act_ru_variable (id_, rev_, type_, name_, execution_id_, proc_inst_id_, task_id_, scope_id_, sub_scope_id_, scope_type_, bytearray_id_, double_, long_, text_, text2_, meta_info_) VALUES ('6f5f83c2-f1f4-11f0-bfbd-f2dbc029a3c2', 1, 'string', 'Fq63mkdrn28vabc', '6f5f83c0-f1f4-11f0-bfbd-f2dbc029a3c2', '6f5f83c0-f1f4-11f0-bfbd-f2dbc029a3c2', NULL, NULL, NULL, NULL, NULL, NULL, NULL, 'qqq', NULL, NULL);
INSERT INTO public.act_ru_variable (id_, rev_, type_, name_, execution_id_, proc_inst_id_, task_id_, scope_id_, sub_scope_id_, scope_type_, bytearray_id_, double_, long_, text_, text2_, meta_info_) VALUES ('6f5f83c4-f1f4-11f0-bfbd-f2dbc029a3c2', 1, 'null', 'Fxe2mkdrrp95ahc', '6f5f83c0-f1f4-11f0-bfbd-f2dbc029a3c2', '6f5f83c0-f1f4-11f0-bfbd-f2dbc029a3c2', NULL, NULL, NULL, NULL, NULL, NULL, NULL, NULL, NULL, NULL);
INSERT INTO public.act_ru_variable (id_, rev_, type_, name_, execution_id_, proc_inst_id_, task_id_, scope_id_, sub_scope_id_, scope_type_, bytearray_id_, double_, long_, text_, text2_, meta_info_) VALUES ('6f5f83c6-f1f4-11f0-bfbd-f2dbc029a3c2', 1, 'string', 'initiator', '6f5f83c0-f1f4-11f0-bfbd-f2dbc029a3c2', '6f5f83c0-f1f4-11f0-bfbd-f2dbc029a3c2', NULL, NULL, NULL, NULL, NULL, NULL, NULL, 'corp-manager-001', NULL, NULL);
INSERT INTO public.act_ru_variable (id_, rev_, type_, name_, execution_id_, proc_inst_id_, task_id_, scope_id_, sub_scope_id_, scope_type_, bytearray_id_, double_, long_, text_, text2_, meta_info_) VALUES ('6262709c-f1f7-11f0-bfbd-f2dbc029a3c2', 1, 'string', 'initiator', '6262709a-f1f7-11f0-bfbd-f2dbc029a3c2', '6262709a-f1f7-11f0-bfbd-f2dbc029a3c2', NULL, NULL, NULL, NULL, NULL, NULL, NULL, 'corp-manager-001', NULL, NULL);
INSERT INTO public.act_ru_variable (id_, rev_, type_, name_, execution_id_, proc_inst_id_, task_id_, scope_id_, sub_scope_id_, scope_type_, bytearray_id_, double_, long_, text_, text2_, meta_info_) VALUES ('a8eef141-f45e-11f0-9035-568938879cb7', 1, 'string', 'initiator', 'a8eeca2f-f45e-11f0-9035-568938879cb7', 'a8eeca2f-f45e-11f0-9035-568938879cb7', NULL, NULL, NULL, NULL, NULL, NULL, NULL, 'tech-director-001', NULL, NULL);
INSERT INTO public.act_ru_variable (id_, rev_, type_, name_, execution_id_, proc_inst_id_, task_id_, scope_id_, sub_scope_id_, scope_type_, bytearray_id_, double_, long_, text_, text2_, meta_info_) VALUES ('d95d3ce3-f515-11f0-83bf-1a46ed4020c1', 1, 'string', 'initiator', 'd95d15d1-f515-11f0-83bf-1a46ed4020c1', 'd95d15d1-f515-11f0-83bf-1a46ed4020c1', NULL, NULL, NULL, NULL, NULL, NULL, NULL, 'purchase-requester-001', NULL, NULL);
INSERT INTO public.act_ru_variable (id_, rev_, type_, name_, execution_id_, proc_inst_id_, task_id_, scope_id_, sub_scope_id_, scope_type_, bytearray_id_, double_, long_, text_, text2_, meta_info_) VALUES ('14c1ffec-f537-11f0-83bf-1a46ed4020c1', 1, 'string', 'Fq63mkdrn28vabc', '14c1ffea-f537-11f0-83bf-1a46ed4020c1', '14c1ffea-f537-11f0-83bf-1a46ed4020c1', NULL, NULL, NULL, NULL, NULL, NULL, NULL, 'ooo', NULL, NULL);
INSERT INTO public.act_ru_variable (id_, rev_, type_, name_, execution_id_, proc_inst_id_, task_id_, scope_id_, sub_scope_id_, scope_type_, bytearray_id_, double_, long_, text_, text2_, meta_info_) VALUES ('14c1ffee-f537-11f0-83bf-1a46ed4020c1', 1, 'null', 'Fxe2mkdrrp95ahc', '14c1ffea-f537-11f0-83bf-1a46ed4020c1', '14c1ffea-f537-11f0-83bf-1a46ed4020c1', NULL, NULL, NULL, NULL, NULL, NULL, NULL, NULL, NULL, NULL);
INSERT INTO public.act_ru_variable (id_, rev_, type_, name_, execution_id_, proc_inst_id_, task_id_, scope_id_, sub_scope_id_, scope_type_, bytearray_id_, double_, long_, text_, text2_, meta_info_) VALUES ('14c1fff0-f537-11f0-83bf-1a46ed4020c1', 1, 'string', 'initiator', '14c1ffea-f537-11f0-83bf-1a46ed4020c1', '14c1ffea-f537-11f0-83bf-1a46ed4020c1', NULL, NULL, NULL, NULL, NULL, NULL, NULL, 'purchase-requester-001', NULL, NULL);
INSERT INTO public.dw_action_definitions (id, function_unit_id, action_name, action_type, config_json, icon, button_color, description, is_default, created_at, updated_at) VALUES (1, 1, 'Submit', 'PROCESS_SUBMIT', '{}', NULL, 'primary', 'Submit purchase request', true, '2026-01-13 10:38:37.240844', '2026-01-13 10:38:37.240844');
INSERT INTO public.dw_action_definitions (id, function_unit_id, action_name, action_type, config_json, icon, button_color, description, is_default, created_at, updated_at) VALUES (2, 1, 'Approve', 'APPROVE', '{}', NULL, 'success', 'Approve request', true, '2026-01-13 10:38:37.240844', '2026-01-13 10:38:37.240844');
INSERT INTO public.dw_action_definitions (id, function_unit_id, action_name, action_type, config_json, icon, button_color, description, is_default, created_at, updated_at) VALUES (3, 1, 'Reject', 'REJECT', '{}', NULL, 'danger', 'Reject request', false, '2026-01-13 10:38:37.240844', '2026-01-13 10:38:37.240844');
INSERT INTO public.dw_action_definitions (id, function_unit_id, action_name, action_type, config_json, icon, button_color, description, is_default, created_at, updated_at) VALUES (4, 1, 'Transfer', 'TRANSFER', '{}', NULL, 'warning', 'Transfer task', false, '2026-01-13 10:38:37.240844', '2026-01-13 10:38:37.240844');
INSERT INTO public.dw_action_definitions (id, function_unit_id, action_name, action_type, config_json, icon, button_color, description, is_default, created_at, updated_at) VALUES (5, 1, 'Delegate', 'DELEGATE', '{}', NULL, 'info', 'Delegate task', false, '2026-01-13 10:38:37.240844', '2026-01-13 10:38:37.240844');
INSERT INTO public.dw_action_definitions (id, function_unit_id, action_name, action_type, config_json, icon, button_color, description, is_default, created_at, updated_at) VALUES (6, 1, 'Rollback', 'ROLLBACK', '{}', NULL, 'warning', 'Rollback to previous step', false, '2026-01-13 10:38:37.240844', '2026-01-13 10:38:37.240844');
INSERT INTO public.dw_action_definitions (id, function_unit_id, action_name, action_type, config_json, icon, button_color, description, is_default, created_at, updated_at) VALUES (7, 1, 'Withdraw', 'WITHDRAW', '{}', NULL, 'danger', 'Withdraw request', false, '2026-01-13 10:38:37.240844', '2026-01-13 10:38:37.240844');
INSERT INTO public.dw_action_definitions (id, function_unit_id, action_name, action_type, config_json, icon, button_color, description, is_default, created_at, updated_at) VALUES (8, 1, 'Query Budget', 'API_CALL', '{}', NULL, 'info', 'Query budget information', false, '2026-01-13 10:38:37.240844', '2026-01-13 10:38:37.240844');
INSERT INTO public.dw_action_definitions (id, function_unit_id, action_name, action_type, config_json, icon, button_color, description, is_default, created_at, updated_at) VALUES (9, 1, 'Select Supplier', 'FORM_POPUP', '{}', NULL, 'primary', 'Open supplier selection form', false, '2026-01-13 10:38:37.240844', '2026-01-13 10:38:37.240844');
INSERT INTO public.dw_action_definitions (id, function_unit_id, action_name, action_type, config_json, icon, button_color, description, is_default, created_at, updated_at) VALUES (10, 1, 'Calculate Total', 'CUSTOM_SCRIPT', '{}', NULL, 'info', 'Calculate total amount', false, '2026-01-13 10:38:37.240844', '2026-01-13 10:38:37.240844');
INSERT INTO public.dw_action_definitions (id, function_unit_id, action_name, action_type, config_json, icon, button_color, description, is_default, created_at, updated_at) VALUES (11, 2, 'testAction', 'CUSTOM_SCRIPT', '{"url": "", "body": "", "formId": null, "method": "POST", "script": "console.alert(''!'')", "headers": "", "targetStep": "", "dialogTitle": "", "dialogWidth": "600px", "targetStatus": "", "confirmMessage": "", "requireComment": false, "requireAssignee": false}', NULL, NULL, '', false, '2026-01-14 08:49:55.586904', '2026-01-14 08:50:31.74478');
INSERT INTO public.dw_action_definitions (id, function_unit_id, action_name, action_type, config_json, icon, button_color, description, is_default, created_at, updated_at) VALUES (12, 2, 'l', 'APPROVE', '{}', NULL, NULL, '', true, '2026-01-15 11:43:34.338311', '2026-01-15 11:43:34.338311');
INSERT INTO public.dw_field_definitions (id, table_id, field_name, data_type, length, precision_value, scale, nullable, default_value, is_primary_key, is_unique, description, sort_order) VALUES (1, 1, 'request_no', 'VARCHAR', 50, NULL, NULL, false, NULL, false, true, 'Request Number', 1);
INSERT INTO public.dw_field_definitions (id, table_id, field_name, data_type, length, precision_value, scale, nullable, default_value, is_primary_key, is_unique, description, sort_order) VALUES (2, 1, 'title', 'VARCHAR', 200, NULL, NULL, false, NULL, false, false, 'Request Title', 2);
INSERT INTO public.dw_field_definitions (id, table_id, field_name, data_type, length, precision_value, scale, nullable, default_value, is_primary_key, is_unique, description, sort_order) VALUES (3, 1, 'applicant', 'VARCHAR', 50, NULL, NULL, false, NULL, false, false, 'Applicant', 3);
INSERT INTO public.dw_field_definitions (id, table_id, field_name, data_type, length, precision_value, scale, nullable, default_value, is_primary_key, is_unique, description, sort_order) VALUES (4, 1, 'department', 'VARCHAR', 100, NULL, NULL, false, NULL, false, false, 'Department', 4);
INSERT INTO public.dw_field_definitions (id, table_id, field_name, data_type, length, precision_value, scale, nullable, default_value, is_primary_key, is_unique, description, sort_order) VALUES (5, 1, 'apply_date', 'DATE', NULL, NULL, NULL, false, NULL, false, false, 'Apply Date', 5);
INSERT INTO public.dw_field_definitions (id, table_id, field_name, data_type, length, precision_value, scale, nullable, default_value, is_primary_key, is_unique, description, sort_order) VALUES (6, 1, 'purchase_type', 'VARCHAR', 50, NULL, NULL, false, NULL, false, false, 'Purchase Type', 6);
INSERT INTO public.dw_field_definitions (id, table_id, field_name, data_type, length, precision_value, scale, nullable, default_value, is_primary_key, is_unique, description, sort_order) VALUES (7, 1, 'urgency', 'VARCHAR', 20, NULL, NULL, false, NULL, false, false, 'Urgency Level', 7);
INSERT INTO public.dw_field_definitions (id, table_id, field_name, data_type, length, precision_value, scale, nullable, default_value, is_primary_key, is_unique, description, sort_order) VALUES (8, 1, 'total_amount', 'DECIMAL', NULL, 18, 2, false, NULL, false, false, 'Total Amount', 8);
INSERT INTO public.dw_field_definitions (id, table_id, field_name, data_type, length, precision_value, scale, nullable, default_value, is_primary_key, is_unique, description, sort_order) VALUES (9, 1, 'currency', 'VARCHAR', 10, NULL, NULL, true, 'CNY', false, false, 'Currency', 9);
INSERT INTO public.dw_field_definitions (id, table_id, field_name, data_type, length, precision_value, scale, nullable, default_value, is_primary_key, is_unique, description, sort_order) VALUES (10, 1, 'reason', 'TEXT', 2000, NULL, NULL, false, NULL, false, false, 'Purchase Reason', 10);
INSERT INTO public.dw_field_definitions (id, table_id, field_name, data_type, length, precision_value, scale, nullable, default_value, is_primary_key, is_unique, description, sort_order) VALUES (11, 1, 'expected_delivery_date', 'DATE', NULL, NULL, NULL, true, NULL, false, false, 'Expected Delivery Date', 11);
INSERT INTO public.dw_field_definitions (id, table_id, field_name, data_type, length, precision_value, scale, nullable, default_value, is_primary_key, is_unique, description, sort_order) VALUES (12, 1, 'delivery_address', 'VARCHAR', 500, NULL, NULL, true, NULL, false, false, 'Delivery Address', 12);
INSERT INTO public.dw_field_definitions (id, table_id, field_name, data_type, length, precision_value, scale, nullable, default_value, is_primary_key, is_unique, description, sort_order) VALUES (13, 1, 'contact_person', 'VARCHAR', 50, NULL, NULL, true, NULL, false, false, 'Contact Person', 13);
INSERT INTO public.dw_field_definitions (id, table_id, field_name, data_type, length, precision_value, scale, nullable, default_value, is_primary_key, is_unique, description, sort_order) VALUES (14, 1, 'contact_phone', 'VARCHAR', 20, NULL, NULL, true, NULL, false, false, 'Contact Phone', 14);
INSERT INTO public.dw_field_definitions (id, table_id, field_name, data_type, length, precision_value, scale, nullable, default_value, is_primary_key, is_unique, description, sort_order) VALUES (15, 1, 'attachments', 'TEXT', NULL, NULL, NULL, true, NULL, false, false, 'Attachments', 15);
INSERT INTO public.dw_field_definitions (id, table_id, field_name, data_type, length, precision_value, scale, nullable, default_value, is_primary_key, is_unique, description, sort_order) VALUES (16, 1, 'remarks', 'TEXT', 1000, NULL, NULL, true, NULL, false, false, 'Remarks', 16);
INSERT INTO public.dw_field_definitions (id, table_id, field_name, data_type, length, precision_value, scale, nullable, default_value, is_primary_key, is_unique, description, sort_order) VALUES (17, 1, 'status', 'VARCHAR', 20, NULL, NULL, true, 'DRAFT', false, false, 'Status', 17);
INSERT INTO public.dw_field_definitions (id, table_id, field_name, data_type, length, precision_value, scale, nullable, default_value, is_primary_key, is_unique, description, sort_order) VALUES (18, 2, 'item_name', 'VARCHAR', 200, NULL, NULL, false, NULL, false, false, 'Item Name', 1);
INSERT INTO public.dw_field_definitions (id, table_id, field_name, data_type, length, precision_value, scale, nullable, default_value, is_primary_key, is_unique, description, sort_order) VALUES (19, 2, 'specification', 'VARCHAR', 200, NULL, NULL, true, NULL, false, false, 'Specification', 2);
INSERT INTO public.dw_field_definitions (id, table_id, field_name, data_type, length, precision_value, scale, nullable, default_value, is_primary_key, is_unique, description, sort_order) VALUES (20, 2, 'unit', 'VARCHAR', 20, NULL, NULL, true, NULL, false, false, 'Unit', 3);
INSERT INTO public.dw_field_definitions (id, table_id, field_name, data_type, length, precision_value, scale, nullable, default_value, is_primary_key, is_unique, description, sort_order) VALUES (21, 2, 'quantity', 'INTEGER', NULL, NULL, NULL, false, NULL, false, false, 'Quantity', 4);
INSERT INTO public.dw_field_definitions (id, table_id, field_name, data_type, length, precision_value, scale, nullable, default_value, is_primary_key, is_unique, description, sort_order) VALUES (22, 2, 'unit_price', 'DECIMAL', NULL, 18, 2, true, NULL, false, false, 'Unit Price', 5);
INSERT INTO public.dw_field_definitions (id, table_id, field_name, data_type, length, precision_value, scale, nullable, default_value, is_primary_key, is_unique, description, sort_order) VALUES (23, 2, 'amount', 'DECIMAL', NULL, 18, 2, true, NULL, false, false, 'Amount', 6);
INSERT INTO public.dw_field_definitions (id, table_id, field_name, data_type, length, precision_value, scale, nullable, default_value, is_primary_key, is_unique, description, sort_order) VALUES (24, 2, 'item_remarks', 'TEXT', 500, NULL, NULL, true, NULL, false, false, 'Remarks', 7);
INSERT INTO public.dw_field_definitions (id, table_id, field_name, data_type, length, precision_value, scale, nullable, default_value, is_primary_key, is_unique, description, sort_order) VALUES (25, 3, 'supplier_name', 'VARCHAR', 200, NULL, NULL, false, NULL, false, false, 'Supplier Name', 1);
INSERT INTO public.dw_field_definitions (id, table_id, field_name, data_type, length, precision_value, scale, nullable, default_value, is_primary_key, is_unique, description, sort_order) VALUES (26, 3, 'supplier_code', 'VARCHAR', 50, NULL, NULL, true, NULL, false, false, 'Supplier Code', 2);
INSERT INTO public.dw_field_definitions (id, table_id, field_name, data_type, length, precision_value, scale, nullable, default_value, is_primary_key, is_unique, description, sort_order) VALUES (27, 3, 'supplier_contact', 'VARCHAR', 50, NULL, NULL, true, NULL, false, false, 'Contact Person', 3);
INSERT INTO public.dw_field_definitions (id, table_id, field_name, data_type, length, precision_value, scale, nullable, default_value, is_primary_key, is_unique, description, sort_order) VALUES (28, 3, 'supplier_phone', 'VARCHAR', 20, NULL, NULL, true, NULL, false, false, 'Contact Phone', 4);
INSERT INTO public.dw_field_definitions (id, table_id, field_name, data_type, length, precision_value, scale, nullable, default_value, is_primary_key, is_unique, description, sort_order) VALUES (29, 3, 'supplier_address', 'VARCHAR', 500, NULL, NULL, true, NULL, false, false, 'Address', 5);
INSERT INTO public.dw_field_definitions (id, table_id, field_name, data_type, length, precision_value, scale, nullable, default_value, is_primary_key, is_unique, description, sort_order) VALUES (30, 4, 'budget_code', 'VARCHAR', 50, NULL, NULL, false, NULL, false, false, 'Budget Code', 1);
INSERT INTO public.dw_field_definitions (id, table_id, field_name, data_type, length, precision_value, scale, nullable, default_value, is_primary_key, is_unique, description, sort_order) VALUES (31, 4, 'budget_name', 'VARCHAR', 200, NULL, NULL, true, NULL, false, false, 'Budget Name', 2);
INSERT INTO public.dw_field_definitions (id, table_id, field_name, data_type, length, precision_value, scale, nullable, default_value, is_primary_key, is_unique, description, sort_order) VALUES (32, 4, 'budget_amount', 'DECIMAL', NULL, 18, 2, true, NULL, false, false, 'Budget Amount', 3);
INSERT INTO public.dw_field_definitions (id, table_id, field_name, data_type, length, precision_value, scale, nullable, default_value, is_primary_key, is_unique, description, sort_order) VALUES (33, 4, 'used_amount', 'DECIMAL', NULL, 18, 2, true, NULL, false, false, 'Used Amount', 4);
INSERT INTO public.dw_field_definitions (id, table_id, field_name, data_type, length, precision_value, scale, nullable, default_value, is_primary_key, is_unique, description, sort_order) VALUES (34, 4, 'available_amount', 'DECIMAL', NULL, 18, 2, true, NULL, false, false, 'Available Amount', 5);
INSERT INTO public.dw_field_definitions (id, table_id, field_name, data_type, length, precision_value, scale, nullable, default_value, is_primary_key, is_unique, description, sort_order) VALUES (35, 5, 'approver', 'VARCHAR', 50, NULL, NULL, false, NULL, false, false, 'Approver', 1);
INSERT INTO public.dw_field_definitions (id, table_id, field_name, data_type, length, precision_value, scale, nullable, default_value, is_primary_key, is_unique, description, sort_order) VALUES (36, 5, 'approve_time', 'TIMESTAMP', NULL, NULL, NULL, false, NULL, false, false, 'Approve Time', 2);
INSERT INTO public.dw_field_definitions (id, table_id, field_name, data_type, length, precision_value, scale, nullable, default_value, is_primary_key, is_unique, description, sort_order) VALUES (37, 5, 'approve_result', 'VARCHAR', 20, NULL, NULL, false, NULL, false, false, 'Approve Result', 3);
INSERT INTO public.dw_field_definitions (id, table_id, field_name, data_type, length, precision_value, scale, nullable, default_value, is_primary_key, is_unique, description, sort_order) VALUES (38, 5, 'approve_comment', 'TEXT', 1000, NULL, NULL, true, NULL, false, false, 'Approve Comment', 4);
INSERT INTO public.dw_field_definitions (id, table_id, field_name, data_type, length, precision_value, scale, nullable, default_value, is_primary_key, is_unique, description, sort_order) VALUES (39, 5, 'task_name', 'VARCHAR', 100, NULL, NULL, true, NULL, false, false, 'Task Name', 5);
INSERT INTO public.dw_field_definitions (id, table_id, field_name, data_type, length, precision_value, scale, nullable, default_value, is_primary_key, is_unique, description, sort_order) VALUES (40, 6, 'signer', 'VARCHAR', 50, NULL, NULL, false, NULL, false, false, 'Signer', 1);
INSERT INTO public.dw_field_definitions (id, table_id, field_name, data_type, length, precision_value, scale, nullable, default_value, is_primary_key, is_unique, description, sort_order) VALUES (41, 6, 'signer_dept', 'VARCHAR', 100, NULL, NULL, true, NULL, false, false, 'Signer Department', 2);
INSERT INTO public.dw_field_definitions (id, table_id, field_name, data_type, length, precision_value, scale, nullable, default_value, is_primary_key, is_unique, description, sort_order) VALUES (42, 6, 'sign_time', 'TIMESTAMP', NULL, NULL, NULL, true, NULL, false, false, 'Sign Time', 3);
INSERT INTO public.dw_field_definitions (id, table_id, field_name, data_type, length, precision_value, scale, nullable, default_value, is_primary_key, is_unique, description, sort_order) VALUES (43, 6, 'sign_result', 'VARCHAR', 20, NULL, NULL, true, NULL, false, false, 'Sign Result', 4);
INSERT INTO public.dw_field_definitions (id, table_id, field_name, data_type, length, precision_value, scale, nullable, default_value, is_primary_key, is_unique, description, sort_order) VALUES (44, 6, 'sign_comment', 'TEXT', 1000, NULL, NULL, true, NULL, false, false, 'Sign Comment', 5);
INSERT INTO public.dw_field_definitions (id, table_id, field_name, data_type, length, precision_value, scale, nullable, default_value, is_primary_key, is_unique, description, sort_order) VALUES (62, 7, 'aaa', 'VARCHAR', 255, NULL, NULL, true, NULL, false, false, '', 0);
INSERT INTO public.dw_field_definitions (id, table_id, field_name, data_type, length, precision_value, scale, nullable, default_value, is_primary_key, is_unique, description, sort_order) VALUES (63, 7, 'bbbb', 'VARCHAR', 255, NULL, NULL, true, NULL, false, false, '', 1);
INSERT INTO public.dw_field_definitions (id, table_id, field_name, data_type, length, precision_value, scale, nullable, default_value, is_primary_key, is_unique, description, sort_order) VALUES (64, 7, 'jjj', 'VARCHAR', 255, NULL, NULL, true, NULL, false, false, '', 2);
INSERT INTO public.dw_form_definitions (id, function_unit_id, form_name, form_type, config_json, description, bound_table_id, created_at, updated_at) VALUES (1, 1, 'Purchase Request Main Form', 'MAIN', '{}', 'Main form for purchase request with basic information', NULL, '2026-01-13 10:38:37.240844', '2026-01-13 10:38:37.240844');
INSERT INTO public.dw_form_definitions (id, function_unit_id, form_name, form_type, config_json, description, bound_table_id, created_at, updated_at) VALUES (2, 1, 'Purchase Items Form', 'SUB', '{}', 'Sub form for purchase item details', NULL, '2026-01-13 10:38:37.240844', '2026-01-13 10:38:37.240844');
INSERT INTO public.dw_form_definitions (id, function_unit_id, form_name, form_type, config_json, description, bound_table_id, created_at, updated_at) VALUES (3, 1, 'Approval Form', 'ACTION', '{}', 'Action form for approval operations', NULL, '2026-01-13 10:38:37.240844', '2026-01-13 10:38:37.240844');
INSERT INTO public.dw_form_definitions (id, function_unit_id, form_name, form_type, config_json, description, bound_table_id, created_at, updated_at) VALUES (4, 1, 'Supplier Selection Form', 'POPUP', '{}', 'Popup form for supplier selection', NULL, '2026-01-13 10:38:37.240844', '2026-01-13 10:38:37.240844');
INSERT INTO public.dw_form_definitions (id, function_unit_id, form_name, form_type, config_json, description, bound_table_id, created_at, updated_at) VALUES (5, 1, 'Budget Query Form', 'ACTION', '{}', 'Action form for budget query', NULL, '2026-01-13 10:38:37.240844', '2026-01-13 10:38:37.240844');
INSERT INTO public.dw_form_definitions (id, function_unit_id, form_name, form_type, config_json, description, bound_table_id, created_at, updated_at) VALUES (6, 1, 'Countersign Form', 'ACTION', '{}', 'Action form for countersign operations', NULL, '2026-01-13 10:38:37.240844', '2026-01-13 10:38:37.240844');
INSERT INTO public.dw_form_definitions (id, function_unit_id, form_name, form_type, config_json, description, bound_table_id, created_at, updated_at) VALUES (7, 2, 'testForm', 'MAIN', '{"rule": [{"info": "", "name": "ref_Fnvimkdrn28vadc", "type": "input", "field": "Fq63mkdrn28vabc", "props": {"type": "text", "clearable": true, "maxlength": 5}, "title": "输入框", "_fc_id": "id_Foanmkdrn28vacc", "hidden": false, "display": true, "$required": false, "_fc_drag_tag": "input"}, {"info": "", "name": "ref_F4m8mkdrrp95ajc", "type": "colorPicker", "field": "Fxe2mkdrrp95ahc", "title": "颜色选择器", "_fc_id": "id_Fuxfmkdrrp95aic", "hidden": false, "display": true, "$required": false, "_fc_drag_tag": "colorPicker"}], "options": {"form": {"size": "default", "inline": false, "labelWidth": "125px", "labelPosition": "right", "hideRequiredAsterisk": false}, "resetBtn": {"show": false, "innerText": "重置"}, "submitBtn": {"show": true, "innerText": "提交"}}}', '', NULL, '2026-01-14 08:05:50.854036', '2026-01-14 08:39:25.565246');
INSERT INTO public.dw_form_table_bindings (id, form_id, table_id, binding_type, binding_mode, foreign_key_field, sort_order, created_at, updated_at) VALUES (1, 1, 1, 'PRIMARY', 'EDITABLE', NULL, 0, '2026-01-13 10:38:37.240844', NULL);
INSERT INTO public.dw_form_table_bindings (id, form_id, table_id, binding_type, binding_mode, foreign_key_field, sort_order, created_at, updated_at) VALUES (2, 1, 2, 'SUB', 'EDITABLE', 'request_id', 1, '2026-01-13 10:38:37.240844', NULL);
INSERT INTO public.dw_form_table_bindings (id, form_id, table_id, binding_type, binding_mode, foreign_key_field, sort_order, created_at, updated_at) VALUES (3, 1, 3, 'RELATED', 'EDITABLE', 'request_id', 2, '2026-01-13 10:38:37.240844', NULL);
INSERT INTO public.dw_form_table_bindings (id, form_id, table_id, binding_type, binding_mode, foreign_key_field, sort_order, created_at, updated_at) VALUES (4, 2, 2, 'PRIMARY', 'EDITABLE', NULL, 0, '2026-01-13 10:38:37.240844', NULL);
INSERT INTO public.dw_form_table_bindings (id, form_id, table_id, binding_type, binding_mode, foreign_key_field, sort_order, created_at, updated_at) VALUES (5, 3, 1, 'PRIMARY', 'READONLY', NULL, 0, '2026-01-13 10:38:37.240844', NULL);
INSERT INTO public.dw_form_table_bindings (id, form_id, table_id, binding_type, binding_mode, foreign_key_field, sort_order, created_at, updated_at) VALUES (6, 3, 5, 'SUB', 'EDITABLE', 'request_id', 1, '2026-01-13 10:38:37.240844', NULL);
INSERT INTO public.dw_form_table_bindings (id, form_id, table_id, binding_type, binding_mode, foreign_key_field, sort_order, created_at, updated_at) VALUES (7, 6, 1, 'PRIMARY', 'READONLY', NULL, 0, '2026-01-13 10:38:37.240844', NULL);
INSERT INTO public.dw_form_table_bindings (id, form_id, table_id, binding_type, binding_mode, foreign_key_field, sort_order, created_at, updated_at) VALUES (8, 6, 6, 'SUB', 'EDITABLE', 'request_id', 1, '2026-01-13 10:38:37.240844', NULL);
INSERT INTO public.dw_form_table_bindings (id, form_id, table_id, binding_type, binding_mode, foreign_key_field, sort_order, created_at, updated_at) VALUES (9, 7, 7, 'PRIMARY', 'READONLY', NULL, 0, '2026-01-14 08:21:45.643529', '2026-01-15 11:53:16.965536');
INSERT INTO public.dw_function_units (id, name, description, icon_id, status, current_version, created_by, created_at, updated_by, updated_at, code) VALUES (1, '采购申请', '采购申请流程，支持多级审批、金额分级、部门会签等功能，覆盖所有任务分配类型和8种动作类型', 1, 'DRAFT', NULL, 'system', '2026-01-13 10:38:37.240844', NULL, '2026-01-13 10:38:37.240844', 'fu-purchase-request');
INSERT INTO public.dw_function_units (id, name, description, icon_id, status, current_version, created_by, created_at, updated_by, updated_at, code) VALUES (2, 'Test0', '', 3, 'PUBLISHED', '1.0.6', 'tech-director-001', '2026-01-14 08:04:04.398815', 'tech-director-001', '2026-01-19 13:01:30.773663', 'fu-20260114-paed3z');
INSERT INTO public.dw_icons (id, name, category, svg_content, file_size, description, created_by, created_at, updated_by, updated_at) VALUES (2, 'accessibility-svgrepo-com', 'GENERAL', '<?xml version="1.0" encoding="utf-8"?><svg width="800px" height="800px" viewBox="0 0 16 16" fill="none" xmlns="http://www.w3.org/2000/svg"><path fill-rule="evenodd" clip-rule="evenodd" d="M16 8C16 12.4183 12.4183 16 8 16C3.58172 16 0 12.4183 0 8C0 3.58172 3.58172 0 8 0C12.4183 0 16 3.58172 16 8ZM9.25 3.75C9.25 4.44036 8.69036 5 8 5C7.30964 5 6.75 4.44036 6.75 3.75C6.75 3.05964 7.30964 2.5 8 2.5C8.69036 2.5 9.25 3.05964 9.25 3.75ZM12 8H9.41901L11.2047 13H9.081L8 9.97321L6.91901 13H4.79528L6.581 8H4V6H12V8Z" fill="#000000"/></svg>', 620, NULL, 'system', '2026-01-13 18:49:50.185451', 'system', '2026-01-13 18:49:50.185451');
INSERT INTO public.dw_icons (id, name, category, svg_content, file_size, description, created_by, created_at, updated_by, updated_at) VALUES (3, 'chef-man-cap-svgrepo-com', 'GENERAL', '<?xml version="1.0" ?><svg fill="#000000" width="800px" height="800px" viewBox="0 0 32 32" xmlns="http://www.w3.org/2000/svg" id="Layer_1" data-name="Layer 1"><path d="M8.49,12.68v4.61c0,.34,.23,.61,.53,.71v5.48c0,.13-.14,3.21,1.88,5.34,1.22,1.28,2.93,1.94,5.09,1.94s3.88-.65,5.09-1.94c2.02-2.13,1.89-5.21,1.88-5.3v-5.52c.3-.1,.53-.37,.53-.71v-4.61c1.71-.69,2.92-2.36,2.92-4.32,0-2.57-2.09-4.67-4.67-4.67-.49,0-.98,.08-1.46,.23-1.09-1.67-2.93-2.68-4.94-2.68s-3.68,.91-4.79,2.46c-2.74-.22-5.01,1.96-5.01,4.65,0,1.96,1.21,3.63,2.92,4.32Zm11.51,15.11c-.92,.97-2.27,1.46-4,1.46s-3.07-.49-4-1.46c-1.58-1.66-1.48-4.21-1.48-4.28v-5.48h10.96v5.51s.1,2.58-1.48,4.24Zm2.01-14.77v3.51H9.99v-3.51h12.02ZM10.23,5.19c.21,0,.4,.02,.59,.05,.3,.05,.61-.09,.77-.35,.81-1.34,2.22-2.15,3.78-2.15,1.68,0,3.19,.94,3.95,2.45,.09,.18,.25,.31,.43,.38,.19,.06,.39,.05,.57-.04,.45-.23,.95-.35,1.44-.35,1.75,0,3.17,1.42,3.17,3.17s-1.42,3.17-3.17,3.17H10.23c-1.75,0-3.17-1.42-3.17-3.17s1.42-3.17,3.17-3.17Z"/><path d="M14.26,5.25c1.5,.28,2.59,1.59,2.59,3.11,0,.41,.34,.75,.75,.75s.75-.34,.75-.75c0-2.24-1.6-4.17-3.81-4.59-.4-.07-.8,.19-.88,.6-.08,.41,.19,.8,.6,.88Z"/><circle cx="13.32" cy="20.07" r="1.25"/><circle cx="18.68" cy="20.07" r="1.25"/><path d="M17.56,24.5h-3.12c-.41,0-.75,.34-.75,.75s.34,.75,.75,.75h3.12c.41,0,.75-.34,.75-.75s-.34-.75-.75-.75Z"/></svg>', 1420, NULL, 'tech-director-001', '2026-01-14 15:49:10.477524', 'tech-director-001', '2026-01-14 15:49:10.477524');
INSERT INTO public.dw_icons (id, name, category, svg_content, file_size, description, created_by, created_at, updated_by, updated_at) VALUES (1, 'credit-card', 'PAYMENT', '<svg></svg>', NULL, NULL, NULL, '2026-01-13 10:38:35.507055', NULL, '2026-01-13 10:38:35.507055');
INSERT INTO public.dw_process_definitions (id, function_unit_id, bpmn_xml, created_at, updated_at) VALUES (1, 1, 'PD94bWwgdmVyc2lvbj0iMS4wIiBlbmNvZGluZz0iVVRGLTgiPz4NCjxicG1uOmRlZmluaXRpb25zIA0KICAgIHhtbG5zOmJwbW49Imh0dHA6Ly93d3cub21nLm9yZy9zcGVjL0JQTU4vMjAxMDA1MjQvTU9ERUwiIA0KICAgIHhtbG5zOmJwbW5kaT0iaHR0cDovL3d3dy5vbWcub3JnL3NwZWMvQlBNTi8yMDEwMDUyNC9ESSINCiAgICB4bWxuczpkYz0iaHR0cDovL3d3dy5vbWcub3JnL3NwZWMvREQvMjAxMDA1MjQvREMiDQogICAgeG1sbnM6ZGk9Imh0dHA6Ly93d3cub21nLm9yZy9zcGVjL0RELzIwMTAwNTI0L0RJIg0KICAgIHhtbG5zOnhzaT0iaHR0cDovL3d3dy53My5vcmcvMjAwMS9YTUxTY2hlbWEtaW5zdGFuY2UiDQogICAgeG1sbnM6Y3VzdG9tPSJodHRwOi8vY3VzdG9tLmJwbW4uaW8vc2NoZW1hIg0KICAgIGlkPSJEZWZpbml0aW9uc19QdXJjaGFzZVJlcXVlc3QiIA0KICAgIHRhcmdldE5hbWVzcGFjZT0iaHR0cDovL3dvcmtmbG93LmV4YW1wbGUuY29tL3B1cmNoYXNlLXJlcXVlc3QiPg0KICA8YnBtbjpwcm9jZXNzIGlkPSJQcm9jZXNzX1B1cmNoYXNlUmVxdWVzdCIgbmFtZT0iUHVyY2hhc2UgUmVxdWVzdCBQcm9jZXNzIiBpc0V4ZWN1dGFibGU9InRydWUiPg0KICAgIDxicG1uOmV4dGVuc2lvbkVsZW1lbnRzPg0KICAgICAgPGN1c3RvbTpwcm9wZXJ0aWVzPg0KICAgICAgICA8Y3VzdG9tOnByb3BlcnR5IG5hbWU9Imdsb2JhbEFjdGlvbklkcyIgdmFsdWU9IlsyNiwyOV0iLz4NCiAgICAgIDwvY3VzdG9tOnByb3BlcnRpZXM+DQogICAgPC9icG1uOmV4dGVuc2lvbkVsZW1lbnRzPg0KICAgIA0KICAgIDxicG1uOnN0YXJ0RXZlbnQgaWQ9IlN0YXJ0RXZlbnRfMSIgbmFtZT0iU3RhcnQiPg0KICAgICAgPGJwbW46b3V0Z29pbmc+Rmxvd18xPC9icG1uOm91dGdvaW5nPg0KICAgIDwvYnBtbjpzdGFydEV2ZW50Pg0KICAgIA0KICAgIDxicG1uOnVzZXJUYXNrIGlkPSJUYXNrX1N1Ym1pdCIgbmFtZT0iU3VibWl0IFJlcXVlc3QiPg0KICAgICAgPGJwbW46ZXh0ZW5zaW9uRWxlbWVudHM+DQogICAgICAgIDxjdXN0b206cHJvcGVydGllcz4NCiAgICAgICAgICA8Y3VzdG9tOnByb3BlcnR5IG5hbWU9ImZvcm1JZCIgdmFsdWU9IjExIi8+DQogICAgICAgICAgPGN1c3RvbTpwcm9wZXJ0eSBuYW1lPSJmb3JtTmFtZSIgdmFsdWU9IlB1cmNoYXNlIFJlcXVlc3QgTWFpbiBGb3JtIi8+DQogICAgICAgICAgPGN1c3RvbTpwcm9wZXJ0eSBuYW1lPSJmb3JtUmVhZE9ubHkiIHZhbHVlPSJmYWxzZSIvPg0KICAgICAgICAgIDxjdXN0b206cHJvcGVydHkgbmFtZT0iYWN0aW9uSWRzIiB2YWx1ZT0iWzIxLDI5XSIvPg0KICAgICAgICAgIDxjdXN0b206cHJvcGVydHkgbmFtZT0iYXNzaWduZWVUeXBlIiB2YWx1ZT0iSU5JVElBVE9SIi8+DQogICAgICAgICAgPGN1c3RvbTpwcm9wZXJ0eSBuYW1lPSJhc3NpZ25lZUxhYmVsIiB2YWx1ZT0iSW5pdGlhdG9yIi8+DQogICAgICAgIDwvY3VzdG9tOnByb3BlcnRpZXM+DQogICAgICA8L2JwbW46ZXh0ZW5zaW9uRWxlbWVudHM+DQogICAgICA8YnBtbjppbmNvbWluZz5GbG93XzE8L2JwbW46aW5jb21pbmc+DQogICAgICA8YnBtbjpvdXRnb2luZz5GbG93XzI8L2JwbW46b3V0Z29pbmc+DQogICAgPC9icG1uOnVzZXJUYXNrPg0KICAgIA0KICAgIDxicG1uOnVzZXJUYXNrIGlkPSJUYXNrX0RlcHRSZXZpZXciIG5hbWU9IkRlcGFydG1lbnQgUmV2aWV3Ij4NCiAgICAgIDxicG1uOmV4dGVuc2lvbkVsZW1lbnRzPg0KICAgICAgICA8Y3VzdG9tOnByb3BlcnRpZXM+DQogICAgICAgICAgPGN1c3RvbTpwcm9wZXJ0eSBuYW1lPSJmb3JtSWQiIHZhbHVlPSIxMyIvPg0KICAgICAgICAgIDxjdXN0b206cHJvcGVydHkgbmFtZT0iZm9ybU5hbWUiIHZhbHVlPSJBcHByb3ZhbCBGb3JtIi8+DQogICAgICAgICAgPGN1c3RvbTpwcm9wZXJ0eSBuYW1lPSJmb3JtUmVhZE9ubHkiIHZhbHVlPSJmYWxzZSIvPg0KICAgICAgICAgIDxjdXN0b206cHJvcGVydHkgbmFtZT0iYWN0aW9uSWRzIiB2YWx1ZT0iWzIyLDIzLDI0LDI1XSIvPg0KICAgICAgICAgIDxjdXN0b206cHJvcGVydHkgbmFtZT0iYXNzaWduZWVUeXBlIiB2YWx1ZT0iREVQVF9PVEhFUlMiLz4NCiAgICAgICAgICA8Y3VzdG9tOnByb3BlcnR5IG5hbWU9ImFzc2lnbmVlTGFiZWwiIHZhbHVlPSJEZXBhcnRtZW50IE90aGVycyIvPg0KICAgICAgICA8L2N1c3RvbTpwcm9wZXJ0aWVzPg0KICAgICAgPC9icG1uOmV4dGVuc2lvbkVsZW1lbnRzPg0KICAgICAgPGJwbW46aW5jb21pbmc+Rmxvd18yPC9icG1uOmluY29taW5nPg0KICAgICAgPGJwbW46b3V0Z29pbmc+Rmxvd18zPC9icG1uOm91dGdvaW5nPg0KICAgIDwvYnBtbjp1c2VyVGFzaz4NCiAgICANCiAgICA8YnBtbjp1c2VyVGFzayBpZD0iVGFza19NYW5hZ2VyQXBwcm92YWwiIG5hbWU9Ik1hbmFnZXIgQXBwcm92YWwiPg0KICAgICAgPGJwbW46ZXh0ZW5zaW9uRWxlbWVudHM+DQogICAgICAgIDxjdXN0b206cHJvcGVydGllcz4NCiAgICAgICAgICA8Y3VzdG9tOnByb3BlcnR5IG5hbWU9ImZvcm1JZCIgdmFsdWU9IjEzIi8+DQogICAgICAgICAgPGN1c3RvbTpwcm9wZXJ0eSBuYW1lPSJmb3JtTmFtZSIgdmFsdWU9IkFwcHJvdmFsIEZvcm0iLz4NCiAgICAgICAgICA8Y3VzdG9tOnByb3BlcnR5IG5hbWU9ImZvcm1SZWFkT25seSIgdmFsdWU9ImZhbHNlIi8+DQogICAgICAgICAgPGN1c3RvbTpwcm9wZXJ0eSBuYW1lPSJhY3Rpb25JZHMiIHZhbHVlPSJbMjIsMjMsMjQsMjVdIi8+DQogICAgICAgICAgPGN1c3RvbTpwcm9wZXJ0eSBuYW1lPSJhc3NpZ25lZVR5cGUiIHZhbHVlPSJFTlRJVFlfTUFOQUdFUiIvPg0KICAgICAgICAgIDxjdXN0b206cHJvcGVydHkgbmFtZT0iYXNzaWduZWVMYWJlbCIgdmFsdWU9IkVudGl0eSBNYW5hZ2VyIi8+DQogICAgICAgIDwvY3VzdG9tOnByb3BlcnRpZXM+DQogICAgICA8L2JwbW46ZXh0ZW5zaW9uRWxlbWVudHM+DQogICAgICA8YnBtbjppbmNvbWluZz5GbG93XzM8L2JwbW46aW5jb21pbmc+DQogICAgICA8YnBtbjpvdXRnb2luZz5GbG93XzQ8L2JwbW46b3V0Z29pbmc+DQogICAgPC9icG1uOnVzZXJUYXNrPg0KICAgIA0KICAgIDxicG1uOmV4Y2x1c2l2ZUdhdGV3YXkgaWQ9IkdhdGV3YXlfQW1vdW50IiBuYW1lPSJBbW91bnQgQ2hlY2siPg0KICAgICAgPGJwbW46aW5jb21pbmc+Rmxvd180PC9icG1uOmluY29taW5nPg0KICAgICAgPGJwbW46b3V0Z29pbmc+Rmxvd181PC9icG1uOm91dGdvaW5nPg0KICAgICAgPGJwbW46b3V0Z29pbmc+Rmxvd182PC9icG1uOm91dGdvaW5nPg0KICAgIDwvYnBtbjpleGNsdXNpdmVHYXRld2F5Pg0KICAgIA0KICAgIDxicG1uOnVzZXJUYXNrIGlkPSJUYXNrX0Z1bmN0aW9uTWFuYWdlckFwcHJvdmFsIiBuYW1lPSJGdW5jdGlvbiBNYW5hZ2VyIEFwcHJvdmFsIj4NCiAgICAgIDxicG1uOmV4dGVuc2lvbkVsZW1lbnRzPg0KICAgICAgICA8Y3VzdG9tOnByb3BlcnRpZXM+DQogICAgICAgICAgPGN1c3RvbTpwcm9wZXJ0eSBuYW1lPSJmb3JtSWQiIHZhbHVlPSIxMyIvPg0KICAgICAgICAgIDxjdXN0b206cHJvcGVydHkgbmFtZT0iZm9ybU5hbWUiIHZhbHVlPSJBcHByb3ZhbCBGb3JtIi8+DQogICAgICAgICAgPGN1c3RvbTpwcm9wZXJ0eSBuYW1lPSJmb3JtUmVhZE9ubHkiIHZhbHVlPSJmYWxzZSIvPg0KICAgICAgICAgIDxjdXN0b206cHJvcGVydHkgbmFtZT0iYWN0aW9uSWRzIiB2YWx1ZT0iWzIyLDIzLDI0LDI1XSIvPg0KICAgICAgICAgIDxjdXN0b206cHJvcGVydHkgbmFtZT0iYXNzaWduZWVUeXBlIiB2YWx1ZT0iRlVOQ1RJT05fTUFOQUdFUiIvPg0KICAgICAgICAgIDxjdXN0b206cHJvcGVydHkgbmFtZT0iYXNzaWduZWVMYWJlbCIgdmFsdWU9IkZ1bmN0aW9uIE1hbmFnZXIiLz4NCiAgICAgICAgPC9jdXN0b206cHJvcGVydGllcz4NCiAgICAgIDwvYnBtbjpleHRlbnNpb25FbGVtZW50cz4NCiAgICAgIDxicG1uOmluY29taW5nPkZsb3dfNTwvYnBtbjppbmNvbWluZz4NCiAgICAgIDxicG1uOm91dGdvaW5nPkZsb3dfNzwvYnBtbjpvdXRnb2luZz4NCiAgICA8L2JwbW46dXNlclRhc2s+DQogICAgDQogICAgPGJwbW46dXNlclRhc2sgaWQ9IlRhc2tfUGFyZW50RGVwdFJldmlldyIgbmFtZT0iUGFyZW50IERlcGFydG1lbnQgUmV2aWV3Ij4NCiAgICAgIDxicG1uOmV4dGVuc2lvbkVsZW1lbnRzPg0KICAgICAgICA8Y3VzdG9tOnByb3BlcnRpZXM+DQogICAgICAgICAgPGN1c3RvbTpwcm9wZXJ0eSBuYW1lPSJmb3JtSWQiIHZhbHVlPSIxMyIvPg0KICAgICAgICAgIDxjdXN0b206cHJvcGVydHkgbmFtZT0iZm9ybU5hbWUiIHZhbHVlPSJBcHByb3ZhbCBGb3JtIi8+DQogICAgICAgICAgPGN1c3RvbTpwcm9wZXJ0eSBuYW1lPSJmb3JtUmVhZE9ubHkiIHZhbHVlPSJmYWxzZSIvPg0KICAgICAgICAgIDxjdXN0b206cHJvcGVydHkgbmFtZT0iYWN0aW9uSWRzIiB2YWx1ZT0iWzIyLDIzLDI0LDI1XSIvPg0KICAgICAgICAgIDxjdXN0b206cHJvcGVydHkgbmFtZT0iYXNzaWduZWVUeXBlIiB2YWx1ZT0iUEFSRU5UX0RFUFQiLz4NCiAgICAgICAgICA8Y3VzdG9tOnByb3BlcnR5IG5hbWU9ImFzc2lnbmVlTGFiZWwiIHZhbHVlPSJQYXJlbnQgRGVwYXJ0bWVudCIvPg0KICAgICAgICA8L2N1c3RvbTpwcm9wZXJ0aWVzPg0KICAgICAgPC9icG1uOmV4dGVuc2lvbkVsZW1lbnRzPg0KICAgICAgPGJwbW46aW5jb21pbmc+Rmxvd183PC9icG1uOmluY29taW5nPg0KICAgICAgPGJwbW46b3V0Z29pbmc+Rmxvd184PC9icG1uOm91dGdvaW5nPg0KICAgIDwvYnBtbjp1c2VyVGFzaz4NCiAgICANCiAgICA8YnBtbjp1c2VyVGFzayBpZD0iVGFza19GaW5hbmNlUmV2aWV3IiBuYW1lPSJGaW5hbmNlIFJldmlldyI+DQogICAgICA8YnBtbjpleHRlbnNpb25FbGVtZW50cz4NCiAgICAgICAgPGN1c3RvbTpwcm9wZXJ0aWVzPg0KICAgICAgICAgIDxjdXN0b206cHJvcGVydHkgbmFtZT0iZm9ybUlkIiB2YWx1ZT0iMTMiLz4NCiAgICAgICAgICA8Y3VzdG9tOnByb3BlcnR5IG5hbWU9ImZvcm1OYW1lIiB2YWx1ZT0iQXBwcm92YWwgRm9ybSIvPg0KICAgICAgICAgIDxjdXN0b206cHJvcGVydHkgbmFtZT0iZm9ybVJlYWRPbmx5IiB2YWx1ZT0iZmFsc2UiLz4NCiAgICAgICAgICA8Y3VzdG9tOnByb3BlcnR5IG5hbWU9ImFjdGlvbklkcyIgdmFsdWU9IlsyMiwyMywyN10iLz4NCiAgICAgICAgICA8Y3VzdG9tOnByb3BlcnR5IG5hbWU9ImFzc2lnbmVlVHlwZSIgdmFsdWU9IkZJWEVEX0RFUFQiLz4NCiAgICAgICAgICA8Y3VzdG9tOnByb3BlcnR5IG5hbWU9ImFzc2lnbmVlTGFiZWwiIHZhbHVlPSJGaW5hbmNlIERlcGFydG1lbnQiLz4NCiAgICAgICAgICA8Y3VzdG9tOnByb3BlcnR5IG5hbWU9ImFzc2lnbmVlVmFsdWUiIHZhbHVlPSJkZXB0LWZpbmFuY2UtMDAxIi8+DQogICAgICAgIDwvY3VzdG9tOnByb3BlcnRpZXM+DQogICAgICA8L2JwbW46ZXh0ZW5zaW9uRWxlbWVudHM+DQogICAgICA8YnBtbjppbmNvbWluZz5GbG93Xzg8L2JwbW46aW5jb21pbmc+DQogICAgICA8YnBtbjppbmNvbWluZz5GbG93XzY8L2JwbW46aW5jb21pbmc+DQogICAgICA8YnBtbjpvdXRnb2luZz5GbG93Xzk8L2JwbW46b3V0Z29pbmc+DQogICAgPC9icG1uOnVzZXJUYXNrPg0KICAgIA0KICAgIDxicG1uOnVzZXJUYXNrIGlkPSJUYXNrX0NvdW50ZXJzaWduIiBuYW1lPSJNdWx0aS1EZXBhcnRtZW50IENvdW50ZXJzaWduIj4NCiAgICAgIDxicG1uOmV4dGVuc2lvbkVsZW1lbnRzPg0KICAgICAgICA8Y3VzdG9tOnByb3BlcnRpZXM+DQogICAgICAgICAgPGN1c3RvbTpwcm9wZXJ0eSBuYW1lPSJmb3JtSWQiIHZhbHVlPSIxNiIvPg0KICAgICAgICAgIDxjdXN0b206cHJvcGVydHkgbmFtZT0iZm9ybU5hbWUiIHZhbHVlPSJDb3VudGVyc2lnbiBGb3JtIi8+DQogICAgICAgICAgPGN1c3RvbTpwcm9wZXJ0eSBuYW1lPSJmb3JtUmVhZE9ubHkiIHZhbHVlPSJmYWxzZSIvPg0KICAgICAgICAgIDxjdXN0b206cHJvcGVydHkgbmFtZT0iYWN0aW9uSWRzIiB2YWx1ZT0iWzIyLDIzLDMwXSIvPg0KICAgICAgICAgIDxjdXN0b206cHJvcGVydHkgbmFtZT0iYXNzaWduZWVUeXBlIiB2YWx1ZT0iVklSVFVBTF9HUk9VUCIvPg0KICAgICAgICAgIDxjdXN0b206cHJvcGVydHkgbmFtZT0iYXNzaWduZWVMYWJlbCIgdmFsdWU9IkNvdW50ZXJzaWduIEdyb3VwIi8+DQogICAgICAgICAgPGN1c3RvbTpwcm9wZXJ0eSBuYW1lPSJhc3NpZ25lZVZhbHVlIiB2YWx1ZT0idmctY291bnRlcnNpZ24tMDAxIi8+DQogICAgICAgIDwvY3VzdG9tOnByb3BlcnRpZXM+DQogICAgICA8L2JwbW46ZXh0ZW5zaW9uRWxlbWVudHM+DQogICAgICA8YnBtbjppbmNvbWluZz5GbG93Xzk8L2JwbW46aW5jb21pbmc+DQogICAgICA8YnBtbjpvdXRnb2luZz5GbG93XzEwPC9icG1uOm91dGdvaW5nPg0KICAgIDwvYnBtbjp1c2VyVGFzaz4NCiAgICANCiAgICA8YnBtbjplbmRFdmVudCBpZD0iRW5kRXZlbnRfMSIgbmFtZT0iRW5kIj4NCiAgICAgIDxicG1uOmluY29taW5nPkZsb3dfMTA8L2JwbW46aW5jb21pbmc+DQogICAgPC9icG1uOmVuZEV2ZW50Pg0KICAgIA0KICAgIDxicG1uOnNlcXVlbmNlRmxvdyBpZD0iRmxvd18xIiBzb3VyY2VSZWY9IlN0YXJ0RXZlbnRfMSIgdGFyZ2V0UmVmPSJUYXNrX1N1Ym1pdCIvPg0KICAgIDxicG1uOnNlcXVlbmNlRmxvdyBpZD0iRmxvd18yIiBzb3VyY2VSZWY9IlRhc2tfU3VibWl0IiB0YXJnZXRSZWY9IlRhc2tfRGVwdFJldmlldyIvPg0KICAgIDxicG1uOnNlcXVlbmNlRmxvdyBpZD0iRmxvd18zIiBzb3VyY2VSZWY9IlRhc2tfRGVwdFJldmlldyIgdGFyZ2V0UmVmPSJUYXNrX01hbmFnZXJBcHByb3ZhbCIvPg0KICAgIDxicG1uOnNlcXVlbmNlRmxvdyBpZD0iRmxvd180IiBzb3VyY2VSZWY9IlRhc2tfTWFuYWdlckFwcHJvdmFsIiB0YXJnZXRSZWY9IkdhdGV3YXlfQW1vdW50Ii8+DQogICAgPGJwbW46c2VxdWVuY2VGbG93IGlkPSJGbG93XzUiIG5hbWU9IkFtb3VudCA+PSAxMDAwMCIgc291cmNlUmVmPSJHYXRld2F5X0Ftb3VudCIgdGFyZ2V0UmVmPSJUYXNrX0Z1bmN0aW9uTWFuYWdlckFwcHJvdmFsIj4NCiAgICAgIDxicG1uOmNvbmRpdGlvbkV4cHJlc3Npb24geHNpOnR5cGU9ImJwbW46dEZvcm1hbEV4cHJlc3Npb24iPjwhW0NEQVRBWyR7dG90YWxfYW1vdW50ID49IDEwMDAwfV1dPjwvYnBtbjpjb25kaXRpb25FeHByZXNzaW9uPg0KICAgIDwvYnBtbjpzZXF1ZW5jZUZsb3c+DQogICAgPGJwbW46c2VxdWVuY2VGbG93IGlkPSJGbG93XzYiIG5hbWU9IkFtb3VudCAmbHQ7IDEwMDAwIiBzb3VyY2VSZWY9IkdhdGV3YXlfQW1vdW50IiB0YXJnZXRSZWY9IlRhc2tfRmluYW5jZVJldmlldyI+DQogICAgICA8YnBtbjpjb25kaXRpb25FeHByZXNzaW9uIHhzaTp0eXBlPSJicG1uOnRGb3JtYWxFeHByZXNzaW9uIj48IVtDREFUQVske3RvdGFsX2Ftb3VudCA8IDEwMDAwfV1dPjwvYnBtbjpjb25kaXRpb25FeHByZXNzaW9uPg0KICAgIDwvYnBtbjpzZXF1ZW5jZUZsb3c+DQogICAgPGJwbW46c2VxdWVuY2VGbG93IGlkPSJGbG93XzciIHNvdXJjZVJlZj0iVGFza19GdW5jdGlvbk1hbmFnZXJBcHByb3ZhbCIgdGFyZ2V0UmVmPSJUYXNrX1BhcmVudERlcHRSZXZpZXciLz4NCiAgICA8YnBtbjpzZXF1ZW5jZUZsb3cgaWQ9IkZsb3dfOCIgc291cmNlUmVmPSJUYXNrX1BhcmVudERlcHRSZXZpZXciIHRhcmdldFJlZj0iVGFza19GaW5hbmNlUmV2aWV3Ii8+DQogICAgPGJwbW46c2VxdWVuY2VGbG93IGlkPSJGbG93XzkiIHNvdXJjZVJlZj0iVGFza19GaW5hbmNlUmV2aWV3IiB0YXJnZXRSZWY9IlRhc2tfQ291bnRlcnNpZ24iLz4NCiAgICA8YnBtbjpzZXF1ZW5jZUZsb3cgaWQ9IkZsb3dfMTAiIHNvdXJjZVJlZj0iVGFza19Db3VudGVyc2lnbiIgdGFyZ2V0UmVmPSJFbmRFdmVudF8xIi8+DQogIDwvYnBtbjpwcm9jZXNzPg0KICANCiAgPGJwbW5kaTpCUE1ORGlhZ3JhbSBpZD0iQlBNTkRpYWdyYW1fMSI+DQogICAgPGJwbW5kaTpCUE1OUGxhbmUgaWQ9IkJQTU5QbGFuZV8xIiBicG1uRWxlbWVudD0iUHJvY2Vzc19QdXJjaGFzZVJlcXVlc3QiPg0KICAgICAgPGJwbW5kaTpCUE1OU2hhcGUgaWQ9IlN0YXJ0RXZlbnRfMV9kaSIgYnBtbkVsZW1lbnQ9IlN0YXJ0RXZlbnRfMSI+DQogICAgICAgIDxkYzpCb3VuZHMgeD0iMTAwIiB5PSIyMDAiIHdpZHRoPSIzNiIgaGVpZ2h0PSIzNiIvPg0KICAgICAgPC9icG1uZGk6QlBNTlNoYXBlPg0KICAgICAgPGJwbW5kaTpCUE1OU2hhcGUgaWQ9IlRhc2tfU3VibWl0X2RpIiBicG1uRWxlbWVudD0iVGFza19TdWJtaXQiPg0KICAgICAgICA8ZGM6Qm91bmRzIHg9IjIwMCIgeT0iMTc4IiB3aWR0aD0iMTAwIiBoZWlnaHQ9IjgwIi8+DQogICAgICA8L2JwbW5kaTpCUE1OU2hhcGU+DQogICAgICA8YnBtbmRpOkJQTU5TaGFwZSBpZD0iVGFza19EZXB0UmV2aWV3X2RpIiBicG1uRWxlbWVudD0iVGFza19EZXB0UmV2aWV3Ij4NCiAgICAgICAgPGRjOkJvdW5kcyB4PSIzNjAiIHk9IjE3OCIgd2lkdGg9IjEwMCIgaGVpZ2h0PSI4MCIvPg0KICAgICAgPC9icG1uZGk6QlBNTlNoYXBlPg0KICAgICAgPGJwbW5kaTpCUE1OU2hhcGUgaWQ9IlRhc2tfTWFuYWdlckFwcHJvdmFsX2RpIiBicG1uRWxlbWVudD0iVGFza19NYW5hZ2VyQXBwcm92YWwiPg0KICAgICAgICA8ZGM6Qm91bmRzIHg9IjUyMCIgeT0iMTc4IiB3aWR0aD0iMTAwIiBoZWlnaHQ9IjgwIi8+DQogICAgICA8L2JwbW5kaTpCUE1OU2hhcGU+DQogICAgICA8YnBtbmRpOkJQTU5TaGFwZSBpZD0iR2F0ZXdheV9BbW91bnRfZGkiIGJwbW5FbGVtZW50PSJHYXRld2F5X0Ftb3VudCIgaXNNYXJrZXJWaXNpYmxlPSJ0cnVlIj4NCiAgICAgICAgPGRjOkJvdW5kcyB4PSI2ODAiIHk9IjE5MyIgd2lkdGg9IjUwIiBoZWlnaHQ9IjUwIi8+DQogICAgICA8L2JwbW5kaTpCUE1OU2hhcGU+DQogICAgICA8YnBtbmRpOkJQTU5TaGFwZSBpZD0iVGFza19GdW5jdGlvbk1hbmFnZXJBcHByb3ZhbF9kaSIgYnBtbkVsZW1lbnQ9IlRhc2tfRnVuY3Rpb25NYW5hZ2VyQXBwcm92YWwiPg0KICAgICAgICA8ZGM6Qm91bmRzIHg9IjgwMCIgeT0iODAiIHdpZHRoPSIxMDAiIGhlaWdodD0iODAiLz4NCiAgICAgIDwvYnBtbmRpOkJQTU5TaGFwZT4NCiAgICAgIDxicG1uZGk6QlBNTlNoYXBlIGlkPSJUYXNrX1BhcmVudERlcHRSZXZpZXdfZGkiIGJwbW5FbGVtZW50PSJUYXNrX1BhcmVudERlcHRSZXZpZXciPg0KICAgICAgICA8ZGM6Qm91bmRzIHg9Ijk2MCIgeT0iODAiIHdpZHRoPSIxMDAiIGhlaWdodD0iODAiLz4NCiAgICAgIDwvYnBtbmRpOkJQTU5TaGFwZT4NCiAgICAgIDxicG1uZGk6QlBNTlNoYXBlIGlkPSJUYXNrX0ZpbmFuY2VSZXZpZXdfZGkiIGJwbW5FbGVtZW50PSJUYXNrX0ZpbmFuY2VSZXZpZXciPg0KICAgICAgICA8ZGM6Qm91bmRzIHg9IjExMjAiIHk9IjE3OCIgd2lkdGg9IjEwMCIgaGVpZ2h0PSI4MCIvPg0KICAgICAgPC9icG1uZGk6QlBNTlNoYXBlPg0KICAgICAgPGJwbW5kaTpCUE1OU2hhcGUgaWQ9IlRhc2tfQ291bnRlcnNpZ25fZGkiIGJwbW5FbGVtZW50PSJUYXNrX0NvdW50ZXJzaWduIj4NCiAgICAgICAgPGRjOkJvdW5kcyB4PSIxMjgwIiB5PSIxNzgiIHdpZHRoPSIxMDAiIGhlaWdodD0iODAiLz4NCiAgICAgIDwvYnBtbmRpOkJQTU5TaGFwZT4NCiAgICAgIDxicG1uZGk6QlBNTlNoYXBlIGlkPSJFbmRFdmVudF8xX2RpIiBicG1uRWxlbWVudD0iRW5kRXZlbnRfMSI+DQogICAgICAgIDxkYzpCb3VuZHMgeD0iMTQ0MCIgeT0iMjAwIiB3aWR0aD0iMzYiIGhlaWdodD0iMzYiLz4NCiAgICAgIDwvYnBtbmRpOkJQTU5TaGFwZT4NCiAgICAgIDxicG1uZGk6QlBNTkVkZ2UgaWQ9IkZsb3dfMV9kaSIgYnBtbkVsZW1lbnQ9IkZsb3dfMSI+DQogICAgICAgIDxkaTp3YXlwb2ludCB4PSIxMzYiIHk9IjIxOCIvPg0KICAgICAgICA8ZGk6d2F5cG9pbnQgeD0iMjAwIiB5PSIyMTgiLz4NCiAgICAgIDwvYnBtbmRpOkJQTU5FZGdlPg0KICAgICAgPGJwbW5kaTpCUE1ORWRnZSBpZD0iRmxvd18yX2RpIiBicG1uRWxlbWVudD0iRmxvd18yIj4NCiAgICAgICAgPGRpOndheXBvaW50IHg9IjMwMCIgeT0iMjE4Ii8+DQogICAgICAgIDxkaTp3YXlwb2ludCB4PSIzNjAiIHk9IjIxOCIvPg0KICAgICAgPC9icG1uZGk6QlBNTkVkZ2U+DQogICAgICA8YnBtbmRpOkJQTU5FZGdlIGlkPSJGbG93XzNfZGkiIGJwbW5FbGVtZW50PSJGbG93XzMiPg0KICAgICAgICA8ZGk6d2F5cG9pbnQgeD0iNDYwIiB5PSIyMTgiLz4NCiAgICAgICAgPGRpOndheXBvaW50IHg9IjUyMCIgeT0iMjE4Ii8+DQogICAgICA8L2JwbW5kaTpCUE1ORWRnZT4NCiAgICAgIDxicG1uZGk6QlBNTkVkZ2UgaWQ9IkZsb3dfNF9kaSIgYnBtbkVsZW1lbnQ9IkZsb3dfNCI+DQogICAgICAgIDxkaTp3YXlwb2ludCB4PSI2MjAiIHk9IjIxOCIvPg0KICAgICAgICA8ZGk6d2F5cG9pbnQgeD0iNjgwIiB5PSIyMTgiLz4NCiAgICAgIDwvYnBtbmRpOkJQTU5FZGdlPg0KICAgICAgPGJwbW5kaTpCUE1ORWRnZSBpZD0iRmxvd181X2RpIiBicG1uRWxlbWVudD0iRmxvd181Ij4NCiAgICAgICAgPGRpOndheXBvaW50IHg9IjcwNSIgeT0iMTkzIi8+DQogICAgICAgIDxkaTp3YXlwb2ludCB4PSI3MDUiIHk9IjEyMCIvPg0KICAgICAgICA8ZGk6d2F5cG9pbnQgeD0iODAwIiB5PSIxMjAiLz4NCiAgICAgIDwvYnBtbmRpOkJQTU5FZGdlPg0KICAgICAgPGJwbW5kaTpCUE1ORWRnZSBpZD0iRmxvd182X2RpIiBicG1uRWxlbWVudD0iRmxvd182Ij4NCiAgICAgICAgPGRpOndheXBvaW50IHg9IjczMCIgeT0iMjE4Ii8+DQogICAgICAgIDxkaTp3YXlwb2ludCB4PSIxMTIwIiB5PSIyMTgiLz4NCiAgICAgIDwvYnBtbmRpOkJQTU5FZGdlPg0KICAgICAgPGJwbW5kaTpCUE1ORWRnZSBpZD0iRmxvd183X2RpIiBicG1uRWxlbWVudD0iRmxvd183Ij4NCiAgICAgICAgPGRpOndheXBvaW50IHg9IjkwMCIgeT0iMTIwIi8+DQogICAgICAgIDxkaTp3YXlwb2ludCB4PSI5NjAiIHk9IjEyMCIvPg0KICAgICAgPC9icG1uZGk6QlBNTkVkZ2U+DQogICAgICA8YnBtbmRpOkJQTU5FZGdlIGlkPSJGbG93XzhfZGkiIGJwbW5FbGVtZW50PSJGbG93XzgiPg0KICAgICAgICA8ZGk6d2F5cG9pbnQgeD0iMTA2MCIgeT0iMTIwIi8+DQogICAgICAgIDxkaTp3YXlwb2ludCB4PSIxMDkwIiB5PSIxMjAiLz4NCiAgICAgICAgPGRpOndheXBvaW50IHg9IjEwOTAiIHk9IjIxOCIvPg0KICAgICAgICA8ZGk6d2F5cG9pbnQgeD0iMTEyMCIgeT0iMjE4Ii8+DQogICAgICA8L2JwbW5kaTpCUE1ORWRnZT4NCiAgICAgIDxicG1uZGk6QlBNTkVkZ2UgaWQ9IkZsb3dfOV9kaSIgYnBtbkVsZW1lbnQ9IkZsb3dfOSI+DQogICAgICAgIDxkaTp3YXlwb2ludCB4PSIxMjIwIiB5PSIyMTgiLz4NCiAgICAgICAgPGRpOndheXBvaW50IHg9IjEyODAiIHk9IjIxOCIvPg0KICAgICAgPC9icG1uZGk6QlBNTkVkZ2U+DQogICAgICA8YnBtbmRpOkJQTU5FZGdlIGlkPSJGbG93XzEwX2RpIiBicG1uRWxlbWVudD0iRmxvd18xMCI+DQogICAgICAgIDxkaTp3YXlwb2ludCB4PSIxMzgwIiB5PSIyMTgiLz4NCiAgICAgICAgPGRpOndheXBvaW50IHg9IjE0NDAiIHk9IjIxOCIvPg0KICAgICAgPC9icG1uZGk6QlBNTkVkZ2U+DQogICAgPC9icG1uZGk6QlBNTlBsYW5lPg0KICA8L2JwbW5kaTpCUE1ORGlhZ3JhbT4NCjwvYnBtbjpkZWZpbml0aW9ucz4=', '2026-01-13 10:38:37.240844', '2026-01-13 10:38:37.240844');
INSERT INTO public.dw_process_definitions (id, function_unit_id, bpmn_xml, created_at, updated_at) VALUES (2, 2, 'PD94bWwgdmVyc2lvbj0iMS4wIiBlbmNvZGluZz0iVVRGLTgiPz48YnBtbjpkZWZpbml0aW9ucyB4bWxuczp4c2k9Imh0dHA6Ly93d3cudzMub3JnLzIwMDEvWE1MU2NoZW1hLWluc3RhbmNlIiB4bWxuczpicG1uPSJodHRwOi8vd3d3Lm9tZy5vcmcvc3BlYy9CUE1OLzIwMTAwNTI0L01PREVMIiB4bWxuczpicG1uZGk9Imh0dHA6Ly93d3cub21nLm9yZy9zcGVjL0JQTU4vMjAxMDA1MjQvREkiIHhtbG5zOmRjPSJodHRwOi8vd3d3Lm9tZy5vcmcvc3BlYy9ERC8yMDEwMDUyNC9EQyIgeG1sbnM6ZGk9Imh0dHA6Ly93d3cub21nLm9yZy9zcGVjL0RELzIwMTAwNTI0L0RJIiB4bWxuczpjdXN0b209Imh0dHA6Ly9jdXN0b20uYnBtbi5pby9zY2hlbWEiIGlkPSJEZWZpbml0aW9uc18xIiB0YXJnZXROYW1lc3BhY2U9Imh0dHA6Ly9icG1uLmlvL3NjaGVtYS9icG1uIj4KICA8YnBtbjpwcm9jZXNzIGlkPSJQcm9jZXNzXzEiIGlzRXhlY3V0YWJsZT0idHJ1ZSI+CiAgICA8YnBtbjpzdGFydEV2ZW50IGlkPSJTdGFydEV2ZW50XzEiIG5hbWU9IuW8gOWniyI+CiAgICAgIDxicG1uOm91dGdvaW5nPkZsb3dfMTwvYnBtbjpvdXRnb2luZz4KICAgIDwvYnBtbjpzdGFydEV2ZW50PgogICAgPGJwbW46ZW5kRXZlbnQgaWQ9IkVuZEV2ZW50XzEiIG5hbWU9Iue7k+adnyI+CiAgICAgIDxicG1uOmluY29taW5nPkZsb3dfMGkzbXFnYTwvYnBtbjppbmNvbWluZz4KICAgIDwvYnBtbjplbmRFdmVudD4KICAgIDxicG1uOnNlcXVlbmNlRmxvdyBpZD0iRmxvd18xIiBzb3VyY2VSZWY9IlN0YXJ0RXZlbnRfMSIgdGFyZ2V0UmVmPSJBY3Rpdml0eV8wOWRoM3o5Ii8+CiAgICA8YnBtbjp1c2VyVGFzayBpZD0iQWN0aXZpdHlfMDlkaDN6OSI+CiAgICAgIDxicG1uOmV4dGVuc2lvbkVsZW1lbnRzPgogICAgICAgIDxjdXN0b206cHJvcGVydGllcz4KICAgICAgICAgIAogICAgICAgICAgCiAgICAgICAgICAKICAgICAgICAgIAogICAgICAgICAgCiAgICAgICAgICAKICAgICAgICAgIDxjdXN0b206dmFsdWVzIG5hbWU9ImFzc2lnbmVlVHlwZSIgdmFsdWU9IkZJWEVEX0RFUFQiLz4KICAgICAgICAgIDxjdXN0b206dmFsdWVzIG5hbWU9ImFzc2lnbmVlVmFsdWUiIHZhbHVlPSJERVBULUhSIi8+CiAgICAgICAgICA8Y3VzdG9tOnZhbHVlcyBuYW1lPSJhc3NpZ25lZUxhYmVsIiB2YWx1ZT0iSHVtYW4gUmVzb3VyY2VzIi8+CiAgICAgICAgICA8Y3VzdG9tOnZhbHVlcyBuYW1lPSJjYW5kaWRhdGVVc2VycyIgdmFsdWU9IiIvPgogICAgICAgICAgPGN1c3RvbTp2YWx1ZXMgbmFtZT0iY2FuZGlkYXRlR3JvdXBzIiB2YWx1ZT0iIi8+CiAgICAgICAgPGN1c3RvbTpwcm9wZXJ0eSBuYW1lPSJmb3JtSWQiIHZhbHVlPSI3Ii8+PGN1c3RvbTpwcm9wZXJ0eSBuYW1lPSJmb3JtTmFtZSIgdmFsdWU9InRlc3RGb3JtIi8+PC9jdXN0b206cHJvcGVydGllcz4KICAgICAgPC9icG1uOmV4dGVuc2lvbkVsZW1lbnRzPgogICAgICA8YnBtbjppbmNvbWluZz5GbG93XzE8L2JwbW46aW5jb21pbmc+CiAgICAgIDxicG1uOm91dGdvaW5nPkZsb3dfMHVuN2hsaDwvYnBtbjpvdXRnb2luZz4KICAgIDwvYnBtbjp1c2VyVGFzaz4KICAgIDxicG1uOnNlcXVlbmNlRmxvdyBpZD0iRmxvd18wdW43aGxoIiBzb3VyY2VSZWY9IkFjdGl2aXR5XzA5ZGgzejkiIHRhcmdldFJlZj0iQWN0aXZpdHlfMG12djVoYyIvPgogICAgPGJwbW46c2VxdWVuY2VGbG93IGlkPSJGbG93XzBpM21xZ2EiIHNvdXJjZVJlZj0iQWN0aXZpdHlfMG12djVoYyIgdGFyZ2V0UmVmPSJFbmRFdmVudF8xIi8+CiAgICA8YnBtbjp1c2VyVGFzayBpZD0iQWN0aXZpdHlfMG12djVoYyI+CiAgICAgIDxicG1uOmV4dGVuc2lvbkVsZW1lbnRzPgogICAgICAgIDxjdXN0b206cHJvcGVydGllcz4KICAgICAgICAgIDxjdXN0b206dmFsdWVzIG5hbWU9ImFzc2lnbmVlVHlwZSIgdmFsdWU9IkZJWEVEX0RFUFQiLz4KICAgICAgICAgIDxjdXN0b206dmFsdWVzIG5hbWU9ImFzc2lnbmVlVmFsdWUiIHZhbHVlPSJERVBULUNPUlAtQkFOS0lORyIvPgogICAgICAgICAgPGN1c3RvbTp2YWx1ZXMgbmFtZT0iYXNzaWduZWVMYWJlbCIgdmFsdWU9IkNvcnBvcmF0ZSBCYW5raW5nIi8+CiAgICAgICAgICA8Y3VzdG9tOnZhbHVlcyBuYW1lPSJjYW5kaWRhdGVVc2VycyIgdmFsdWU9IiIvPgogICAgICAgICAgPGN1c3RvbTp2YWx1ZXMgbmFtZT0iY2FuZGlkYXRlR3JvdXBzIiB2YWx1ZT0iIi8+CiAgICAgICAgICAKICAgICAgICAgIAogICAgICAgIDwvY3VzdG9tOnByb3BlcnRpZXM+CiAgICAgIDwvYnBtbjpleHRlbnNpb25FbGVtZW50cz4KICAgICAgPGJwbW46aW5jb21pbmc+Rmxvd18wdW43aGxoPC9icG1uOmluY29taW5nPgogICAgICA8YnBtbjpvdXRnb2luZz5GbG93XzBpM21xZ2E8L2JwbW46b3V0Z29pbmc+CiAgICA8L2JwbW46dXNlclRhc2s+CiAgPC9icG1uOnByb2Nlc3M+CiAgPGJwbW5kaTpCUE1ORGlhZ3JhbSBpZD0iQlBNTkRpYWdyYW1fMSI+CiAgICA8YnBtbmRpOkJQTU5QbGFuZSBpZD0iQlBNTlBsYW5lXzEiIGJwbW5FbGVtZW50PSJQcm9jZXNzXzEiPgogICAgICA8YnBtbmRpOkJQTU5TaGFwZSBpZD0iU3RhcnRFdmVudF8xX2RpIiBicG1uRWxlbWVudD0iU3RhcnRFdmVudF8xIj4KICAgICAgICA8ZGM6Qm91bmRzIHg9IjE4MCIgeT0iMTYwIiB3aWR0aD0iMzYiIGhlaWdodD0iMzYiLz4KICAgICAgICA8YnBtbmRpOkJQTU5MYWJlbD4KICAgICAgICAgIDxkYzpCb3VuZHMgeD0iMTg3IiB5PSIyMDMiIHdpZHRoPSIyMiIgaGVpZ2h0PSIxNCIvPgogICAgICAgIDwvYnBtbmRpOkJQTU5MYWJlbD4KICAgICAgPC9icG1uZGk6QlBNTlNoYXBlPgogICAgICA8YnBtbmRpOkJQTU5TaGFwZSBpZD0iRW5kRXZlbnRfMV9kaSIgYnBtbkVsZW1lbnQ9IkVuZEV2ZW50XzEiPgogICAgICAgIDxkYzpCb3VuZHMgeD0iNjkyIiB5PSIxNjAiIHdpZHRoPSIzNiIgaGVpZ2h0PSIzNiIvPgogICAgICAgIDxicG1uZGk6QlBNTkxhYmVsPgogICAgICAgICAgPGRjOkJvdW5kcyB4PSI2OTkiIHk9IjIwMyIgd2lkdGg9IjIyIiBoZWlnaHQ9IjE0Ii8+CiAgICAgICAgPC9icG1uZGk6QlBNTkxhYmVsPgogICAgICA8L2JwbW5kaTpCUE1OU2hhcGU+CiAgICAgIDxicG1uZGk6QlBNTlNoYXBlIGlkPSJBY3Rpdml0eV8xMTJqdTZqX2RpIiBicG1uRWxlbWVudD0iQWN0aXZpdHlfMDlkaDN6OSI+CiAgICAgICAgPGRjOkJvdW5kcyB4PSIyNjAiIHk9IjEzOCIgd2lkdGg9IjEwMCIgaGVpZ2h0PSI4MCIvPgogICAgICA8L2JwbW5kaTpCUE1OU2hhcGU+CiAgICAgIDxicG1uZGk6QlBNTlNoYXBlIGlkPSJBY3Rpdml0eV8wOXliZm03X2RpIiBicG1uRWxlbWVudD0iQWN0aXZpdHlfMG12djVoYyI+CiAgICAgICAgPGRjOkJvdW5kcyB4PSI0MTAiIHk9IjEzOCIgd2lkdGg9IjEwMCIgaGVpZ2h0PSI4MCIvPgogICAgICA8L2JwbW5kaTpCUE1OU2hhcGU+CiAgICAgIDxicG1uZGk6QlBNTkVkZ2UgaWQ9IkZsb3dfMV9kaSIgYnBtbkVsZW1lbnQ9IkZsb3dfMSI+CiAgICAgICAgPGRpOndheXBvaW50IHg9IjIxNiIgeT0iMTc4Ii8+CiAgICAgICAgPGRpOndheXBvaW50IHg9IjI2MCIgeT0iMTc4Ii8+CiAgICAgIDwvYnBtbmRpOkJQTU5FZGdlPgogICAgICA8YnBtbmRpOkJQTU5FZGdlIGlkPSJGbG93XzB1bjdobGhfZGkiIGJwbW5FbGVtZW50PSJGbG93XzB1bjdobGgiPgogICAgICAgIDxkaTp3YXlwb2ludCB4PSIzNjAiIHk9IjE3OCIvPgogICAgICAgIDxkaTp3YXlwb2ludCB4PSI0MTAiIHk9IjE3OCIvPgogICAgICA8L2JwbW5kaTpCUE1ORWRnZT4KICAgICAgPGJwbW5kaTpCUE1ORWRnZSBpZD0iRmxvd18waTNtcWdhX2RpIiBicG1uRWxlbWVudD0iRmxvd18waTNtcWdhIj4KICAgICAgICA8ZGk6d2F5cG9pbnQgeD0iNTEwIiB5PSIxNzgiLz4KICAgICAgICA8ZGk6d2F5cG9pbnQgeD0iNjkyIiB5PSIxNzgiLz4KICAgICAgPC9icG1uZGk6QlBNTkVkZ2U+CiAgICA8L2JwbW5kaTpCUE1OUGxhbmU+CiAgPC9icG1uZGk6QlBNTkRpYWdyYW0+CjwvYnBtbjpkZWZpbml0aW9ucz4=', '2026-01-14 08:35:32.250916', '2026-01-15 12:29:05.930778');
INSERT INTO public.dw_table_definitions (id, function_unit_id, table_name, table_type, description, created_at, updated_at) VALUES (1, 1, 'purchase_request', 'MAIN', '采购申请主表，存储申请基本信息', '2026-01-13 10:38:37.240844', '2026-01-13 10:38:37.240844');
INSERT INTO public.dw_table_definitions (id, function_unit_id, table_name, table_type, description, created_at, updated_at) VALUES (2, 1, 'purchase_item', 'SUB', '采购物品明细子表', '2026-01-13 10:38:37.240844', '2026-01-13 10:38:37.240844');
INSERT INTO public.dw_table_definitions (id, function_unit_id, table_name, table_type, description, created_at, updated_at) VALUES (3, 1, 'supplier_info', 'RELATION', '供应商信息关联表', '2026-01-13 10:38:37.240844', '2026-01-13 10:38:37.240844');
INSERT INTO public.dw_table_definitions (id, function_unit_id, table_name, table_type, description, created_at, updated_at) VALUES (4, 1, 'budget_info', 'RELATION', '预算信息关联表', '2026-01-13 10:38:37.240844', '2026-01-13 10:38:37.240844');
INSERT INTO public.dw_table_definitions (id, function_unit_id, table_name, table_type, description, created_at, updated_at) VALUES (5, 1, 'purchase_approval', 'ACTION', '审批操作记录表', '2026-01-13 10:38:37.240844', '2026-01-13 10:38:37.240844');
INSERT INTO public.dw_table_definitions (id, function_unit_id, table_name, table_type, description, created_at, updated_at) VALUES (6, 1, 'countersign_record', 'ACTION', '会签操作记录表', '2026-01-13 10:38:37.240844', '2026-01-13 10:38:37.240844');
INSERT INTO public.dw_table_definitions (id, function_unit_id, table_name, table_type, description, created_at, updated_at) VALUES (7, 2, 'ADAM', 'MAIN', 'kkk', '2026-01-14 08:04:33.119237', '2026-01-15 11:16:59.56147');
INSERT INTO public.dw_versions (id, function_unit_id, version_number, change_log, snapshot_data, published_by, published_at) VALUES (1, 2, '1.0.0', 'test publish', '\x7b2270726f63657373586d6c223a225044393462577767646d567963326c76626a30694d5334774969426c626d4e765a476c755a7a3069565652474c546769507a344b50474a77625734365a47566d6157357064476c76626e4d6765473173626e4d3665484e7050534a6f644852774f693876643364334c6e637a4c6d39795a7938794d4441784c31684e54464e6a6147567459533170626e4e305957356a5a53496765473173626e4d36596e4274626a30696148523063446f764c336433647935766257637562334a6e4c334e775a574d76516c424e546938794d4445774d4455794e43394e543052465443496765473173626e4d36596e4274626d527050534a6f644852774f693876643364334c6d39745a793576636d63766333426c597939435545314f4c7a49774d5441774e5449304c30524a4969423462577875637a706b597a30696148523063446f764c336433647935766257637562334a6e4c334e775a574d76524551764d6a41784d4441314d6a517652454d69494868746247357a4f6d527050534a6f644852774f693876643364334c6d39745a793576636d63766333426c59793945524338794d4445774d4455794e4339455353496765473173626e4d365933567a6447397450534a6f644852774f6938765933567a644739744c6d4a77625734756157387663324e6f5a573168496942705a4430695247566d6157357064476c76626e4e664d534967644746795a325630546d46745a584e7759574e6c50534a6f644852774f693876596e4274626935706279397a5932686c62574576596e42746269492b4369416750474a776257343663484a765932567a637942705a44306955484a765932567a6331387849694270633056345a574e316447466962475539496e52796457556950676f674943416750474a776257343663335268636e5246646d5675644342705a44306955335268636e5246646d567564463878496942755957316c50534c6c7649446c7034736950676f674943416749434138596e4274626a70766458526e62326c755a7a354762473933587a45384c324a7762573436623356305a323970626d632b43694167494341384c324a776257343663335268636e5246646d56756444344b4943416749447869634731754f6d56755a4556325a57353049476c6b50534a46626d5246646d567564463878496942755957316c50534c6e7535506d6e5a386950676f674943416749434138596e4274626a7070626d4e7662576c755a7a354762473933587a42704d3231785a3245384c324a77625734366157356a62323170626d632b43694167494341384c324a77625734365a57356b52585a6c626e512b4369416749434138596e4274626a707a5a5846315a57356a5a555a736233636761575139496b5a73623364664d53496763323931636d4e6c556d566d50534a5464474679644556325a573530587a456949485268636d646c64464a6c5a6a306951574e3061585a7064486c664d446c6b61444e364f5349674c7a344b4943416749447869634731754f6e567a5a584a5559584e7249476c6b50534a4259335270646d6c30655638774f57526f4d336f35496a344b494341674943416750474a77625734365a5868305a57357a615739755257786c6257567564484d2b43694167494341674943416750474e316333527662547077636d39775a584a306157567a50676f6749434167494341674943416750474e316333527662547032595778315a584d67626d46745a5430695a6d397962556c6b49694232595778315a5430694e7949674c7a344b4943416749434167494341674944786a64584e3062323036646d46736457567a4947356862575539496d5a76636d314f5957316c49694232595778315a5430696447567a64455a76636d30694943382b436941674943416749434167494341385933567a644739744f6e5a686248566c637942755957316c50534a6d62334a745357516949485a686248566c505349334969417650676f6749434167494341674943416750474e316333527662547032595778315a584d67626d46745a5430695a6d3979625535686257556949485a686248566c50534a305a584e30526d3979625349674c7a344b4943416749434167494341674944786a64584e3062323036646d46736457567a4947356862575539496d5a76636d314a5a434967646d467364575539496a63694943382b436941674943416749434167494341385933567a644739744f6e5a686248566c637942755957316c50534a6d62334a74546d46745a534967646d467364575539496e526c6333524762334a744969417650676f6749434167494341674943416750474e316333527662547032595778315a584d67626d46745a54306959584e7a615764755a5756556558426c49694232595778315a5430695355354a56456c42564539534969417650676f6749434167494341674943416750474e316333527662547032595778315a584d67626d46745a54306959584e7a615764755a575657595778315a534967646d467364575539496949674c7a344b4943416749434167494341674944786a64584e3062323036646d46736457567a4947356862575539496d467a63326c6e626d566c544746695a57776949485a686248566c50534c6d7459486e7149766c6a35486f7462666b75726f694943382b436941674943416749434167494341385933567a644739744f6e5a686248566c637942755957316c50534a6a5957356b61575268644756566332567963794967646d467364575539496949674c7a344b4943416749434167494341674944786a64584e3062323036646d46736457567a4947356862575539496d4e68626d52705a4746305a5564796233567763794967646d467364575539496949674c7a344b4943416749434167494341384c324e316333527662547077636d39775a584a306157567a50676f6749434167494341384c324a77625734365a5868305a57357a615739755257786c6257567564484d2b436941674943416749447869634731754f6d6c75593239746157356e506b5a73623364664d547776596e4274626a7070626d4e7662576c755a7a344b494341674943416750474a7762573436623356305a323970626d632b526d787664313877645734336147786f50433969634731754f6d3931644764766157356e50676f674943416750433969634731754f6e567a5a584a5559584e7250676f674943416750474a77625734366332567864575675593256476247393349476c6b50534a4762473933587a4231626a646f6247676949484e7664584a6a5a564a6c5a6a306951574e3061585a7064486c664d446c6b61444e364f534967644746795a325630556d566d50534a4259335270646d6c306556387762585a324e57686a4969417650676f674943416750474a77625734366332567864575675593256476247393349476c6b50534a4762473933587a42704d3231785a32456949484e7664584a6a5a564a6c5a6a306951574e3061585a7064486c664d473132646a566f59794967644746795a325630556d566d50534a46626d5246646d5675644638784969417650676f674943416750474a776257343664584e6c636c52686332736761575139496b466a64476c3261585235587a4274646e593161474d6950676f674943416749434138596e4274626a706c6548526c626e4e7062323546624756745a573530637a344b4943416749434167494341385933567a644739744f6e42796233426c636e52705a584d2b436941674943416749434167494341385933567a644739744f6e5a686248566c637942755957316c50534a6863334e705a32356c5a5652356347556949485a686248566c50534a46546c524a56466c665455464f51556446556949674c7a344b4943416749434167494341674944786a64584e3062323036646d46736457567a4947356862575539496d467a63326c6e626d566c566d46736457556949485a686248566c505349694943382b436941674943416749434167494341385933567a644739744f6e5a686248566c637942755957316c50534a6863334e705a32356c5a557868596d567349694232595778315a54306935613665354c325435377550353543474969417650676f6749434167494341674943416750474e316333527662547032595778315a584d67626d46745a543069593246755a476c6b5958526c56584e6c636e4d6949485a686248566c50534a4c5a585a7062694249645746755a7949674c7a344b4943416749434167494341674944786a64584e3062323036646d46736457567a4947356862575539496d4e68626d52705a4746305a5564796233567763794967646d467364575539496949674c7a344b4943416749434167494341384c324e316333527662547077636d39775a584a306157567a50676f6749434167494341384c324a77625734365a5868305a57357a615739755257786c6257567564484d2b436941674943416749447869634731754f6d6c75593239746157356e506b5a73623364664d4856754e32687361447776596e4274626a7070626d4e7662576c755a7a344b494341674943416750474a7762573436623356305a323970626d632b526d78766431387761544e746357646850433969634731754f6d3931644764766157356e50676f674943416750433969634731754f6e567a5a584a5559584e7250676f6749447776596e4274626a7077636d396a5a584e7a50676f6749447869634731755a476b36516c424e546b5270595764795957306761575139496b4a51545535456157466e636d4674587a456950676f674943416750474a776257356b615470435545314f55477868626d556761575139496b4a5154553551624746755a56387849694269634731755257786c625756756444306955484a765932567a63313878496a344b494341674943416750474a776257356b615470435545314f553268686347556761575139496c4e3059584a3052585a6c626e52664d56396b61534967596e4274626b56735a57316c626e5139496c4e3059584a3052585a6c626e52664d53492b4369416749434167494341675047526a4f6b4a766457356b63794234505349784f44416949486b39496a45324d43496764326c6b64476739496a4d324969426f5a576c6e61485139496a4d324969417650676f67494341674943416749447869634731755a476b36516c424e546b7868596d567350676f674943416749434167494341675047526a4f6b4a766457356b63794234505349784f44636949486b39496a49774d79496764326c6b64476739496a49794969426f5a576c6e61485139496a45304969417650676f67494341674943416749447776596e4274626d52704f6b4a515455354d59574a6c6244344b494341674943416750433969634731755a476b36516c424e546c4e6f5958426c50676f674943416749434138596e4274626d52704f6b4a5154553554614746775a5342705a44306951574e3061585a7064486c664d544579616e5532616c396b61534967596e4274626b56735a57316c626e5139496b466a64476c3261585235587a41355a47677a656a6b6950676f6749434167494341674944786b597a7043623356755a484d67654430694d6a597749694235505349784d7a6769494864705a48526f505349784d4441694947686c6157646f644430694f4441694943382b436941674943416749447776596e4274626d52704f6b4a5154553554614746775a54344b494341674943416750474a776257356b615470435545314f553268686347556761575139496b56755a4556325a573530587a46665a476b6949474a7762573546624756745a57353050534a46626d5246646d567564463878496a344b4943416749434167494341385a474d36516d3931626d527a49486739496a59354d694967655430694d5459774969423361575230614430694d7a59694947686c6157646f644430694d7a59694943382b43694167494341674943416750474a776257356b615470435545314f544746695a57772b436941674943416749434167494341385a474d36516d3931626d527a49486739496a59354f534967655430694d6a417a4969423361575230614430694d6a49694947686c6157646f644430694d5451694943382b43694167494341674943416750433969634731755a476b36516c424e546b7868596d567350676f6749434167494341384c324a776257356b615470435545314f553268686347552b436941674943416749447869634731755a476b36516c424e546c4e6f5958426c49476c6b50534a4259335270646d6c30655638774f586c695a6d30335832527049694269634731755257786c625756756444306951574e3061585a7064486c664d473132646a566f5979492b4369416749434167494341675047526a4f6b4a766457356b63794234505349304d54416949486b39496a457a4f43496764326c6b64476739496a45774d434967614756705a326830505349344d4349674c7a344b494341674943416750433969634731755a476b36516c424e546c4e6f5958426c50676f674943416749434138596e4274626d52704f6b4a51545535465a47646c49476c6b50534a4762473933587a46665a476b6949474a7762573546624756745a57353050534a4762473933587a456950676f6749434167494341674944786b6154703359586c7762326c7564434234505349794d54596949486b39496a45334f4349674c7a344b4943416749434167494341385a476b366432463563473970626e5167654430694d6a597749694235505349784e7a67694943382b436941674943416749447776596e4274626d52704f6b4a51545535465a47646c50676f674943416749434138596e4274626d52704f6b4a51545535465a47646c49476c6b50534a4762473933587a4231626a646f624768665a476b6949474a7762573546624756745a57353050534a4762473933587a4231626a646f6247676950676f6749434167494341674944786b6154703359586c7762326c75644342345053497a4e6a416949486b39496a45334f4349674c7a344b4943416749434167494341385a476b366432463563473970626e5167654430694e44457749694235505349784e7a67694943382b436941674943416749447776596e4274626d52704f6b4a51545535465a47646c50676f674943416749434138596e4274626d52704f6b4a51545535465a47646c49476c6b50534a4762473933587a42704d3231785a3246665a476b6949474a7762573546624756745a57353050534a4762473933587a42704d3231785a32456950676f6749434167494341674944786b6154703359586c7762326c7564434234505349314d54416949486b39496a45334f4349674c7a344b4943416749434167494341385a476b366432463563473970626e5167654430694e6a6b7949694235505349784e7a67694943382b436941674943416749447776596e4274626d52704f6b4a51545535465a47646c50676f674943416750433969634731755a476b36516c424e546c42735957356c50676f6749447776596e4274626d52704f6b4a51545535456157466e636d467450676f384c324a77625734365a47566d6157357064476c76626e4d2b43673d3d222c226e616d65223a2254657374222c226465736372697074696f6e223a22227d', 'system', '2026-01-14 08:57:26.474823');
INSERT INTO public.dw_versions (id, function_unit_id, version_number, change_log, snapshot_data, published_by, published_at) VALUES (2, 2, '1.0.1', '', '\x7b2270726f63657373586d6c223a225044393462577767646d567963326c76626a30694d5334774969426c626d4e765a476c755a7a3069565652474c546769507a344b50474a77625734365a47566d6157357064476c76626e4d6765473173626e4d3665484e7050534a6f644852774f693876643364334c6e637a4c6d39795a7938794d4441784c31684e54464e6a6147567459533170626e4e305957356a5a53496765473173626e4d36596e4274626a30696148523063446f764c336433647935766257637562334a6e4c334e775a574d76516c424e546938794d4445774d4455794e43394e543052465443496765473173626e4d36596e4274626d527050534a6f644852774f693876643364334c6d39745a793576636d63766333426c597939435545314f4c7a49774d5441774e5449304c30524a4969423462577875637a706b597a30696148523063446f764c336433647935766257637562334a6e4c334e775a574d76524551764d6a41784d4441314d6a517652454d69494868746247357a4f6d527050534a6f644852774f693876643364334c6d39745a793576636d63766333426c59793945524338794d4445774d4455794e4339455353496765473173626e4d365933567a6447397450534a6f644852774f6938765933567a644739744c6d4a77625734756157387663324e6f5a573168496942705a4430695247566d6157357064476c76626e4e664d534967644746795a325630546d46745a584e7759574e6c50534a6f644852774f693876596e4274626935706279397a5932686c62574576596e42746269492b4369416750474a776257343663484a765932567a637942705a44306955484a765932567a6331387849694270633056345a574e316447466962475539496e52796457556950676f674943416750474a776257343663335268636e5246646d5675644342705a44306955335268636e5246646d567564463878496942755957316c50534c6c7649446c7034736950676f674943416749434138596e4274626a70766458526e62326c755a7a354762473933587a45384c324a7762573436623356305a323970626d632b43694167494341384c324a776257343663335268636e5246646d56756444344b4943416749447869634731754f6d56755a4556325a57353049476c6b50534a46626d5246646d567564463878496942755957316c50534c6e7535506d6e5a386950676f674943416749434138596e4274626a7070626d4e7662576c755a7a354762473933587a42704d3231785a3245384c324a77625734366157356a62323170626d632b43694167494341384c324a77625734365a57356b52585a6c626e512b4369416749434138596e4274626a707a5a5846315a57356a5a555a736233636761575139496b5a73623364664d53496763323931636d4e6c556d566d50534a5464474679644556325a573530587a456949485268636d646c64464a6c5a6a306951574e3061585a7064486c664d446c6b61444e364f5349674c7a344b4943416749447869634731754f6e567a5a584a5559584e7249476c6b50534a4259335270646d6c30655638774f57526f4d336f35496a344b494341674943416750474a77625734365a5868305a57357a615739755257786c6257567564484d2b43694167494341674943416750474e316333527662547077636d39775a584a306157567a50676f6749434167494341674943416750474e316333527662547032595778315a584d67626d46745a5430695a6d397962556c6b49694232595778315a5430694e7949674c7a344b4943416749434167494341674944786a64584e3062323036646d46736457567a4947356862575539496d5a76636d314f5957316c49694232595778315a5430696447567a64455a76636d30694943382b436941674943416749434167494341385933567a644739744f6e5a686248566c637942755957316c50534a6d62334a745357516949485a686248566c505349334969417650676f6749434167494341674943416750474e316333527662547032595778315a584d67626d46745a5430695a6d3979625535686257556949485a686248566c50534a305a584e30526d3979625349674c7a344b4943416749434167494341674944786a64584e3062323036646d46736457567a4947356862575539496d5a76636d314a5a434967646d467364575539496a63694943382b436941674943416749434167494341385933567a644739744f6e5a686248566c637942755957316c50534a6d62334a74546d46745a534967646d467364575539496e526c6333524762334a744969417650676f6749434167494341674943416750474e316333527662547032595778315a584d67626d46745a54306959584e7a615764755a5756556558426c49694232595778315a5430695355354a56456c42564539534969417650676f6749434167494341674943416750474e316333527662547032595778315a584d67626d46745a54306959584e7a615764755a575657595778315a534967646d467364575539496949674c7a344b4943416749434167494341674944786a64584e3062323036646d46736457567a4947356862575539496d467a63326c6e626d566c544746695a57776949485a686248566c50534c6d7459486e7149766c6a35486f7462666b75726f694943382b436941674943416749434167494341385933567a644739744f6e5a686248566c637942755957316c50534a6a5957356b61575268644756566332567963794967646d467364575539496949674c7a344b4943416749434167494341674944786a64584e3062323036646d46736457567a4947356862575539496d4e68626d52705a4746305a5564796233567763794967646d467364575539496949674c7a344b4943416749434167494341384c324e316333527662547077636d39775a584a306157567a50676f6749434167494341384c324a77625734365a5868305a57357a615739755257786c6257567564484d2b436941674943416749447869634731754f6d6c75593239746157356e506b5a73623364664d547776596e4274626a7070626d4e7662576c755a7a344b494341674943416750474a7762573436623356305a323970626d632b526d787664313877645734336147786f50433969634731754f6d3931644764766157356e50676f674943416750433969634731754f6e567a5a584a5559584e7250676f674943416750474a77625734366332567864575675593256476247393349476c6b50534a4762473933587a4231626a646f6247676949484e7664584a6a5a564a6c5a6a306951574e3061585a7064486c664d446c6b61444e364f534967644746795a325630556d566d50534a4259335270646d6c306556387762585a324e57686a4969417650676f674943416750474a77625734366332567864575675593256476247393349476c6b50534a4762473933587a42704d3231785a32456949484e7664584a6a5a564a6c5a6a306951574e3061585a7064486c664d473132646a566f59794967644746795a325630556d566d50534a46626d5246646d5675644638784969417650676f674943416750474a776257343664584e6c636c52686332736761575139496b466a64476c3261585235587a4274646e593161474d6950676f674943416749434138596e4274626a706c6548526c626e4e7062323546624756745a573530637a344b4943416749434167494341385933567a644739744f6e42796233426c636e52705a584d2b436941674943416749434167494341385933567a644739744f6e5a686248566c637942755957316c50534a6863334e705a32356c5a5652356347556949485a686248566c50534a46546c524a56466c665455464f51556446556949674c7a344b4943416749434167494341674944786a64584e3062323036646d46736457567a4947356862575539496d467a63326c6e626d566c566d46736457556949485a686248566c505349694943382b436941674943416749434167494341385933567a644739744f6e5a686248566c637942755957316c50534a6863334e705a32356c5a557868596d567349694232595778315a54306935613665354c325435377550353543474969417650676f6749434167494341674943416750474e316333527662547032595778315a584d67626d46745a543069593246755a476c6b5958526c56584e6c636e4d6949485a686248566c50534a5459584a6861434244614756754969417650676f6749434167494341674943416750474e316333527662547032595778315a584d67626d46745a543069593246755a476c6b5958526c52334a766458427a49694232595778315a5430694969417650676f6749434167494341674943416750474e316333527662547032595778315a584d67626d46745a5430695a6d397962556c6b49694232595778315a5430694e7949674c7a344b4943416749434167494341674944786a64584e3062323036646d46736457567a4947356862575539496d5a76636d314f5957316c49694232595778315a5430696447567a64455a76636d30694943382b4369416749434167494341675043396a64584e306232303663484a766347567964476c6c637a344b494341674943416750433969634731754f6d56346447567563326c76626b56735a57316c626e527a50676f674943416749434138596e4274626a7070626d4e7662576c755a7a354762473933587a4231626a646f624767384c324a77625734366157356a62323170626d632b436941674943416749447869634731754f6d3931644764766157356e506b5a73623364664d476b7a6258466e59547776596e4274626a70766458526e62326c755a7a344b4943416749447776596e4274626a7031633256795647467a617a344b494341384c324a776257343663484a765932567a637a344b49434138596e4274626d52704f6b4a51545535456157466e636d467449476c6b50534a435545314f52476c685a334a6862563878496a344b4943416749447869634731755a476b36516c424e546c42735957356c49476c6b50534a435545314f55477868626d56664d534967596e4274626b56735a57316c626e5139496c427962324e6c63334e664d53492b436941674943416749447869634731755a476b36516c424e546c4e6f5958426c49476c6b50534a5464474679644556325a573530587a46665a476b6949474a7762573546624756745a57353050534a5464474679644556325a573530587a456950676f6749434167494341674944786b597a7043623356755a484d67654430694d54677749694235505349784e6a4169494864705a48526f5053497a4e694967614756705a3268305053497a4e6949674c7a344b494341674943416749434138596e4274626d52704f6b4a515455354d59574a6c6244344b4943416749434167494341674944786b597a7043623356755a484d67654430694d54673349694235505349794d444d69494864705a48526f505349794d694967614756705a326830505349784e4349674c7a344b4943416749434167494341384c324a776257356b615470435545314f544746695a57772b436941674943416749447776596e4274626d52704f6b4a5154553554614746775a54344b494341674943416750474a776257356b615470435545314f553268686347556761575139496b56755a4556325a573530587a46665a476b6949474a7762573546624756745a57353050534a46626d5246646d567564463878496a344b4943416749434167494341385a474d36516d3931626d527a49486739496a59354d694967655430694d5459774969423361575230614430694d7a59694947686c6157646f644430694d7a59694943382b43694167494341674943416750474a776257356b615470435545314f544746695a57772b436941674943416749434167494341385a474d36516d3931626d527a49486739496a59354f534967655430694d6a417a4969423361575230614430694d6a49694947686c6157646f644430694d5451694943382b43694167494341674943416750433969634731755a476b36516c424e546b7868596d567350676f6749434167494341384c324a776257356b615470435545314f553268686347552b436941674943416749447869634731755a476b36516c424e546c4e6f5958426c49476c6b50534a4259335270646d6c30655638784d544a7164545a715832527049694269634731755257786c625756756444306951574e3061585a7064486c664d446c6b61444e364f53492b4369416749434167494341675047526a4f6b4a766457356b63794234505349794e6a416949486b39496a457a4f43496764326c6b64476739496a45774d434967614756705a326830505349344d4349674c7a344b494341674943416750433969634731755a476b36516c424e546c4e6f5958426c50676f674943416749434138596e4274626d52704f6b4a5154553554614746775a5342705a44306951574e3061585a7064486c664d446c35596d5a744e31396b61534967596e4274626b56735a57316c626e5139496b466a64476c3261585235587a4274646e593161474d6950676f6749434167494341674944786b597a7043623356755a484d67654430694e44457749694235505349784d7a6769494864705a48526f505349784d4441694947686c6157646f644430694f4441694943382b436941674943416749447776596e4274626d52704f6b4a5154553554614746775a54344b494341674943416750474a776257356b615470435545314f5257526e5a5342705a443069526d7876643138785832527049694269634731755257786c6257567564443069526d787664313878496a344b4943416749434167494341385a476b366432463563473970626e5167654430694d6a453249694235505349784e7a67694943382b436941674943416749434167504752704f6e6468655842766157353049486739496a49324d434967655430694d5463344969417650676f6749434167494341384c324a776257356b615470435545314f5257526e5a54344b494341674943416750474a776257356b615470435545314f5257526e5a5342705a443069526d787664313877645734336147786f5832527049694269634731755257786c6257567564443069526d787664313877645734336147786f496a344b4943416749434167494341385a476b366432463563473970626e5167654430694d7a597749694235505349784e7a67694943382b436941674943416749434167504752704f6e6468655842766157353049486739496a51784d434967655430694d5463344969417650676f6749434167494341384c324a776257356b615470435545314f5257526e5a54344b494341674943416750474a776257356b615470435545314f5257526e5a5342705a443069526d78766431387761544e74635764685832527049694269634731755257786c6257567564443069526d78766431387761544e7463576468496a344b4943416749434167494341385a476b366432463563473970626e5167654430694e54457749694235505349784e7a67694943382b436941674943416749434167504752704f6e6468655842766157353049486739496a59354d694967655430694d5463344969417650676f6749434167494341384c324a776257356b615470435545314f5257526e5a54344b4943416749447776596e4274626d52704f6b4a5154553551624746755a54344b494341384c324a776257356b615470435545314f52476c685a334a686254344b50433969634731754f6d526c5a6d6c75615852706232357a50676f3d222c226e616d65223a2254657374222c226465736372697074696f6e223a22227d', 'system', '2026-01-14 09:19:24.815438');
INSERT INTO public.dw_versions (id, function_unit_id, version_number, change_log, snapshot_data, published_by, published_at) VALUES (3, 2, '1.0.2', 'aa', '\x7b2270726f63657373586d6c223a225044393462577767646d567963326c76626a30694d5334774969426c626d4e765a476c755a7a3069565652474c546769507a344b50474a77625734365a47566d6157357064476c76626e4d6765473173626e4d3665484e7050534a6f644852774f693876643364334c6e637a4c6d39795a7938794d4441784c31684e54464e6a6147567459533170626e4e305957356a5a53496765473173626e4d36596e4274626a30696148523063446f764c336433647935766257637562334a6e4c334e775a574d76516c424e546938794d4445774d4455794e43394e543052465443496765473173626e4d36596e4274626d527050534a6f644852774f693876643364334c6d39745a793576636d63766333426c597939435545314f4c7a49774d5441774e5449304c30524a4969423462577875637a706b597a30696148523063446f764c336433647935766257637562334a6e4c334e775a574d76524551764d6a41784d4441314d6a517652454d69494868746247357a4f6d527050534a6f644852774f693876643364334c6d39745a793576636d63766333426c59793945524338794d4445774d4455794e4339455353496765473173626e4d365933567a6447397450534a6f644852774f6938765933567a644739744c6d4a77625734756157387663324e6f5a573168496942705a4430695247566d6157357064476c76626e4e664d534967644746795a325630546d46745a584e7759574e6c50534a6f644852774f693876596e4274626935706279397a5932686c62574576596e42746269492b4369416750474a776257343663484a765932567a637942705a44306955484a765932567a6331387849694270633056345a574e316447466962475539496e52796457556950676f674943416750474a776257343663335268636e5246646d5675644342705a44306955335268636e5246646d567564463878496942755957316c50534c6c7649446c7034736950676f674943416749434138596e4274626a70766458526e62326c755a7a354762473933587a45384c324a7762573436623356305a323970626d632b43694167494341384c324a776257343663335268636e5246646d56756444344b4943416749447869634731754f6d56755a4556325a57353049476c6b50534a46626d5246646d567564463878496942755957316c50534c6e7535506d6e5a386950676f674943416749434138596e4274626a7070626d4e7662576c755a7a354762473933587a42704d3231785a3245384c324a77625734366157356a62323170626d632b43694167494341384c324a77625734365a57356b52585a6c626e512b4369416749434138596e4274626a707a5a5846315a57356a5a555a736233636761575139496b5a73623364664d53496763323931636d4e6c556d566d50534a5464474679644556325a573530587a456949485268636d646c64464a6c5a6a306951574e3061585a7064486c664d446c6b61444e364f5349674c7a344b4943416749447869634731754f6e567a5a584a5559584e7249476c6b50534a4259335270646d6c30655638774f57526f4d336f35496a344b494341674943416750474a77625734365a5868305a57357a615739755257786c6257567564484d2b43694167494341674943416750474e316333527662547077636d39775a584a306157567a50676f6749434167494341674943416750474e316333527662547032595778315a584d67626d46745a5430695a6d397962556c6b49694232595778315a5430694e7949674c7a344b4943416749434167494341674944786a64584e3062323036646d46736457567a4947356862575539496d5a76636d314f5957316c49694232595778315a5430696447567a64455a76636d30694943382b436941674943416749434167494341385933567a644739744f6e5a686248566c637942755957316c50534a6d62334a745357516949485a686248566c505349334969417650676f6749434167494341674943416750474e316333527662547032595778315a584d67626d46745a5430695a6d3979625535686257556949485a686248566c50534a305a584e30526d3979625349674c7a344b4943416749434167494341674944786a64584e3062323036646d46736457567a4947356862575539496d5a76636d314a5a434967646d467364575539496a63694943382b436941674943416749434167494341385933567a644739744f6e5a686248566c637942755957316c50534a6d62334a74546d46745a534967646d467364575539496e526c6333524762334a744969417650676f6749434167494341674943416750474e316333527662547032595778315a584d67626d46745a54306959584e7a615764755a5756556558426c49694232595778315a5430695355354a56456c42564539534969417650676f6749434167494341674943416750474e316333527662547032595778315a584d67626d46745a54306959584e7a615764755a575657595778315a534967646d467364575539496949674c7a344b4943416749434167494341674944786a64584e3062323036646d46736457567a4947356862575539496d467a63326c6e626d566c544746695a57776949485a686248566c50534c6d7459486e7149766c6a35486f7462666b75726f694943382b436941674943416749434167494341385933567a644739744f6e5a686248566c637942755957316c50534a6a5957356b61575268644756566332567963794967646d467364575539496949674c7a344b4943416749434167494341674944786a64584e3062323036646d46736457567a4947356862575539496d4e68626d52705a4746305a5564796233567763794967646d467364575539496949674c7a344b4943416749434167494341384c324e316333527662547077636d39775a584a306157567a50676f6749434167494341384c324a77625734365a5868305a57357a615739755257786c6257567564484d2b436941674943416749447869634731754f6d6c75593239746157356e506b5a73623364664d547776596e4274626a7070626d4e7662576c755a7a344b494341674943416750474a7762573436623356305a323970626d632b526d787664313877645734336147786f50433969634731754f6d3931644764766157356e50676f674943416750433969634731754f6e567a5a584a5559584e7250676f674943416750474a77625734366332567864575675593256476247393349476c6b50534a4762473933587a4231626a646f6247676949484e7664584a6a5a564a6c5a6a306951574e3061585a7064486c664d446c6b61444e364f534967644746795a325630556d566d50534a4259335270646d6c306556387762585a324e57686a4969417650676f674943416750474a77625734366332567864575675593256476247393349476c6b50534a4762473933587a42704d3231785a32456949484e7664584a6a5a564a6c5a6a306951574e3061585a7064486c664d473132646a566f59794967644746795a325630556d566d50534a46626d5246646d5675644638784969417650676f674943416750474a776257343664584e6c636c52686332736761575139496b466a64476c3261585235587a4274646e593161474d6950676f674943416749434138596e4274626a706c6548526c626e4e7062323546624756745a573530637a344b4943416749434167494341385933567a644739744f6e42796233426c636e52705a584d2b436941674943416749434167494341385933567a644739744f6e5a686248566c637942755957316c50534a6863334e705a32356c5a5652356347556949485a686248566c50534a46546c524a56466c665455464f51556446556949674c7a344b4943416749434167494341674944786a64584e3062323036646d46736457567a4947356862575539496d467a63326c6e626d566c566d46736457556949485a686248566c505349694943382b436941674943416749434167494341385933567a644739744f6e5a686248566c637942755957316c50534a6863334e705a32356c5a557868596d567349694232595778315a54306935613665354c325435377550353543474969417650676f6749434167494341674943416750474e316333527662547032595778315a584d67626d46745a543069593246755a476c6b5958526c56584e6c636e4d6949485a686248566c50534a5459584a6861434244614756754969417650676f6749434167494341674943416750474e316333527662547032595778315a584d67626d46745a543069593246755a476c6b5958526c52334a766458427a49694232595778315a5430694969417650676f6749434167494341674943416750474e316333527662547032595778315a584d67626d46745a5430695a6d397962556c6b49694232595778315a5430694e7949674c7a344b4943416749434167494341674944786a64584e3062323036646d46736457567a4947356862575539496d5a76636d314f5957316c49694232595778315a5430696447567a64455a76636d30694943382b4369416749434167494341675043396a64584e306232303663484a766347567964476c6c637a344b494341674943416750433969634731754f6d56346447567563326c76626b56735a57316c626e527a50676f674943416749434138596e4274626a7070626d4e7662576c755a7a354762473933587a4231626a646f624767384c324a77625734366157356a62323170626d632b436941674943416749447869634731754f6d3931644764766157356e506b5a73623364664d476b7a6258466e59547776596e4274626a70766458526e62326c755a7a344b4943416749447776596e4274626a7031633256795647467a617a344b494341384c324a776257343663484a765932567a637a344b49434138596e4274626d52704f6b4a51545535456157466e636d467449476c6b50534a435545314f52476c685a334a6862563878496a344b4943416749447869634731755a476b36516c424e546c42735957356c49476c6b50534a435545314f55477868626d56664d534967596e4274626b56735a57316c626e5139496c427962324e6c63334e664d53492b436941674943416749447869634731755a476b36516c424e546c4e6f5958426c49476c6b50534a5464474679644556325a573530587a46665a476b6949474a7762573546624756745a57353050534a5464474679644556325a573530587a456950676f6749434167494341674944786b597a7043623356755a484d67654430694d54677749694235505349784e6a4169494864705a48526f5053497a4e694967614756705a3268305053497a4e6949674c7a344b494341674943416749434138596e4274626d52704f6b4a515455354d59574a6c6244344b4943416749434167494341674944786b597a7043623356755a484d67654430694d54673349694235505349794d444d69494864705a48526f505349794d694967614756705a326830505349784e4349674c7a344b4943416749434167494341384c324a776257356b615470435545314f544746695a57772b436941674943416749447776596e4274626d52704f6b4a5154553554614746775a54344b494341674943416750474a776257356b615470435545314f553268686347556761575139496b56755a4556325a573530587a46665a476b6949474a7762573546624756745a57353050534a46626d5246646d567564463878496a344b4943416749434167494341385a474d36516d3931626d527a49486739496a59354d694967655430694d5459774969423361575230614430694d7a59694947686c6157646f644430694d7a59694943382b43694167494341674943416750474a776257356b615470435545314f544746695a57772b436941674943416749434167494341385a474d36516d3931626d527a49486739496a59354f534967655430694d6a417a4969423361575230614430694d6a49694947686c6157646f644430694d5451694943382b43694167494341674943416750433969634731755a476b36516c424e546b7868596d567350676f6749434167494341384c324a776257356b615470435545314f553268686347552b436941674943416749447869634731755a476b36516c424e546c4e6f5958426c49476c6b50534a4259335270646d6c30655638784d544a7164545a715832527049694269634731755257786c625756756444306951574e3061585a7064486c664d446c6b61444e364f53492b4369416749434167494341675047526a4f6b4a766457356b63794234505349794e6a416949486b39496a457a4f43496764326c6b64476739496a45774d434967614756705a326830505349344d4349674c7a344b494341674943416750433969634731755a476b36516c424e546c4e6f5958426c50676f674943416749434138596e4274626d52704f6b4a5154553554614746775a5342705a44306951574e3061585a7064486c664d446c35596d5a744e31396b61534967596e4274626b56735a57316c626e5139496b466a64476c3261585235587a4274646e593161474d6950676f6749434167494341674944786b597a7043623356755a484d67654430694e44457749694235505349784d7a6769494864705a48526f505349784d4441694947686c6157646f644430694f4441694943382b436941674943416749447776596e4274626d52704f6b4a5154553554614746775a54344b494341674943416750474a776257356b615470435545314f5257526e5a5342705a443069526d7876643138785832527049694269634731755257786c6257567564443069526d787664313878496a344b4943416749434167494341385a476b366432463563473970626e5167654430694d6a453249694235505349784e7a67694943382b436941674943416749434167504752704f6e6468655842766157353049486739496a49324d434967655430694d5463344969417650676f6749434167494341384c324a776257356b615470435545314f5257526e5a54344b494341674943416750474a776257356b615470435545314f5257526e5a5342705a443069526d787664313877645734336147786f5832527049694269634731755257786c6257567564443069526d787664313877645734336147786f496a344b4943416749434167494341385a476b366432463563473970626e5167654430694d7a597749694235505349784e7a67694943382b436941674943416749434167504752704f6e6468655842766157353049486739496a51784d434967655430694d5463344969417650676f6749434167494341384c324a776257356b615470435545314f5257526e5a54344b494341674943416750474a776257356b615470435545314f5257526e5a5342705a443069526d78766431387761544e74635764685832527049694269634731755257786c6257567564443069526d78766431387761544e7463576468496a344b4943416749434167494341385a476b366432463563473970626e5167654430694e54457749694235505349784e7a67694943382b436941674943416749434167504752704f6e6468655842766157353049486739496a59354d694967655430694d5463344969417650676f6749434167494341384c324a776257356b615470435545314f5257526e5a54344b4943416749447776596e4274626d52704f6b4a5154553551624746755a54344b494341384c324a776257356b615470435545314f52476c685a334a686254344b50433969634731754f6d526c5a6d6c75615852706232357a50676f3d222c226e616d65223a2254657374222c226465736372697074696f6e223a22227d', 'system', '2026-01-14 09:20:09.63227');
INSERT INTO public.dw_versions (id, function_unit_id, version_number, change_log, snapshot_data, published_by, published_at) VALUES (5, 2, '1.0.4', '', '\x7b2270726f63657373586d6c223a225044393462577767646d567963326c76626a30694d5334774969426c626d4e765a476c755a7a3069565652474c546769507a344b50474a77625734365a47566d6157357064476c76626e4d6765473173626e4d3665484e7050534a6f644852774f693876643364334c6e637a4c6d39795a7938794d4441784c31684e54464e6a6147567459533170626e4e305957356a5a53496765473173626e4d36596e4274626a30696148523063446f764c336433647935766257637562334a6e4c334e775a574d76516c424e546938794d4445774d4455794e43394e543052465443496765473173626e4d36596e4274626d527050534a6f644852774f693876643364334c6d39745a793576636d63766333426c597939435545314f4c7a49774d5441774e5449304c30524a4969423462577875637a706b597a30696148523063446f764c336433647935766257637562334a6e4c334e775a574d76524551764d6a41784d4441314d6a517652454d69494868746247357a4f6d527050534a6f644852774f693876643364334c6d39745a793576636d63766333426c59793945524338794d4445774d4455794e4339455353496765473173626e4d365933567a6447397450534a6f644852774f6938765933567a644739744c6d4a77625734756157387663324e6f5a573168496942705a4430695247566d6157357064476c76626e4e664d534967644746795a325630546d46745a584e7759574e6c50534a6f644852774f693876596e4274626935706279397a5932686c62574576596e42746269492b4369416750474a776257343663484a765932567a637942705a44306955484a765932567a6331387849694270633056345a574e316447466962475539496e52796457556950676f674943416750474a776257343663335268636e5246646d5675644342705a44306955335268636e5246646d567564463878496942755957316c50534c6c7649446c7034736950676f674943416749434138596e4274626a70766458526e62326c755a7a354762473933587a45384c324a7762573436623356305a323970626d632b43694167494341384c324a776257343663335268636e5246646d56756444344b4943416749447869634731754f6d56755a4556325a57353049476c6b50534a46626d5246646d567564463878496942755957316c50534c6e7535506d6e5a386950676f674943416749434138596e4274626a7070626d4e7662576c755a7a354762473933587a42704d3231785a3245384c324a77625734366157356a62323170626d632b43694167494341384c324a77625734365a57356b52585a6c626e512b4369416749434138596e4274626a707a5a5846315a57356a5a555a736233636761575139496b5a73623364664d53496763323931636d4e6c556d566d50534a5464474679644556325a573530587a456949485268636d646c64464a6c5a6a306951574e3061585a7064486c664d446c6b61444e364f5349674c7a344b4943416749447869634731754f6e567a5a584a5559584e7249476c6b50534a4259335270646d6c30655638774f57526f4d336f35496a344b494341674943416750474a77625734365a5868305a57357a615739755257786c6257567564484d2b43694167494341674943416750474e316333527662547077636d39775a584a306157567a50676f6749434167494341674943416750474e316333527662547032595778315a584d67626d46745a5430695a6d397962556c6b49694232595778315a5430694e7949674c7a344b4943416749434167494341674944786a64584e3062323036646d46736457567a4947356862575539496d5a76636d314f5957316c49694232595778315a5430696447567a64455a76636d30694943382b436941674943416749434167494341385933567a644739744f6e5a686248566c637942755957316c50534a6d62334a745357516949485a686248566c505349334969417650676f6749434167494341674943416750474e316333527662547032595778315a584d67626d46745a5430695a6d3979625535686257556949485a686248566c50534a305a584e30526d3979625349674c7a344b4943416749434167494341674944786a64584e3062323036646d46736457567a4947356862575539496d5a76636d314a5a434967646d467364575539496a63694943382b436941674943416749434167494341385933567a644739744f6e5a686248566c637942755957316c50534a6d62334a74546d46745a534967646d467364575539496e526c6333524762334a744969417650676f6749434167494341674943416750474e316333527662547032595778315a584d67626d46745a54306959584e7a615764755a5756556558426c49694232595778315a543069566b6c535646564254463948556b3956554349674c7a344b4943416749434167494341674944786a64584e3062323036646d46736457567a4947356862575539496d467a63326c6e626d566c566d46736457556949485a686248566c50534a325a79316862477774625746755957646c636e4d694943382b436941674943416749434167494341385933567a644739744f6e5a686248566c637942755957316c50534a6863334e705a32356c5a557868596d567349694232595778315a5430695157787349453168626d466e5a584a7a4969417650676f6749434167494341674943416750474e316333527662547032595778315a584d67626d46745a543069593246755a476c6b5958526c56584e6c636e4d6949485a686248566c505349694943382b436941674943416749434167494341385933567a644739744f6e5a686248566c637942755957316c50534a6a5957356b6157526864475648636d393163484d6949485a686248566c505349694943382b4369416749434167494341675043396a64584e306232303663484a766347567964476c6c637a344b494341674943416750433969634731754f6d56346447567563326c76626b56735a57316c626e527a50676f674943416749434138596e4274626a7070626d4e7662576c755a7a354762473933587a45384c324a77625734366157356a62323170626d632b436941674943416749447869634731754f6d3931644764766157356e506b5a73623364664d4856754e32687361447776596e4274626a70766458526e62326c755a7a344b4943416749447776596e4274626a7031633256795647467a617a344b4943416749447869634731754f6e4e6c6358566c626d4e6c526d7876647942705a443069526d787664313877645734336147786f4969427a62335679593256535a575939496b466a64476c3261585235587a41355a47677a656a6b6949485268636d646c64464a6c5a6a306951574e3061585a7064486c664d473132646a566f597949674c7a344b4943416749447869634731754f6e4e6c6358566c626d4e6c526d7876647942705a443069526d78766431387761544e74635764684969427a62335679593256535a575939496b466a64476c3261585235587a4274646e593161474d6949485268636d646c64464a6c5a6a30695257356b52585a6c626e52664d5349674c7a344b4943416749447869634731754f6e567a5a584a5559584e7249476c6b50534a4259335270646d6c306556387762585a324e57686a496a344b494341674943416750474a77625734365a5868305a57357a615739755257786c6257567564484d2b43694167494341674943416750474e316333527662547077636d39775a584a306157567a50676f6749434167494341674943416750474e316333527662547032595778315a584d67626d46745a54306959584e7a615764755a5756556558426c49694232595778315a543069525535555356525a58303142546b4648525649694943382b436941674943416749434167494341385933567a644739744f6e5a686248566c637942755957316c50534a6863334e705a32356c5a565a686248566c49694232595778315a5430694969417650676f6749434167494341674943416750474e316333527662547032595778315a584d67626d46745a54306959584e7a615764755a57564d59574a6c62434967646d467364575539497557756e7553396b2b65376a2b6551686949674c7a344b4943416749434167494341674944786a64584e3062323036646d46736457567a4947356862575539496d4e68626d52705a4746305a56567a5a584a7a49694232595778315a54306955324679595767675132686c626949674c7a344b4943416749434167494341674944786a64584e3062323036646d46736457567a4947356862575539496d4e68626d52705a4746305a5564796233567763794967646d467364575539496949674c7a344b4943416749434167494341674944786a64584e3062323036646d46736457567a4947356862575539496d5a76636d314a5a434967646d467364575539496a63694943382b436941674943416749434167494341385933567a644739744f6e5a686248566c637942755957316c50534a6d62334a74546d46745a534967646d467364575539496e526c6333524762334a744969417650676f674943416749434167494477765933567a644739744f6e42796233426c636e52705a584d2b436941674943416749447776596e4274626a706c6548526c626e4e7062323546624756745a573530637a344b494341674943416750474a77625734366157356a62323170626d632b526d787664313877645734336147786f50433969634731754f6d6c75593239746157356e50676f674943416749434138596e4274626a70766458526e62326c755a7a354762473933587a42704d3231785a3245384c324a7762573436623356305a323970626d632b43694167494341384c324a776257343664584e6c636c52686332732b4369416750433969634731754f6e427962324e6c63334d2b4369416750474a776257356b615470435545314f52476c685a334a68625342705a443069516c424e546b527059576479595731664d53492b4369416749434138596e4274626d52704f6b4a5154553551624746755a5342705a443069516c424e546c42735957356c587a456949474a7762573546624756745a57353050534a51636d396a5a584e7a587a456950676f674943416749434138596e4274626d52704f6b4a5154553554614746775a5342705a44306955335268636e5246646d5675644638785832527049694269634731755257786c625756756444306955335268636e5246646d567564463878496a344b4943416749434167494341385a474d36516d3931626d527a49486739496a45344d434967655430694d5459774969423361575230614430694d7a59694947686c6157646f644430694d7a59694943382b43694167494341674943416750474a776257356b615470435545314f544746695a57772b436941674943416749434167494341385a474d36516d3931626d527a49486739496a45344e794967655430694d6a417a4969423361575230614430694d6a49694947686c6157646f644430694d5451694943382b43694167494341674943416750433969634731755a476b36516c424e546b7868596d567350676f6749434167494341384c324a776257356b615470435545314f553268686347552b436941674943416749447869634731755a476b36516c424e546c4e6f5958426c49476c6b50534a46626d5246646d5675644638785832527049694269634731755257786c62575675644430695257356b52585a6c626e52664d53492b4369416749434167494341675047526a4f6b4a766457356b63794234505349324f54496949486b39496a45324d43496764326c6b64476739496a4d324969426f5a576c6e61485139496a4d324969417650676f67494341674943416749447869634731755a476b36516c424e546b7868596d567350676f674943416749434167494341675047526a4f6b4a766457356b63794234505349324f546b6949486b39496a49774d79496764326c6b64476739496a49794969426f5a576c6e61485139496a45304969417650676f67494341674943416749447776596e4274626d52704f6b4a515455354d59574a6c6244344b494341674943416750433969634731755a476b36516c424e546c4e6f5958426c50676f674943416749434138596e4274626d52704f6b4a5154553554614746775a5342705a44306951574e3061585a7064486c664d544579616e5532616c396b61534967596e4274626b56735a57316c626e5139496b466a64476c3261585235587a41355a47677a656a6b6950676f6749434167494341674944786b597a7043623356755a484d67654430694d6a597749694235505349784d7a6769494864705a48526f505349784d4441694947686c6157646f644430694f4441694943382b436941674943416749447776596e4274626d52704f6b4a5154553554614746775a54344b494341674943416750474a776257356b615470435545314f553268686347556761575139496b466a64476c3261585235587a413565574a6d625464665a476b6949474a7762573546624756745a57353050534a4259335270646d6c306556387762585a324e57686a496a344b4943416749434167494341385a474d36516d3931626d527a49486739496a51784d434967655430694d544d344969423361575230614430694d5441774969426f5a576c6e61485139496a67774969417650676f6749434167494341384c324a776257356b615470435545314f553268686347552b436941674943416749447869634731755a476b36516c424e546b566b5a32556761575139496b5a73623364664d56396b61534967596e4274626b56735a57316c626e5139496b5a73623364664d53492b436941674943416749434167504752704f6e6468655842766157353049486739496a49784e694967655430694d5463344969417650676f6749434167494341674944786b6154703359586c7762326c7564434234505349794e6a416949486b39496a45334f4349674c7a344b494341674943416750433969634731755a476b36516c424e546b566b5a32552b436941674943416749447869634731755a476b36516c424e546b566b5a32556761575139496b5a73623364664d4856754e3268736146396b61534967596e4274626b56735a57316c626e5139496b5a73623364664d4856754e3268736143492b436941674943416749434167504752704f6e6468655842766157353049486739496a4d324d434967655430694d5463344969417650676f6749434167494341674944786b6154703359586c7762326c7564434234505349304d54416949486b39496a45334f4349674c7a344b494341674943416750433969634731755a476b36516c424e546b566b5a32552b436941674943416749447869634731755a476b36516c424e546b566b5a32556761575139496b5a73623364664d476b7a6258466e5956396b61534967596e4274626b56735a57316c626e5139496b5a73623364664d476b7a6258466e5953492b436941674943416749434167504752704f6e6468655842766157353049486739496a55784d434967655430694d5463344969417650676f6749434167494341674944786b6154703359586c7762326c7564434234505349324f54496949486b39496a45334f4349674c7a344b494341674943416750433969634731755a476b36516c424e546b566b5a32552b43694167494341384c324a776257356b615470435545314f55477868626d552b4369416750433969634731755a476b36516c424e546b5270595764795957302b436a7776596e4274626a706b5a575a70626d6c3061573975637a344b222c226e616d65223a2254657374222c226465736372697074696f6e223a22227d', 'system', '2026-01-15 09:25:04.468569');
INSERT INTO public.dw_versions (id, function_unit_id, version_number, change_log, snapshot_data, published_by, published_at) VALUES (6, 2, '1.0.5', '', '\x7b2270726f63657373586d6c223a225044393462577767646d567963326c76626a30694d5334774969426c626d4e765a476c755a7a3069565652474c546769507a344b50474a77625734365a47566d6157357064476c76626e4d6765473173626e4d3665484e7050534a6f644852774f693876643364334c6e637a4c6d39795a7938794d4441784c31684e54464e6a6147567459533170626e4e305957356a5a53496765473173626e4d36596e4274626a30696148523063446f764c336433647935766257637562334a6e4c334e775a574d76516c424e546938794d4445774d4455794e43394e543052465443496765473173626e4d36596e4274626d527050534a6f644852774f693876643364334c6d39745a793576636d63766333426c597939435545314f4c7a49774d5441774e5449304c30524a4969423462577875637a706b597a30696148523063446f764c336433647935766257637562334a6e4c334e775a574d76524551764d6a41784d4441314d6a517652454d69494868746247357a4f6d527050534a6f644852774f693876643364334c6d39745a793576636d63766333426c59793945524338794d4445774d4455794e4339455353496765473173626e4d365933567a6447397450534a6f644852774f6938765933567a644739744c6d4a77625734756157387663324e6f5a573168496942705a4430695247566d6157357064476c76626e4e664d534967644746795a325630546d46745a584e7759574e6c50534a6f644852774f693876596e4274626935706279397a5932686c62574576596e42746269492b4369416750474a776257343663484a765932567a637942705a44306955484a765932567a6331387849694270633056345a574e316447466962475539496e52796457556950676f674943416750474a776257343663335268636e5246646d5675644342705a44306955335268636e5246646d567564463878496942755957316c50534c6c7649446c7034736950676f674943416749434138596e4274626a70766458526e62326c755a7a354762473933587a45384c324a7762573436623356305a323970626d632b43694167494341384c324a776257343663335268636e5246646d56756444344b4943416749447869634731754f6d56755a4556325a57353049476c6b50534a46626d5246646d567564463878496942755957316c50534c6e7535506d6e5a386950676f674943416749434138596e4274626a7070626d4e7662576c755a7a354762473933587a42704d3231785a3245384c324a77625734366157356a62323170626d632b43694167494341384c324a77625734365a57356b52585a6c626e512b4369416749434138596e4274626a707a5a5846315a57356a5a555a736233636761575139496b5a73623364664d53496763323931636d4e6c556d566d50534a5464474679644556325a573530587a456949485268636d646c64464a6c5a6a306951574e3061585a7064486c664d446c6b61444e364f5349674c7a344b4943416749447869634731754f6e567a5a584a5559584e7249476c6b50534a4259335270646d6c30655638774f57526f4d336f35496a344b494341674943416750474a77625734365a5868305a57357a615739755257786c6257567564484d2b43694167494341674943416750474e316333527662547077636d39775a584a306157567a50676f6749434167494341674943416750474e316333527662547032595778315a584d67626d46745a5430695a6d397962556c6b49694232595778315a5430694e7949674c7a344b4943416749434167494341674944786a64584e3062323036646d46736457567a4947356862575539496d5a76636d314f5957316c49694232595778315a5430696447567a64455a76636d30694943382b436941674943416749434167494341385933567a644739744f6e5a686248566c637942755957316c50534a6d62334a745357516949485a686248566c505349334969417650676f6749434167494341674943416750474e316333527662547032595778315a584d67626d46745a5430695a6d3979625535686257556949485a686248566c50534a305a584e30526d3979625349674c7a344b4943416749434167494341674944786a64584e3062323036646d46736457567a4947356862575539496d5a76636d314a5a434967646d467364575539496a63694943382b436941674943416749434167494341385933567a644739744f6e5a686248566c637942755957316c50534a6d62334a74546d46745a534967646d467364575539496e526c6333524762334a744969417650676f6749434167494341674943416750474e316333527662547032595778315a584d67626d46745a54306959584e7a615764755a5756556558426c49694232595778315a543069526b6c595255526652455651564349674c7a344b4943416749434167494341674944786a64584e3062323036646d46736457567a4947356862575539496d467a63326c6e626d566c566d46736457556949485a686248566c50534a45525642554c5568534969417650676f6749434167494341674943416750474e316333527662547032595778315a584d67626d46745a54306959584e7a615764755a57564d59574a6c62434967646d467364575539496b68316257467549464a6c63323931636d4e6c637949674c7a344b4943416749434167494341674944786a64584e3062323036646d46736457567a4947356862575539496d4e68626d52705a4746305a56567a5a584a7a49694232595778315a5430694969417650676f6749434167494341674943416750474e316333527662547032595778315a584d67626d46745a543069593246755a476c6b5958526c52334a766458427a49694232595778315a5430694969417650676f674943416749434167494477765933567a644739744f6e42796233426c636e52705a584d2b436941674943416749447776596e4274626a706c6548526c626e4e7062323546624756745a573530637a344b494341674943416750474a77625734366157356a62323170626d632b526d78766431387850433969634731754f6d6c75593239746157356e50676f674943416749434138596e4274626a70766458526e62326c755a7a354762473933587a4231626a646f624767384c324a7762573436623356305a323970626d632b43694167494341384c324a776257343664584e6c636c52686332732b4369416749434138596e4274626a707a5a5846315a57356a5a555a736233636761575139496b5a73623364664d4856754e3268736143496763323931636d4e6c556d566d50534a4259335270646d6c30655638774f57526f4d336f354969423059584a6e5a5852535a575939496b466a64476c3261585235587a4274646e593161474d694943382b4369416749434138596e4274626a707a5a5846315a57356a5a555a736233636761575139496b5a73623364664d476b7a6258466e5953496763323931636d4e6c556d566d50534a4259335270646d6c306556387762585a324e57686a4969423059584a6e5a5852535a575939496b56755a4556325a573530587a45694943382b4369416749434138596e4274626a7031633256795647467a617942705a44306951574e3061585a7064486c664d473132646a566f5979492b436941674943416749447869634731754f6d56346447567563326c76626b56735a57316c626e527a50676f6749434167494341674944786a64584e306232303663484a766347567964476c6c637a344b4943416749434167494341674944786a64584e3062323036646d46736457567a4947356862575539496d467a63326c6e626d566c56486c775a534967646d467364575539496b5a4a5745564558305246554651694943382b436941674943416749434167494341385933567a644739744f6e5a686248566c637942755957316c50534a6863334e705a32356c5a565a686248566c49694232595778315a543069524556515643314454314a514c554a42546b744a546b63694943382b436941674943416749434167494341385933567a644739744f6e5a686248566c637942755957316c50534a6863334e705a32356c5a557868596d567349694232595778315a54306951323979634739795958526c49454a68626d7470626d63694943382b436941674943416749434167494341385933567a644739744f6e5a686248566c637942755957316c50534a6a5957356b61575268644756566332567963794967646d467364575539496949674c7a344b4943416749434167494341674944786a64584e3062323036646d46736457567a4947356862575539496d4e68626d52705a4746305a5564796233567763794967646d467364575539496949674c7a344b4943416749434167494341674944786a64584e3062323036646d46736457567a4947356862575539496d5a76636d314a5a434967646d467364575539496a63694943382b436941674943416749434167494341385933567a644739744f6e5a686248566c637942755957316c50534a6d62334a74546d46745a534967646d467364575539496e526c6333524762334a744969417650676f674943416749434167494477765933567a644739744f6e42796233426c636e52705a584d2b436941674943416749447776596e4274626a706c6548526c626e4e7062323546624756745a573530637a344b494341674943416750474a77625734366157356a62323170626d632b526d787664313877645734336147786f50433969634731754f6d6c75593239746157356e50676f674943416749434138596e4274626a70766458526e62326c755a7a354762473933587a42704d3231785a3245384c324a7762573436623356305a323970626d632b43694167494341384c324a776257343664584e6c636c52686332732b4369416750433969634731754f6e427962324e6c63334d2b4369416750474a776257356b615470435545314f52476c685a334a68625342705a443069516c424e546b527059576479595731664d53492b4369416749434138596e4274626d52704f6b4a5154553551624746755a5342705a443069516c424e546c42735957356c587a456949474a7762573546624756745a57353050534a51636d396a5a584e7a587a456950676f674943416749434138596e4274626d52704f6b4a5154553554614746775a5342705a44306955335268636e5246646d5675644638785832527049694269634731755257786c625756756444306955335268636e5246646d567564463878496a344b4943416749434167494341385a474d36516d3931626d527a49486739496a45344d434967655430694d5459774969423361575230614430694d7a59694947686c6157646f644430694d7a59694943382b43694167494341674943416750474a776257356b615470435545314f544746695a57772b436941674943416749434167494341385a474d36516d3931626d527a49486739496a45344e794967655430694d6a417a4969423361575230614430694d6a49694947686c6157646f644430694d5451694943382b43694167494341674943416750433969634731755a476b36516c424e546b7868596d567350676f6749434167494341384c324a776257356b615470435545314f553268686347552b436941674943416749447869634731755a476b36516c424e546c4e6f5958426c49476c6b50534a46626d5246646d5675644638785832527049694269634731755257786c62575675644430695257356b52585a6c626e52664d53492b4369416749434167494341675047526a4f6b4a766457356b63794234505349324f54496949486b39496a45324d43496764326c6b64476739496a4d324969426f5a576c6e61485139496a4d324969417650676f67494341674943416749447869634731755a476b36516c424e546b7868596d567350676f674943416749434167494341675047526a4f6b4a766457356b63794234505349324f546b6949486b39496a49774d79496764326c6b64476739496a49794969426f5a576c6e61485139496a45304969417650676f67494341674943416749447776596e4274626d52704f6b4a515455354d59574a6c6244344b494341674943416750433969634731755a476b36516c424e546c4e6f5958426c50676f674943416749434138596e4274626d52704f6b4a5154553554614746775a5342705a44306951574e3061585a7064486c664d544579616e5532616c396b61534967596e4274626b56735a57316c626e5139496b466a64476c3261585235587a41355a47677a656a6b6950676f6749434167494341674944786b597a7043623356755a484d67654430694d6a597749694235505349784d7a6769494864705a48526f505349784d4441694947686c6157646f644430694f4441694943382b436941674943416749447776596e4274626d52704f6b4a5154553554614746775a54344b494341674943416750474a776257356b615470435545314f553268686347556761575139496b466a64476c3261585235587a413565574a6d625464665a476b6949474a7762573546624756745a57353050534a4259335270646d6c306556387762585a324e57686a496a344b4943416749434167494341385a474d36516d3931626d527a49486739496a51784d434967655430694d544d344969423361575230614430694d5441774969426f5a576c6e61485139496a67774969417650676f6749434167494341384c324a776257356b615470435545314f553268686347552b436941674943416749447869634731755a476b36516c424e546b566b5a32556761575139496b5a73623364664d56396b61534967596e4274626b56735a57316c626e5139496b5a73623364664d53492b436941674943416749434167504752704f6e6468655842766157353049486739496a49784e694967655430694d5463344969417650676f6749434167494341674944786b6154703359586c7762326c7564434234505349794e6a416949486b39496a45334f4349674c7a344b494341674943416750433969634731755a476b36516c424e546b566b5a32552b436941674943416749447869634731755a476b36516c424e546b566b5a32556761575139496b5a73623364664d4856754e3268736146396b61534967596e4274626b56735a57316c626e5139496b5a73623364664d4856754e3268736143492b436941674943416749434167504752704f6e6468655842766157353049486739496a4d324d434967655430694d5463344969417650676f6749434167494341674944786b6154703359586c7762326c7564434234505349304d54416949486b39496a45334f4349674c7a344b494341674943416750433969634731755a476b36516c424e546b566b5a32552b436941674943416749447869634731755a476b36516c424e546b566b5a32556761575139496b5a73623364664d476b7a6258466e5956396b61534967596e4274626b56735a57316c626e5139496b5a73623364664d476b7a6258466e5953492b436941674943416749434167504752704f6e6468655842766157353049486739496a55784d434967655430694d5463344969417650676f6749434167494341674944786b6154703359586c7762326c7564434234505349324f54496949486b39496a45334f4349674c7a344b494341674943416750433969634731755a476b36516c424e546b566b5a32552b43694167494341384c324a776257356b615470435545314f55477868626d552b4369416750433969634731755a476b36516c424e546b5270595764795957302b436a7776596e4274626a706b5a575a70626d6c3061573975637a344b222c226e616d65223a2254657374222c226465736372697074696f6e223a22227d', 'system', '2026-01-15 09:36:20.621888');
INSERT INTO public.dw_versions (id, function_unit_id, version_number, change_log, snapshot_data, published_by, published_at) VALUES (7, 2, '1.0.6', '', '\x7b2270726f63657373586d6c223a225044393462577767646d567963326c76626a30694d5334774969426c626d4e765a476c755a7a3069565652474c546769507a3438596e4274626a706b5a575a70626d6c30615739756379423462577875637a703463326b39496d6830644841364c79393364336375647a4d7562334a6e4c7a49774d4445765745314d55324e6f5a5731684c576c7563335268626d4e6c4969423462577875637a70696347317550534a6f644852774f693876643364334c6d39745a793576636d63766333426c597939435545314f4c7a49774d5441774e5449304c3031505245564d4969423462577875637a7069634731755a476b39496d6830644841364c793933643363756232316e4c6d39795a79397a6347566a4c304a51545534764d6a41784d4441314d6a517652456b69494868746247357a4f6d526a50534a6f644852774f693876643364334c6d39745a793576636d63766333426c59793945524338794d4445774d4455794e4339455179496765473173626e4d365a476b39496d6830644841364c793933643363756232316e4c6d39795a79397a6347566a4c3052454c7a49774d5441774e5449304c30524a4969423462577875637a706a64584e3062323039496d6830644841364c79396a64584e3062323075596e4274626935706279397a5932686c6257456949476c6b50534a455a575a70626d6c3061573975633138784969423059584a6e5a58524f5957316c6333426859325539496d6830644841364c793969634731754c6d6c764c334e6a614756745953396963473175496a344b49434138596e4274626a7077636d396a5a584e7a49476c6b50534a51636d396a5a584e7a587a456949476c7a5258686c5933563059574a735a54306964484a315a53492b4369416749434138596e4274626a707a64474679644556325a57353049476c6b50534a5464474679644556325a573530587a4569494735686257553949755738674f576e6979492b436941674943416749447869634731754f6d3931644764766157356e506b5a73623364664d547776596e4274626a70766458526e62326c755a7a344b4943416749447776596e4274626a707a64474679644556325a57353050676f674943416750474a77625734365a57356b52585a6c626e516761575139496b56755a4556325a573530587a45694947356862575539497565376b2b61646e79492b436941674943416749447869634731754f6d6c75593239746157356e506b5a73623364664d476b7a6258466e59547776596e4274626a7070626d4e7662576c755a7a344b4943416749447776596e4274626a706c626d5246646d56756444344b4943416749447869634731754f6e4e6c6358566c626d4e6c526d7876647942705a443069526d7876643138784969427a62335679593256535a575939496c4e3059584a3052585a6c626e52664d534967644746795a325630556d566d50534a4259335270646d6c30655638774f57526f4d336f354969382b4369416749434138596e4274626a7031633256795647467a617942705a44306951574e3061585a7064486c664d446c6b61444e364f53492b436941674943416749447869634731754f6d56346447567563326c76626b56735a57316c626e527a50676f6749434167494341674944786a64584e306232303663484a766347567964476c6c637a344b49434167494341674943416749416f674943416749434167494341674369416749434167494341674943414b49434167494341674943416749416f674943416749434167494341674369416749434167494341674943414b4943416749434167494341674944786a64584e3062323036646d46736457567a4947356862575539496d467a63326c6e626d566c56486c775a534967646d467364575539496b5a4a5745564558305246554651694c7a344b4943416749434167494341674944786a64584e3062323036646d46736457567a4947356862575539496d467a63326c6e626d566c566d46736457556949485a686248566c50534a45525642554c5568534969382b436941674943416749434167494341385933567a644739744f6e5a686248566c637942755957316c50534a6863334e705a32356c5a557868596d567349694232595778315a5430695348567459573467556d567a623356795932567a4969382b436941674943416749434167494341385933567a644739744f6e5a686248566c637942755957316c50534a6a5957356b61575268644756566332567963794967646d4673645755394969497650676f6749434167494341674943416750474e316333527662547032595778315a584d67626d46745a543069593246755a476c6b5958526c52334a766458427a49694232595778315a5430694969382b43694167494341674943416750474e316333527662547077636d39775a584a30655342755957316c50534a6d62334a745357516949485a686248566c505349334969382b50474e316333527662547077636d39775a584a30655342755957316c50534a6d62334a74546d46745a534967646d467364575539496e526c6333524762334a744969382b5043396a64584e306232303663484a766347567964476c6c637a344b494341674943416750433969634731754f6d56346447567563326c76626b56735a57316c626e527a50676f674943416749434138596e4274626a7070626d4e7662576c755a7a354762473933587a45384c324a77625734366157356a62323170626d632b436941674943416749447869634731754f6d3931644764766157356e506b5a73623364664d4856754e32687361447776596e4274626a70766458526e62326c755a7a344b4943416749447776596e4274626a7031633256795647467a617a344b4943416749447869634731754f6e4e6c6358566c626d4e6c526d7876647942705a443069526d787664313877645734336147786f4969427a62335679593256535a575939496b466a64476c3261585235587a41355a47677a656a6b6949485268636d646c64464a6c5a6a306951574e3061585a7064486c664d473132646a566f5979497650676f674943416750474a77625734366332567864575675593256476247393349476c6b50534a4762473933587a42704d3231785a32456949484e7664584a6a5a564a6c5a6a306951574e3061585a7064486c664d473132646a566f59794967644746795a325630556d566d50534a46626d5246646d5675644638784969382b4369416749434138596e4274626a7031633256795647467a617942705a44306951574e3061585a7064486c664d473132646a566f5979492b436941674943416749447869634731754f6d56346447567563326c76626b56735a57316c626e527a50676f6749434167494341674944786a64584e306232303663484a766347567964476c6c637a344b4943416749434167494341674944786a64584e3062323036646d46736457567a4947356862575539496d467a63326c6e626d566c56486c775a534967646d467364575539496b5a4a5745564558305246554651694c7a344b4943416749434167494341674944786a64584e3062323036646d46736457567a4947356862575539496d467a63326c6e626d566c566d46736457556949485a686248566c50534a45525642554c554e50556c4174516b464f53306c4f5279497650676f6749434167494341674943416750474e316333527662547032595778315a584d67626d46745a54306959584e7a615764755a57564d59574a6c62434967646d467364575539496b4e76636e4276636d46305a534243595735726157356e4969382b436941674943416749434167494341385933567a644739744f6e5a686248566c637942755957316c50534a6a5957356b61575268644756566332567963794967646d4673645755394969497650676f6749434167494341674943416750474e316333527662547032595778315a584d67626d46745a543069593246755a476c6b5958526c52334a766458427a49694232595778315a5430694969382b4369416749434167494341674943414b49434167494341674943416749416f674943416749434167494477765933567a644739744f6e42796233426c636e52705a584d2b436941674943416749447776596e4274626a706c6548526c626e4e7062323546624756745a573530637a344b494341674943416750474a77625734366157356a62323170626d632b526d787664313877645734336147786f50433969634731754f6d6c75593239746157356e50676f674943416749434138596e4274626a70766458526e62326c755a7a354762473933587a42704d3231785a3245384c324a7762573436623356305a323970626d632b43694167494341384c324a776257343664584e6c636c52686332732b4369416750433969634731754f6e427962324e6c63334d2b4369416750474a776257356b615470435545314f52476c685a334a68625342705a443069516c424e546b527059576479595731664d53492b4369416749434138596e4274626d52704f6b4a5154553551624746755a5342705a443069516c424e546c42735957356c587a456949474a7762573546624756745a57353050534a51636d396a5a584e7a587a456950676f674943416749434138596e4274626d52704f6b4a5154553554614746775a5342705a44306955335268636e5246646d5675644638785832527049694269634731755257786c625756756444306955335268636e5246646d567564463878496a344b4943416749434167494341385a474d36516d3931626d527a49486739496a45344d434967655430694d5459774969423361575230614430694d7a59694947686c6157646f644430694d7a59694c7a344b494341674943416749434138596e4274626d52704f6b4a515455354d59574a6c6244344b4943416749434167494341674944786b597a7043623356755a484d67654430694d54673349694235505349794d444d69494864705a48526f505349794d694967614756705a326830505349784e43497650676f67494341674943416749447776596e4274626d52704f6b4a515455354d59574a6c6244344b494341674943416750433969634731755a476b36516c424e546c4e6f5958426c50676f674943416749434138596e4274626d52704f6b4a5154553554614746775a5342705a4430695257356b52585a6c626e52664d56396b61534967596e4274626b56735a57316c626e5139496b56755a4556325a573530587a456950676f6749434167494341674944786b597a7043623356755a484d67654430694e6a6b7949694235505349784e6a4169494864705a48526f5053497a4e694967614756705a3268305053497a4e69497650676f67494341674943416749447869634731755a476b36516c424e546b7868596d567350676f674943416749434167494341675047526a4f6b4a766457356b63794234505349324f546b6949486b39496a49774d79496764326c6b64476739496a49794969426f5a576c6e61485139496a45304969382b43694167494341674943416750433969634731755a476b36516c424e546b7868596d567350676f6749434167494341384c324a776257356b615470435545314f553268686347552b436941674943416749447869634731755a476b36516c424e546c4e6f5958426c49476c6b50534a4259335270646d6c30655638784d544a7164545a715832527049694269634731755257786c625756756444306951574e3061585a7064486c664d446c6b61444e364f53492b4369416749434167494341675047526a4f6b4a766457356b63794234505349794e6a416949486b39496a457a4f43496764326c6b64476739496a45774d434967614756705a326830505349344d43497650676f6749434167494341384c324a776257356b615470435545314f553268686347552b436941674943416749447869634731755a476b36516c424e546c4e6f5958426c49476c6b50534a4259335270646d6c30655638774f586c695a6d30335832527049694269634731755257786c625756756444306951574e3061585a7064486c664d473132646a566f5979492b4369416749434167494341675047526a4f6b4a766457356b63794234505349304d54416949486b39496a457a4f43496764326c6b64476739496a45774d434967614756705a326830505349344d43497650676f6749434167494341384c324a776257356b615470435545314f553268686347552b436941674943416749447869634731755a476b36516c424e546b566b5a32556761575139496b5a73623364664d56396b61534967596e4274626b56735a57316c626e5139496b5a73623364664d53492b436941674943416749434167504752704f6e6468655842766157353049486739496a49784e694967655430694d5463344969382b436941674943416749434167504752704f6e6468655842766157353049486739496a49324d434967655430694d5463344969382b436941674943416749447776596e4274626d52704f6b4a51545535465a47646c50676f674943416749434138596e4274626d52704f6b4a51545535465a47646c49476c6b50534a4762473933587a4231626a646f624768665a476b6949474a7762573546624756745a57353050534a4762473933587a4231626a646f6247676950676f6749434167494341674944786b6154703359586c7762326c75644342345053497a4e6a416949486b39496a45334f43497650676f6749434167494341674944786b6154703359586c7762326c7564434234505349304d54416949486b39496a45334f43497650676f6749434167494341384c324a776257356b615470435545314f5257526e5a54344b494341674943416750474a776257356b615470435545314f5257526e5a5342705a443069526d78766431387761544e74635764685832527049694269634731755257786c6257567564443069526d78766431387761544e7463576468496a344b4943416749434167494341385a476b366432463563473970626e5167654430694e54457749694235505349784e7a67694c7a344b4943416749434167494341385a476b366432463563473970626e5167654430694e6a6b7949694235505349784e7a67694c7a344b494341674943416750433969634731755a476b36516c424e546b566b5a32552b43694167494341384c324a776257356b615470435545314f55477868626d552b4369416750433969634731755a476b36516c424e546b5270595764795957302b436a7776596e4274626a706b5a575a70626d6c3061573975637a343d222c226e616d65223a2254657374222c226465736372697074696f6e223a22227d', 'system', '2026-01-19 12:42:17.760512');
INSERT INTO public.flw_ev_databasechangelog (id, author, filename, dateexecuted, orderexecuted, exectype, md5sum, description, comments, tag, liquibase, contexts, labels, deployment_id) VALUES ('1', 'flowable', 'org/flowable/eventregistry/db/liquibase/flowable-eventregistry-db-changelog.xml', '2026-01-14 17:11:35.18681', 1, 'EXECUTED', '9:63268f536c469325acef35970312551b', 'createTable tableName=FLW_EVENT_DEPLOYMENT', NULL, NULL, '4.24.0', NULL, NULL, NULL);
INSERT INTO public.flw_ev_databasechangelog (id, author, filename, dateexecuted, orderexecuted, exectype, md5sum, description, comments, tag, liquibase, contexts, labels, deployment_id) VALUES ('2', 'flowable', 'org/flowable/eventregistry/db/liquibase/flowable-eventregistry-db-changelog.xml', '2026-01-14 17:11:35.19909', 2, 'EXECUTED', '9:dcb58b7dfd6dbda66939123a96985536', 'addColumn tableName=FLW_CHANNEL_DEFINITION', NULL, NULL, '4.24.0', NULL, NULL, NULL);
INSERT INTO public.flw_ev_databasechangelog (id, author, filename, dateexecuted, orderexecuted, exectype, md5sum, description, comments, tag, liquibase, contexts, labels, deployment_id) VALUES ('3', 'flowable', 'org/flowable/eventregistry/db/liquibase/flowable-eventregistry-db-changelog.xml', '2026-01-14 17:11:35.211701', 3, 'EXECUTED', '9:d0c05678d57af23ad93699991e3bf4f6', 'customChange', '', NULL, '4.24.0', NULL, NULL, '8381895121');
INSERT INTO public.flw_ev_databasechangeloglock (id, locked, lockgranted, lockedby) VALUES (1, false, NULL, NULL);
INSERT INTO public.sys_developer_role_permissions (id, role_id, permission, created_at, created_by) VALUES ('57725b4e-2980-4cac-86cc-21187b8d3a26', 'TECH_DIRECTOR_ROLE', 'FUNCTION_UNIT_CREATE', '2026-01-13 09:37:39.760054', NULL);
INSERT INTO public.sys_developer_role_permissions (id, role_id, permission, created_at, created_by) VALUES ('abe4b672-d6f5-4ebc-93e7-07a0cacaea8a', 'TECH_DIRECTOR_ROLE', 'FUNCTION_UNIT_UPDATE', '2026-01-13 09:37:39.760054', NULL);
INSERT INTO public.sys_developer_role_permissions (id, role_id, permission, created_at, created_by) VALUES ('15050b6e-e2a8-49bc-a800-ab4fb73ae996', 'TECH_DIRECTOR_ROLE', 'FUNCTION_UNIT_DELETE', '2026-01-13 09:37:39.760054', NULL);
INSERT INTO public.sys_developer_role_permissions (id, role_id, permission, created_at, created_by) VALUES ('aa7ff1e0-19cf-45cc-a86b-2b97aa9b2939', 'TECH_DIRECTOR_ROLE', 'FUNCTION_UNIT_VIEW', '2026-01-13 09:37:39.760054', NULL);
INSERT INTO public.sys_developer_role_permissions (id, role_id, permission, created_at, created_by) VALUES ('47e79af0-f58c-4403-b34e-a5f37a4618d2', 'TECH_DIRECTOR_ROLE', 'FUNCTION_UNIT_DEVELOP', '2026-01-13 09:37:39.760054', NULL);
INSERT INTO public.sys_developer_role_permissions (id, role_id, permission, created_at, created_by) VALUES ('70301f71-4767-465c-a610-84e112a5ee73', 'TECH_DIRECTOR_ROLE', 'FUNCTION_UNIT_PUBLISH', '2026-01-13 09:37:39.760054', NULL);
INSERT INTO public.sys_developer_role_permissions (id, role_id, permission, created_at, created_by) VALUES ('edc9766e-07f2-4b24-a059-ecc89f2e17ae', 'TECH_DIRECTOR_ROLE', 'FORM_CREATE', '2026-01-13 09:37:39.760054', NULL);
INSERT INTO public.sys_developer_role_permissions (id, role_id, permission, created_at, created_by) VALUES ('e87a0c08-6dc7-445d-bfb5-651535d8ad5b', 'TECH_DIRECTOR_ROLE', 'FORM_UPDATE', '2026-01-13 09:37:39.760054', NULL);
INSERT INTO public.sys_developer_role_permissions (id, role_id, permission, created_at, created_by) VALUES ('3fc6d949-f57a-4980-91e2-1ddc838c62e5', 'TECH_DIRECTOR_ROLE', 'FORM_DELETE', '2026-01-13 09:37:39.760054', NULL);
INSERT INTO public.sys_developer_role_permissions (id, role_id, permission, created_at, created_by) VALUES ('1bb3e144-66bb-4fb3-a131-34eaf4a611e6', 'TECH_DIRECTOR_ROLE', 'FORM_VIEW', '2026-01-13 09:37:39.760054', NULL);
INSERT INTO public.sys_developer_role_permissions (id, role_id, permission, created_at, created_by) VALUES ('ac7e6230-aca5-448c-8295-ade9fe0d6e18', 'TECH_DIRECTOR_ROLE', 'PROCESS_CREATE', '2026-01-13 09:37:39.760054', NULL);
INSERT INTO public.sys_developer_role_permissions (id, role_id, permission, created_at, created_by) VALUES ('c3ebade8-6f3d-4098-88ce-859d38741080', 'TECH_DIRECTOR_ROLE', 'PROCESS_UPDATE', '2026-01-13 09:37:39.760054', NULL);
INSERT INTO public.sys_developer_role_permissions (id, role_id, permission, created_at, created_by) VALUES ('353272f6-dcd4-4796-8c8c-513d6c677403', 'TECH_DIRECTOR_ROLE', 'PROCESS_DELETE', '2026-01-13 09:37:39.760054', NULL);
INSERT INTO public.sys_developer_role_permissions (id, role_id, permission, created_at, created_by) VALUES ('30c085fc-cae5-4b68-b5b8-8d89684dc4e0', 'TECH_DIRECTOR_ROLE', 'PROCESS_VIEW', '2026-01-13 09:37:39.760054', NULL);
INSERT INTO public.sys_developer_role_permissions (id, role_id, permission, created_at, created_by) VALUES ('31433ba3-f9fb-42ce-abae-0b6af4802387', 'TECH_DIRECTOR_ROLE', 'TABLE_CREATE', '2026-01-13 09:37:39.760054', NULL);
INSERT INTO public.sys_developer_role_permissions (id, role_id, permission, created_at, created_by) VALUES ('03783e21-3e2b-44c6-b3ba-f06517d78feb', 'TECH_DIRECTOR_ROLE', 'TABLE_UPDATE', '2026-01-13 09:37:39.760054', NULL);
INSERT INTO public.sys_developer_role_permissions (id, role_id, permission, created_at, created_by) VALUES ('b3f18577-1f0f-4dab-9927-146a1b9fc663', 'TECH_DIRECTOR_ROLE', 'TABLE_DELETE', '2026-01-13 09:37:39.760054', NULL);
INSERT INTO public.sys_developer_role_permissions (id, role_id, permission, created_at, created_by) VALUES ('11048a79-82ed-4bff-85b0-0c8892d74526', 'TECH_DIRECTOR_ROLE', 'TABLE_VIEW', '2026-01-13 09:37:39.760054', NULL);
INSERT INTO public.sys_developer_role_permissions (id, role_id, permission, created_at, created_by) VALUES ('290b658b-732e-4536-ac9d-8a783696a497', 'TECH_DIRECTOR_ROLE', 'ACTION_CREATE', '2026-01-13 09:37:39.760054', NULL);
INSERT INTO public.sys_developer_role_permissions (id, role_id, permission, created_at, created_by) VALUES ('6277ff37-6105-429f-a8b5-139f57b51b1e', 'TECH_DIRECTOR_ROLE', 'ACTION_UPDATE', '2026-01-13 09:37:39.760054', NULL);
INSERT INTO public.sys_developer_role_permissions (id, role_id, permission, created_at, created_by) VALUES ('76ad3c96-1695-4d6c-a2fb-bff54e9d7bb8', 'TECH_DIRECTOR_ROLE', 'ACTION_DELETE', '2026-01-13 09:37:39.760054', NULL);
INSERT INTO public.sys_developer_role_permissions (id, role_id, permission, created_at, created_by) VALUES ('b244513c-8a61-44d0-bbc2-4622e5a95b9f', 'TECH_DIRECTOR_ROLE', 'ACTION_VIEW', '2026-01-13 09:37:39.760054', NULL);
INSERT INTO public.sys_developer_role_permissions (id, role_id, permission, created_at, created_by) VALUES ('e6e329ca-8477-4681-9d7d-d02f9a0e3959', 'TEAM_LEADER_ROLE', 'FUNCTION_UNIT_CREATE', '2026-01-13 09:37:39.763499', NULL);
INSERT INTO public.sys_developer_role_permissions (id, role_id, permission, created_at, created_by) VALUES ('8a61b918-e4fb-4ca4-aaf0-08ed78ab15a5', 'TEAM_LEADER_ROLE', 'FUNCTION_UNIT_UPDATE', '2026-01-13 09:37:39.763499', NULL);
INSERT INTO public.sys_developer_role_permissions (id, role_id, permission, created_at, created_by) VALUES ('7cfffd68-de15-42d0-a4c6-a6361656a127', 'TEAM_LEADER_ROLE', 'FUNCTION_UNIT_DELETE', '2026-01-13 09:37:39.763499', NULL);
INSERT INTO public.sys_developer_role_permissions (id, role_id, permission, created_at, created_by) VALUES ('fa5bdfd7-1bb9-4145-9e9e-351a41c796dd', 'TEAM_LEADER_ROLE', 'FUNCTION_UNIT_VIEW', '2026-01-13 09:37:39.763499', NULL);
INSERT INTO public.sys_developer_role_permissions (id, role_id, permission, created_at, created_by) VALUES ('8402d0d5-3c83-49a6-af5d-3764a17f1e32', 'TEAM_LEADER_ROLE', 'FUNCTION_UNIT_DEVELOP', '2026-01-13 09:37:39.763499', NULL);
INSERT INTO public.sys_developer_role_permissions (id, role_id, permission, created_at, created_by) VALUES ('1fae2527-11fb-4097-ad66-296ea42df72a', 'TEAM_LEADER_ROLE', 'FUNCTION_UNIT_PUBLISH', '2026-01-13 09:37:39.763499', NULL);
INSERT INTO public.sys_developer_role_permissions (id, role_id, permission, created_at, created_by) VALUES ('263c4ec5-5d32-4d8c-b739-81d86fcb7cf2', 'TEAM_LEADER_ROLE', 'FORM_CREATE', '2026-01-13 09:37:39.763499', NULL);
INSERT INTO public.sys_developer_role_permissions (id, role_id, permission, created_at, created_by) VALUES ('9b0944bc-4fa9-4183-b55f-f4a979519224', 'TEAM_LEADER_ROLE', 'FORM_UPDATE', '2026-01-13 09:37:39.763499', NULL);
INSERT INTO public.sys_developer_role_permissions (id, role_id, permission, created_at, created_by) VALUES ('e04c1399-7db0-4ba5-aa59-6557b854c82e', 'TEAM_LEADER_ROLE', 'FORM_DELETE', '2026-01-13 09:37:39.763499', NULL);
INSERT INTO public.sys_developer_role_permissions (id, role_id, permission, created_at, created_by) VALUES ('19ce043c-9887-4dfe-ad62-df22cf695626', 'TEAM_LEADER_ROLE', 'FORM_VIEW', '2026-01-13 09:37:39.763499', NULL);
INSERT INTO public.sys_developer_role_permissions (id, role_id, permission, created_at, created_by) VALUES ('101df290-f706-4dcb-aa96-35f6bfb8c500', 'TEAM_LEADER_ROLE', 'PROCESS_CREATE', '2026-01-13 09:37:39.763499', NULL);
INSERT INTO public.sys_developer_role_permissions (id, role_id, permission, created_at, created_by) VALUES ('76551367-88bc-42d2-b75a-26c28da2a62e', 'TEAM_LEADER_ROLE', 'PROCESS_UPDATE', '2026-01-13 09:37:39.763499', NULL);
INSERT INTO public.sys_developer_role_permissions (id, role_id, permission, created_at, created_by) VALUES ('e4d4cc7a-816b-4541-98e3-01613c31133c', 'TEAM_LEADER_ROLE', 'PROCESS_DELETE', '2026-01-13 09:37:39.763499', NULL);
INSERT INTO public.sys_developer_role_permissions (id, role_id, permission, created_at, created_by) VALUES ('8571f99a-6b75-4643-b53a-ad763478c350', 'TEAM_LEADER_ROLE', 'PROCESS_VIEW', '2026-01-13 09:37:39.763499', NULL);
INSERT INTO public.sys_developer_role_permissions (id, role_id, permission, created_at, created_by) VALUES ('02b9c75b-64af-42ce-92d9-dc42a5f8ba04', 'TEAM_LEADER_ROLE', 'TABLE_CREATE', '2026-01-13 09:37:39.763499', NULL);
INSERT INTO public.sys_developer_role_permissions (id, role_id, permission, created_at, created_by) VALUES ('c202f6d2-485f-4d17-ab52-dd11f3bbfa21', 'TEAM_LEADER_ROLE', 'TABLE_UPDATE', '2026-01-13 09:37:39.763499', NULL);
INSERT INTO public.sys_developer_role_permissions (id, role_id, permission, created_at, created_by) VALUES ('f066d82f-4517-419e-9b28-a3622174a7ee', 'TEAM_LEADER_ROLE', 'TABLE_DELETE', '2026-01-13 09:37:39.763499', NULL);
INSERT INTO public.sys_developer_role_permissions (id, role_id, permission, created_at, created_by) VALUES ('5705012f-c6e4-454b-9163-3419586c4f8b', 'TEAM_LEADER_ROLE', 'TABLE_VIEW', '2026-01-13 09:37:39.763499', NULL);
INSERT INTO public.sys_developer_role_permissions (id, role_id, permission, created_at, created_by) VALUES ('999beeb8-0c06-47bd-b1cb-b5fe4a88f34b', 'TEAM_LEADER_ROLE', 'ACTION_CREATE', '2026-01-13 09:37:39.763499', NULL);
INSERT INTO public.sys_developer_role_permissions (id, role_id, permission, created_at, created_by) VALUES ('fa7c543a-8d2d-4efd-8040-4fbed3d35255', 'TEAM_LEADER_ROLE', 'ACTION_UPDATE', '2026-01-13 09:37:39.763499', NULL);
INSERT INTO public.sys_developer_role_permissions (id, role_id, permission, created_at, created_by) VALUES ('b1ca0af3-5224-4eb5-bfc8-8d6a90c3efa7', 'TEAM_LEADER_ROLE', 'ACTION_DELETE', '2026-01-13 09:37:39.763499', NULL);
INSERT INTO public.sys_developer_role_permissions (id, role_id, permission, created_at, created_by) VALUES ('0f460aba-9949-46c3-ade4-d547a879251d', 'TEAM_LEADER_ROLE', 'ACTION_VIEW', '2026-01-13 09:37:39.763499', NULL);
INSERT INTO public.sys_developer_role_permissions (id, role_id, permission, created_at, created_by) VALUES ('b2ed5670-8e81-4f4b-aed2-f6d4d71dd340', 'DEVELOPER_ROLE', 'FUNCTION_UNIT_VIEW', '2026-01-13 09:37:39.765351', NULL);
INSERT INTO public.sys_developer_role_permissions (id, role_id, permission, created_at, created_by) VALUES ('bab6eceb-5680-436a-9fe5-429683663794', 'DEVELOPER_ROLE', 'FUNCTION_UNIT_DEVELOP', '2026-01-13 09:37:39.765351', NULL);
INSERT INTO public.sys_developer_role_permissions (id, role_id, permission, created_at, created_by) VALUES ('7c867210-163a-4130-94cd-c148a6c24517', 'DEVELOPER_ROLE', 'FORM_VIEW', '2026-01-13 09:37:39.765351', NULL);
INSERT INTO public.sys_developer_role_permissions (id, role_id, permission, created_at, created_by) VALUES ('57ae809c-da64-4ae2-a463-f091f7d76644', 'DEVELOPER_ROLE', 'FORM_UPDATE', '2026-01-13 09:37:39.765351', NULL);
INSERT INTO public.sys_developer_role_permissions (id, role_id, permission, created_at, created_by) VALUES ('c2ec92e2-bf26-4cf9-a1fb-14e23e0cb58c', 'DEVELOPER_ROLE', 'PROCESS_VIEW', '2026-01-13 09:37:39.765351', NULL);
INSERT INTO public.sys_developer_role_permissions (id, role_id, permission, created_at, created_by) VALUES ('3cc9f348-ba78-4dfa-b298-94d0f2e1fb2e', 'DEVELOPER_ROLE', 'PROCESS_UPDATE', '2026-01-13 09:37:39.765351', NULL);
INSERT INTO public.sys_developer_role_permissions (id, role_id, permission, created_at, created_by) VALUES ('654e552d-726f-4f40-a01b-ea5e533f8384', 'DEVELOPER_ROLE', 'TABLE_VIEW', '2026-01-13 09:37:39.765351', NULL);
INSERT INTO public.sys_developer_role_permissions (id, role_id, permission, created_at, created_by) VALUES ('87d576ae-aebf-48c7-9b28-91fe5accf94d', 'DEVELOPER_ROLE', 'ACTION_VIEW', '2026-01-13 09:37:39.765351', NULL);
INSERT INTO public.sys_developer_role_permissions (id, role_id, permission, created_at, created_by) VALUES ('f6535ac6-1b08-42e6-949d-ef84f2cbc9d5', 'DEVELOPER_ROLE', 'ACTION_UPDATE', '2026-01-13 09:37:39.765351', NULL);
INSERT INTO public.sys_dictionaries (id, code, name, type, description, status, created_at, updated_at, cache_ttl, created_by, data_source_config, data_source_type, sort_order, updated_by, version) VALUES ('sys-dict-001', 'USER_STATUS', '用户状态', 'SYSTEM', '用户账户状态字典', 'ACTIVE', '2026-01-13 09:37:39.75064', '2026-01-13 09:37:39.75064', NULL, NULL, NULL, NULL, 1, NULL, 1);
INSERT INTO public.sys_dictionaries (id, code, name, type, description, status, created_at, updated_at, cache_ttl, created_by, data_source_config, data_source_type, sort_order, updated_by, version) VALUES ('sys-dict-002', 'GENDER', '性别', 'SYSTEM', '性别字典', 'ACTIVE', '2026-01-13 09:37:39.75064', '2026-01-13 09:37:39.75064', NULL, NULL, NULL, NULL, 2, NULL, 1);
INSERT INTO public.sys_dictionaries (id, code, name, type, description, status, created_at, updated_at, cache_ttl, created_by, data_source_config, data_source_type, sort_order, updated_by, version) VALUES ('sys-dict-003', 'LANGUAGE', '语言', 'SYSTEM', '系统支持的语言', 'ACTIVE', '2026-01-13 09:37:39.75064', '2026-01-13 09:37:39.75064', NULL, NULL, NULL, NULL, 3, NULL, 1);
INSERT INTO public.sys_dictionaries (id, code, name, type, description, status, created_at, updated_at, cache_ttl, created_by, data_source_config, data_source_type, sort_order, updated_by, version) VALUES ('sys-dict-004', 'ROLE_TYPE', '角色类型', 'SYSTEM', '系统角色类型', 'ACTIVE', '2026-01-13 09:37:39.75064', '2026-01-13 09:37:39.75064', NULL, NULL, NULL, NULL, 4, NULL, 1);
INSERT INTO public.sys_dictionaries (id, code, name, type, description, status, created_at, updated_at, cache_ttl, created_by, data_source_config, data_source_type, sort_order, updated_by, version) VALUES ('sys-dict-005', 'PERMISSION_TYPE', '权限类型', 'SYSTEM', '权限分类', 'ACTIVE', '2026-01-13 09:37:39.75064', '2026-01-13 09:37:39.75064', NULL, NULL, NULL, NULL, 5, NULL, 1);
INSERT INTO public.sys_dictionary_items (id, dictionary_id, parent_id, item_code, name, name_en, name_zh_cn, name_zh_tw, value, description, status, sort_order, valid_from, valid_to, ext_attributes, created_at, created_by, updated_at, updated_by) VALUES ('sys-item-001', 'sys-dict-001', NULL, 'ACTIVE', '启用', 'Active', '启用', NULL, 'ACTIVE', NULL, 'ACTIVE', 1, NULL, NULL, NULL, '2026-01-13 09:37:39.75373', NULL, '2026-01-13 09:37:39.75373', NULL);
INSERT INTO public.sys_dictionary_items (id, dictionary_id, parent_id, item_code, name, name_en, name_zh_cn, name_zh_tw, value, description, status, sort_order, valid_from, valid_to, ext_attributes, created_at, created_by, updated_at, updated_by) VALUES ('sys-item-002', 'sys-dict-001', NULL, 'INACTIVE', '禁用', 'Inactive', '禁用', NULL, 'INACTIVE', NULL, 'ACTIVE', 2, NULL, NULL, NULL, '2026-01-13 09:37:39.75373', NULL, '2026-01-13 09:37:39.75373', NULL);
INSERT INTO public.sys_dictionary_items (id, dictionary_id, parent_id, item_code, name, name_en, name_zh_cn, name_zh_tw, value, description, status, sort_order, valid_from, valid_to, ext_attributes, created_at, created_by, updated_at, updated_by) VALUES ('sys-item-003', 'sys-dict-001', NULL, 'LOCKED', '锁定', 'Locked', '锁定', NULL, 'LOCKED', NULL, 'ACTIVE', 3, NULL, NULL, NULL, '2026-01-13 09:37:39.75373', NULL, '2026-01-13 09:37:39.75373', NULL);
INSERT INTO public.sys_dictionary_items (id, dictionary_id, parent_id, item_code, name, name_en, name_zh_cn, name_zh_tw, value, description, status, sort_order, valid_from, valid_to, ext_attributes, created_at, created_by, updated_at, updated_by) VALUES ('sys-item-004', 'sys-dict-002', NULL, 'MALE', '男', 'Male', '男', NULL, 'M', NULL, 'ACTIVE', 1, NULL, NULL, NULL, '2026-01-13 09:37:39.75373', NULL, '2026-01-13 09:37:39.75373', NULL);
INSERT INTO public.sys_dictionary_items (id, dictionary_id, parent_id, item_code, name, name_en, name_zh_cn, name_zh_tw, value, description, status, sort_order, valid_from, valid_to, ext_attributes, created_at, created_by, updated_at, updated_by) VALUES ('sys-item-005', 'sys-dict-002', NULL, 'FEMALE', '女', 'Female', '女', NULL, 'F', NULL, 'ACTIVE', 2, NULL, NULL, NULL, '2026-01-13 09:37:39.75373', NULL, '2026-01-13 09:37:39.75373', NULL);
INSERT INTO public.sys_dictionary_items (id, dictionary_id, parent_id, item_code, name, name_en, name_zh_cn, name_zh_tw, value, description, status, sort_order, valid_from, valid_to, ext_attributes, created_at, created_by, updated_at, updated_by) VALUES ('sys-item-006', 'sys-dict-002', NULL, 'OTHER', '其他', 'Other', '其他', NULL, 'O', NULL, 'ACTIVE', 3, NULL, NULL, NULL, '2026-01-13 09:37:39.75373', NULL, '2026-01-13 09:37:39.75373', NULL);
INSERT INTO public.sys_dictionary_items (id, dictionary_id, parent_id, item_code, name, name_en, name_zh_cn, name_zh_tw, value, description, status, sort_order, valid_from, valid_to, ext_attributes, created_at, created_by, updated_at, updated_by) VALUES ('sys-item-007', 'sys-dict-003', NULL, 'EN', '英文', 'English', '英文', NULL, 'en', NULL, 'ACTIVE', 1, NULL, NULL, NULL, '2026-01-13 09:37:39.75373', NULL, '2026-01-13 09:37:39.75373', NULL);
INSERT INTO public.sys_dictionary_items (id, dictionary_id, parent_id, item_code, name, name_en, name_zh_cn, name_zh_tw, value, description, status, sort_order, valid_from, valid_to, ext_attributes, created_at, created_by, updated_at, updated_by) VALUES ('sys-item-008', 'sys-dict-003', NULL, 'ZH_CN', '简体中文', 'Simplified Chinese', '简体中文', NULL, 'zh-CN', NULL, 'ACTIVE', 2, NULL, NULL, NULL, '2026-01-13 09:37:39.75373', NULL, '2026-01-13 09:37:39.75373', NULL);
INSERT INTO public.sys_dictionary_items (id, dictionary_id, parent_id, item_code, name, name_en, name_zh_cn, name_zh_tw, value, description, status, sort_order, valid_from, valid_to, ext_attributes, created_at, created_by, updated_at, updated_by) VALUES ('sys-item-009', 'sys-dict-003', NULL, 'ZH_TW', '繁体中文', 'Traditional Chinese', '繁体中文', NULL, 'zh-TW', NULL, 'ACTIVE', 3, NULL, NULL, NULL, '2026-01-13 09:37:39.75373', NULL, '2026-01-13 09:37:39.75373', NULL);
INSERT INTO public.sys_dictionary_items (id, dictionary_id, parent_id, item_code, name, name_en, name_zh_cn, name_zh_tw, value, description, status, sort_order, valid_from, valid_to, ext_attributes, created_at, created_by, updated_at, updated_by) VALUES ('sys-item-010', 'sys-dict-004', NULL, 'ADMIN', '管理员', 'Admin', '管理员', NULL, 'ADMIN', NULL, 'ACTIVE', 1, NULL, NULL, NULL, '2026-01-13 09:37:39.75373', NULL, '2026-01-13 09:37:39.75373', NULL);
INSERT INTO public.sys_dictionary_items (id, dictionary_id, parent_id, item_code, name, name_en, name_zh_cn, name_zh_tw, value, description, status, sort_order, valid_from, valid_to, ext_attributes, created_at, created_by, updated_at, updated_by) VALUES ('sys-item-011', 'sys-dict-004', NULL, 'DEVELOPER', '开发者', 'Developer', '开发者', NULL, 'DEVELOPER', NULL, 'ACTIVE', 2, NULL, NULL, NULL, '2026-01-13 09:37:39.75373', NULL, '2026-01-13 09:37:39.75373', NULL);
INSERT INTO public.sys_dictionary_items (id, dictionary_id, parent_id, item_code, name, name_en, name_zh_cn, name_zh_tw, value, description, status, sort_order, valid_from, valid_to, ext_attributes, created_at, created_by, updated_at, updated_by) VALUES ('sys-item-012', 'sys-dict-004', NULL, 'BUSINESS', '业务用户', 'Business', '业务用户', NULL, 'BUSINESS', NULL, 'ACTIVE', 3, NULL, NULL, NULL, '2026-01-13 09:37:39.75373', NULL, '2026-01-13 09:37:39.75373', NULL);
INSERT INTO public.sys_dictionary_items (id, dictionary_id, parent_id, item_code, name, name_en, name_zh_cn, name_zh_tw, value, description, status, sort_order, valid_from, valid_to, ext_attributes, created_at, created_by, updated_at, updated_by) VALUES ('sys-item-013', 'sys-dict-005', NULL, 'ADMIN', '管理权限', 'Admin Permission', '管理权限', NULL, 'ADMIN', NULL, 'ACTIVE', 1, NULL, NULL, NULL, '2026-01-13 09:37:39.75373', NULL, '2026-01-13 09:37:39.75373', NULL);
INSERT INTO public.sys_dictionary_items (id, dictionary_id, parent_id, item_code, name, name_en, name_zh_cn, name_zh_tw, value, description, status, sort_order, valid_from, valid_to, ext_attributes, created_at, created_by, updated_at, updated_by) VALUES ('sys-item-014', 'sys-dict-005', NULL, 'DEVELOPER', '开发权限', 'Developer Permission', '开发权限', NULL, 'DEVELOPER', NULL, 'ACTIVE', 2, NULL, NULL, NULL, '2026-01-13 09:37:39.75373', NULL, '2026-01-13 09:37:39.75373', NULL);
INSERT INTO public.sys_dictionary_items (id, dictionary_id, parent_id, item_code, name, name_en, name_zh_cn, name_zh_tw, value, description, status, sort_order, valid_from, valid_to, ext_attributes, created_at, created_by, updated_at, updated_by) VALUES ('sys-item-015', 'sys-dict-005', NULL, 'BUSINESS', '业务权限', 'Business Permission', '业务权限', NULL, 'BUSINESS', NULL, 'ACTIVE', 3, NULL, NULL, NULL, '2026-01-13 09:37:39.75373', NULL, '2026-01-13 09:37:39.75373', NULL);
INSERT INTO public.sys_function_unit_contents (id, function_unit_id, content_type, content_name, content_path, content_data, checksum, created_at, flowable_deployment_id, flowable_process_definition_id, source_id) VALUES ('48ce4230-3138-4612-a8f2-d15473810755', '46ec97c3-fe7c-4e76-bcbc-99fe38f8fcb4', 'FORM', 'ada', '/forms/ada', '{"rule":[],"options":{}}', '390758a05511b81224379b6a3ffc16219bfa3d64cd582e8642a878d27d57972e', '2026-01-14 09:20:30.764747', NULL, NULL, NULL);
INSERT INTO public.sys_function_unit_contents (id, function_unit_id, content_type, content_name, content_path, content_data, checksum, created_at, flowable_deployment_id, flowable_process_definition_id, source_id) VALUES ('5c60a4e9-2b44-4656-8e5a-7828d92ca948', '46ec97c3-fe7c-4e76-bcbc-99fe38f8fcb4', 'FORM', 'testForm', '/forms/testForm', '{"rule":[{"info":"","name":"ref_Fnvimkdrn28vadc","type":"input","field":"Fq63mkdrn28vabc","props":{"type":"text","clearable":true,"maxlength":5},"title":"输入框","_fc_id":"id_Foanmkdrn28vacc","hidden":false,"display":true,"$required":false,"_fc_drag_tag":"input"},{"info":"","name":"ref_F4m8mkdrrp95ajc","type":"colorPicker","field":"Fxe2mkdrrp95ahc","title":"颜色选择器","_fc_id":"id_Fuxfmkdrrp95aic","hidden":false,"display":true,"$required":false,"_fc_drag_tag":"colorPicker"}],"options":{"form":{"size":"default","inline":false,"labelWidth":"125px","labelPosition":"right","hideRequiredAsterisk":false},"resetBtn":{"show":false,"innerText":"重置"},"submitBtn":{"show":true,"innerText":"提交"}}}', 'e0841524e6a963ee278ebb8df11a9f39fef746a53de516645f5bb5469d7e55c0', '2026-01-14 09:20:30.769927', NULL, NULL, NULL);
INSERT INTO public.sys_function_unit_contents (id, function_unit_id, content_type, content_name, content_path, content_data, checksum, created_at, flowable_deployment_id, flowable_process_definition_id, source_id) VALUES ('d7dad7b4-7baa-4fe2-b325-92dc13375b7f', '46ec97c3-fe7c-4e76-bcbc-99fe38f8fcb4', 'PROCESS', 'main-process.bpmn', '/processes/main-process.bpmn', '<?xml version="1.0" encoding="UTF-8"?>', NULL, NULL, NULL, NULL, NULL);
INSERT INTO public.sys_function_unit_contents (id, function_unit_id, content_type, content_name, content_path, content_data, checksum, created_at, flowable_deployment_id, flowable_process_definition_id, source_id) VALUES ('b480123b-5047-4878-8339-1b24b1a9433a', '6bc9e6b7-af72-4ed8-9f8c-283703aa94d8', 'PROCESS', 'main-process.bpmn', '/processes/main-process.bpmn', '<?xml version="1.0" encoding="UTF-8"?>', NULL, NULL, NULL, NULL, NULL);
INSERT INTO public.sys_function_unit_contents (id, function_unit_id, content_type, content_name, content_path, content_data, checksum, created_at, flowable_deployment_id, flowable_process_definition_id, source_id) VALUES ('ba6c51f2-fa10-4a1c-9c16-04b55a113612', '6bc9e6b7-af72-4ed8-9f8c-283703aa94d8', 'FORM', 'ada', '/forms/ada', '{"rule":[],"options":{}}', '390758a05511b81224379b6a3ffc16219bfa3d64cd582e8642a878d27d57972e', '2026-01-15 09:36:03.908805', NULL, NULL, NULL);
INSERT INTO public.sys_function_unit_contents (id, function_unit_id, content_type, content_name, content_path, content_data, checksum, created_at, flowable_deployment_id, flowable_process_definition_id, source_id) VALUES ('99b71df7-efb1-40c2-be96-ed9e12657f7c', '6bc9e6b7-af72-4ed8-9f8c-283703aa94d8', 'FORM', 'testForm', '/forms/testForm', '{"rule":[{"info":"","name":"ref_Fnvimkdrn28vadc","type":"input","field":"Fq63mkdrn28vabc","props":{"type":"text","clearable":true,"maxlength":5},"title":"输入框","_fc_id":"id_Foanmkdrn28vacc","hidden":false,"display":true,"$required":false,"_fc_drag_tag":"input"},{"info":"","name":"ref_F4m8mkdrrp95ajc","type":"colorPicker","field":"Fxe2mkdrrp95ahc","title":"颜色选择器","_fc_id":"id_Fuxfmkdrrp95aic","hidden":false,"display":true,"$required":false,"_fc_drag_tag":"colorPicker"}],"options":{"form":{"size":"default","inline":false,"labelWidth":"125px","labelPosition":"right","hideRequiredAsterisk":false},"resetBtn":{"show":false,"innerText":"重置"},"submitBtn":{"show":true,"innerText":"提交"}}}', 'e0841524e6a963ee278ebb8df11a9f39fef746a53de516645f5bb5469d7e55c0', '2026-01-15 09:36:03.916265', NULL, NULL, NULL);
INSERT INTO public.sys_function_unit_contents (id, function_unit_id, content_type, content_name, content_path, content_data, checksum, created_at, flowable_deployment_id, flowable_process_definition_id, source_id) VALUES ('188eb5c8-0c1e-4af1-b47e-134062419ff6', '88675d4c-e8d8-4a70-8e90-41c866f2cb24', 'PROCESS', 'main-process.bpmn', '/processes/main-process.bpmn', '<?xml version="1.0" encoding="UTF-8"?><bpmn:definitions xmlns:xsi="http://www.w3.org/2001/XMLSchema-instance" xmlns:bpmn="http://www.omg.org/spec/BPMN/20100524/MODEL" xmlns:bpmndi="http://www.omg.org/spec/BPMN/20100524/DI" xmlns:dc="http://www.omg.org/spec/DD/20100524/DC" xmlns:di="http://www.omg.org/spec/DD/20100524/DI" xmlns:custom="http://custom.bpmn.io/schema" id="Definitions_1" targetNamespace="http://bpmn.io/schema/bpmn">', NULL, NULL, NULL, NULL, NULL);
INSERT INTO public.sys_function_unit_contents (id, function_unit_id, content_type, content_name, content_path, content_data, checksum, created_at, flowable_deployment_id, flowable_process_definition_id, source_id) VALUES ('3cc04508-e38b-4662-9e85-0d45ad14ce82', '88675d4c-e8d8-4a70-8e90-41c866f2cb24', 'FORM', 'testForm', '/forms/testForm', '{"rule":[{"info":"","name":"ref_Fnvimkdrn28vadc","type":"input","field":"Fq63mkdrn28vabc","props":{"type":"text","clearable":true,"maxlength":5},"title":"输入框","_fc_id":"id_Foanmkdrn28vacc","hidden":false,"display":true,"$required":false,"_fc_drag_tag":"input"},{"info":"","name":"ref_F4m8mkdrrp95ajc","type":"colorPicker","field":"Fxe2mkdrrp95ahc","title":"颜色选择器","_fc_id":"id_Fuxfmkdrrp95aic","hidden":false,"display":true,"$required":false,"_fc_drag_tag":"colorPicker"}],"options":{"form":{"size":"default","inline":false,"labelWidth":"125px","labelPosition":"right","hideRequiredAsterisk":false},"resetBtn":{"show":false,"innerText":"重置"},"submitBtn":{"show":true,"innerText":"提交"}}}', 'e0841524e6a963ee278ebb8df11a9f39fef746a53de516645f5bb5469d7e55c0', '2026-01-19 13:01:57.17113', NULL, NULL, NULL);
INSERT INTO public.sys_function_units (id, checksum, code, created_at, created_by, description, digital_signature, enabled, imported_at, imported_by, name, package_path, package_size, status, updated_at, updated_by, validated_at, validated_by, version, process_deployed, process_deployment_count) VALUES ('46ec97c3-fe7c-4e76-bcbc-99fe38f8fcb4', 'f47851ec8af91a8b99d1e2c5bf8ae2ba7f9bc09678454cdfb4cc78813dbfdcfa', 'fu-20260114-paed3z', '2026-01-14 09:20:30.718464+00', NULL, '', NULL, true, '2026-01-14 09:20:30.648049+00', 'system', 'Test', NULL, 4248, 'DEPLOYED', '2026-01-14 09:20:32.967313+00', NULL, '2026-01-14 09:20:30.787088+00', 'system', '1.0.2', true, 1);
INSERT INTO public.sys_function_units (id, checksum, code, created_at, created_by, description, digital_signature, enabled, imported_at, imported_by, name, package_path, package_size, status, updated_at, updated_by, validated_at, validated_by, version, process_deployed, process_deployment_count) VALUES ('6bc9e6b7-af72-4ed8-9f8c-283703aa94d8', 'db2d58d7d010a1ee6e52645191bf67c2d70d329802cd0d9af6333e76e7f9f93f', 'fu-20260114-paed3z', '2026-01-15 09:36:03.890915+00', NULL, '', NULL, true, '2026-01-15 09:36:03.887126+00', 'system', 'Test', NULL, 4282, 'DEPLOYED', '2026-01-15 09:36:04.161796+00', NULL, '2026-01-15 09:36:03.955894+00', 'system', '1.0.4', true, 1);
INSERT INTO public.sys_function_units (id, checksum, code, created_at, created_by, description, digital_signature, enabled, imported_at, imported_by, name, package_path, package_size, status, updated_at, updated_by, validated_at, validated_by, version, process_deployed, process_deployment_count) VALUES ('88675d4c-e8d8-4a70-8e90-41c866f2cb24', '05830d7364b9aa3c72490eeb9c9ffe2284ec86f02481fb0ab31bfe46912d5b89', 'fu-20260114-paed3z', '2026-01-19 13:01:57.155868+00', NULL, '', NULL, true, '2026-01-19 13:01:57.145812+00', 'system', 'Test0', NULL, 3984, 'DEPLOYED', '2026-01-19 13:01:57.350022+00', NULL, '2026-01-19 13:01:57.193103+00', 'system', '1.0.6', true, 1);
INSERT INTO public.sys_permissions (id, code, name, type, resource, action, description, created_at, parent_id, sort_order) VALUES ('perm-admin-user-read', 'ADMIN:USER:READ', 'View Users', 'ADMIN', 'user', 'read', 'View user list and details', '2026-01-13 09:37:39.734856', NULL, NULL);
INSERT INTO public.sys_permissions (id, code, name, type, resource, action, description, created_at, parent_id, sort_order) VALUES ('perm-admin-user-write', 'ADMIN:USER:WRITE', 'Manage Users', 'ADMIN', 'user', 'write', 'Create, update, delete users', '2026-01-13 09:37:39.734856', NULL, NULL);
INSERT INTO public.sys_permissions (id, code, name, type, resource, action, description, created_at, parent_id, sort_order) VALUES ('perm-admin-role-read', 'ADMIN:ROLE:READ', 'View Roles', 'ADMIN', 'role', 'read', 'View role list and details', '2026-01-13 09:37:39.734856', NULL, NULL);
INSERT INTO public.sys_permissions (id, code, name, type, resource, action, description, created_at, parent_id, sort_order) VALUES ('perm-admin-role-write', 'ADMIN:ROLE:WRITE', 'Manage Roles', 'ADMIN', 'role', 'write', 'Create, update, delete roles', '2026-01-13 09:37:39.734856', NULL, NULL);
INSERT INTO public.sys_permissions (id, code, name, type, resource, action, description, created_at, parent_id, sort_order) VALUES ('perm-admin-dept-read', 'ADMIN:DEPT:READ', 'View Departments', 'ADMIN', 'department', 'read', 'View department structure', '2026-01-13 09:37:39.734856', NULL, NULL);
INSERT INTO public.sys_permissions (id, code, name, type, resource, action, description, created_at, parent_id, sort_order) VALUES ('perm-admin-dept-write', 'ADMIN:DEPT:WRITE', 'Manage Departments', 'ADMIN', 'department', 'write', 'Create, update, delete departments', '2026-01-13 09:37:39.734856', NULL, NULL);
INSERT INTO public.sys_permissions (id, code, name, type, resource, action, description, created_at, parent_id, sort_order) VALUES ('perm-admin-audit-read', 'ADMIN:AUDIT:READ', 'View Audit Logs', 'ADMIN', 'audit', 'read', 'View audit logs', '2026-01-13 09:37:39.734856', NULL, NULL);
INSERT INTO public.sys_permissions (id, code, name, type, resource, action, description, created_at, parent_id, sort_order) VALUES ('perm-admin-config-read', 'ADMIN:CONFIG:READ', 'View System Config', 'ADMIN', 'config', 'read', 'View system configuration', '2026-01-13 09:37:39.734856', NULL, NULL);
INSERT INTO public.sys_permissions (id, code, name, type, resource, action, description, created_at, parent_id, sort_order) VALUES ('perm-admin-config-write', 'ADMIN:CONFIG:WRITE', 'Manage System Config', 'ADMIN', 'config', 'write', 'Modify system configuration', '2026-01-13 09:37:39.734856', NULL, NULL);
INSERT INTO public.sys_permissions (id, code, name, type, resource, action, description, created_at, parent_id, sort_order) VALUES ('perm-dev-fu-create', 'DEV:FU:CREATE', 'Create Function Unit', 'DEVELOPER', 'function_unit', 'create', 'Create new function units', '2026-01-13 09:37:39.734856', NULL, NULL);
INSERT INTO public.sys_permissions (id, code, name, type, resource, action, description, created_at, parent_id, sort_order) VALUES ('perm-dev-fu-edit', 'DEV:FU:EDIT', 'Edit Function Unit', 'DEVELOPER', 'function_unit', 'edit', 'Edit function units', '2026-01-13 09:37:39.734856', NULL, NULL);
INSERT INTO public.sys_permissions (id, code, name, type, resource, action, description, created_at, parent_id, sort_order) VALUES ('perm-dev-fu-delete', 'DEV:FU:DELETE', 'Delete Function Unit', 'DEVELOPER', 'function_unit', 'delete', 'Delete function units', '2026-01-13 09:37:39.734856', NULL, NULL);
INSERT INTO public.sys_permissions (id, code, name, type, resource, action, description, created_at, parent_id, sort_order) VALUES ('perm-dev-fu-deploy', 'DEV:FU:DEPLOY', 'Deploy Function Unit', 'DEVELOPER', 'function_unit', 'deploy', 'Deploy function units', '2026-01-13 09:37:39.734856', NULL, NULL);
INSERT INTO public.sys_permissions (id, code, name, type, resource, action, description, created_at, parent_id, sort_order) VALUES ('perm-dev-fu-approve', 'DEV:FU:APPROVE', 'Approve Function Unit', 'DEVELOPER', 'function_unit', 'approve', 'Approve function unit deployments', '2026-01-13 09:37:39.734856', NULL, NULL);
INSERT INTO public.sys_permissions (id, code, name, type, resource, action, description, created_at, parent_id, sort_order) VALUES ('perm-dev-process-design', 'DEV:PROCESS:DESIGN', 'Design Process', 'DEVELOPER', 'process', 'design', 'Design workflow processes', '2026-01-13 09:37:39.734856', NULL, NULL);
INSERT INTO public.sys_permissions (id, code, name, type, resource, action, description, created_at, parent_id, sort_order) VALUES ('perm-dev-form-design', 'DEV:FORM:DESIGN', 'Design Form', 'DEVELOPER', 'form', 'design', 'Design forms', '2026-01-13 09:37:39.734856', NULL, NULL);
INSERT INTO public.sys_permissions (id, code, name, type, resource, action, description, created_at, parent_id, sort_order) VALUES ('perm-dev-table-design', 'DEV:TABLE:DESIGN', 'Design Table', 'DEVELOPER', 'table', 'design', 'Design data tables', '2026-01-13 09:37:39.734856', NULL, NULL);
INSERT INTO public.sys_permissions (id, code, name, type, resource, action, description, created_at, parent_id, sort_order) VALUES ('perm-portal-task-view', 'PORTAL:TASK:VIEW', 'View Tasks', 'BUSINESS', 'task', 'view', 'View assigned tasks', '2026-01-13 09:37:39.734856', NULL, NULL);
INSERT INTO public.sys_permissions (id, code, name, type, resource, action, description, created_at, parent_id, sort_order) VALUES ('perm-portal-task-process', 'PORTAL:TASK:PROCESS', 'Process Tasks', 'BUSINESS', 'task', 'process', 'Process and complete tasks', '2026-01-13 09:37:39.734856', NULL, NULL);
INSERT INTO public.sys_permissions (id, code, name, type, resource, action, description, created_at, parent_id, sort_order) VALUES ('perm-portal-process-start', 'PORTAL:PROCESS:START', 'Start Process', 'BUSINESS', 'process', 'start', 'Start new process instances', '2026-01-13 09:37:39.734856', NULL, NULL);
INSERT INTO public.sys_permissions (id, code, name, type, resource, action, description, created_at, parent_id, sort_order) VALUES ('perm-portal-process-view', 'PORTAL:PROCESS:VIEW', 'View Process', 'BUSINESS', 'process', 'view', 'View process instances', '2026-01-13 09:37:39.734856', NULL, NULL);
INSERT INTO public.sys_role_assignments (id, role_id, target_type, target_id, assigned_at, assigned_by, valid_from, valid_to, created_at, created_by, updated_at) VALUES ('ra-admin-sys-admin', 'SYS_ADMIN_ROLE', 'USER', 'admin-001', '2026-01-13 10:38:37.240844', 'system', NULL, NULL, '2026-01-13 10:38:37.240844', NULL, '2026-01-13 10:38:37.240844');
INSERT INTO public.sys_role_assignments (id, role_id, target_type, target_id, assigned_at, assigned_by, valid_from, valid_to, created_at, created_by, updated_at) VALUES ('ra-user-hr-mgr', 'MANAGER_ROLE', 'USER', 'hr-manager-001', '2026-01-13 10:38:37.240844', NULL, NULL, NULL, '2026-01-13 10:38:37.240844', NULL, '2026-01-13 10:38:37.240844');
INSERT INTO public.sys_role_assignments (id, role_id, target_type, target_id, assigned_at, assigned_by, valid_from, valid_to, created_at, created_by, updated_at) VALUES ('ra-user-hr-spec', 'USER_ROLE', 'USER', 'hr-specialist-001', '2026-01-13 10:38:37.240844', NULL, NULL, NULL, '2026-01-13 10:38:37.240844', NULL, '2026-01-13 10:38:37.240844');
INSERT INTO public.sys_role_assignments (id, role_id, target_type, target_id, assigned_at, assigned_by, valid_from, valid_to, created_at, created_by, updated_at) VALUES ('ra-user-hr-rec', 'USER_ROLE', 'USER', 'hr-recruiter-001', '2026-01-13 10:38:37.240844', NULL, NULL, NULL, '2026-01-13 10:38:37.240844', NULL, '2026-01-13 10:38:37.240844');
INSERT INTO public.sys_role_assignments (id, role_id, target_type, target_id, assigned_at, assigned_by, valid_from, valid_to, created_at, created_by, updated_at) VALUES ('ra-user-corp-dir', 'MANAGER_ROLE', 'USER', 'corp-director-001', '2026-01-13 10:38:37.240844', NULL, NULL, NULL, '2026-01-13 10:38:37.240844', NULL, '2026-01-13 10:38:37.240844');
INSERT INTO public.sys_role_assignments (id, role_id, target_type, target_id, assigned_at, assigned_by, valid_from, valid_to, created_at, created_by, updated_at) VALUES ('ra-user-corp-mgr', 'MANAGER_ROLE', 'USER', 'corp-manager-001', '2026-01-13 10:38:37.240844', NULL, NULL, NULL, '2026-01-13 10:38:37.240844', NULL, '2026-01-13 10:38:37.240844');
INSERT INTO public.sys_role_assignments (id, role_id, target_type, target_id, assigned_at, assigned_by, valid_from, valid_to, created_at, created_by, updated_at) VALUES ('ra-user-corp-ana', 'USER_ROLE', 'USER', 'corp-analyst-001', '2026-01-13 10:38:37.240844', NULL, NULL, NULL, '2026-01-13 10:38:37.240844', NULL, '2026-01-13 10:38:37.240844');
INSERT INTO public.sys_role_assignments (id, role_id, target_type, target_id, assigned_at, assigned_by, valid_from, valid_to, created_at, created_by, updated_at) VALUES ('ra-user-corp-off', 'USER_ROLE', 'USER', 'corp-officer-001', '2026-01-13 10:38:37.240844', NULL, NULL, NULL, '2026-01-13 10:38:37.240844', NULL, '2026-01-13 10:38:37.240844');
INSERT INTO public.sys_role_assignments (id, role_id, target_type, target_id, assigned_at, assigned_by, valid_from, valid_to, created_at, created_by, updated_at) VALUES ('ra-tech-director-tech-director', 'TECH_DIRECTOR_ROLE', 'USER', 'tech-director-001', '2026-01-13 10:38:37.240844', 'system', NULL, NULL, '2026-01-13 10:38:37.240844', NULL, '2026-01-13 10:38:37.240844');
INSERT INTO public.sys_role_assignments (id, role_id, target_type, target_id, assigned_at, assigned_by, valid_from, valid_to, created_at, created_by, updated_at) VALUES ('ra-user-core-lead', 'TEAM_LEADER_ROLE', 'USER', 'core-lead-001', '2026-01-13 10:38:37.240844', NULL, NULL, NULL, '2026-01-13 10:38:37.240844', NULL, '2026-01-13 10:38:37.240844');
INSERT INTO public.sys_role_assignments (id, role_id, target_type, target_id, assigned_at, assigned_by, valid_from, valid_to, created_at, created_by, updated_at) VALUES ('ra-user-channel-lead', 'TEAM_LEADER_ROLE', 'USER', 'channel-lead-001', '2026-01-13 10:38:37.240844', NULL, NULL, NULL, '2026-01-13 10:38:37.240844', NULL, '2026-01-13 10:38:37.240844');
INSERT INTO public.sys_role_assignments (id, role_id, target_type, target_id, assigned_at, assigned_by, valid_from, valid_to, created_at, created_by, updated_at) VALUES ('ra-user-risk-lead', 'TEAM_LEADER_ROLE', 'USER', 'risk-lead-001', '2026-01-13 10:38:37.240844', NULL, NULL, NULL, '2026-01-13 10:38:37.240844', NULL, '2026-01-13 10:38:37.240844');
INSERT INTO public.sys_role_assignments (id, role_id, target_type, target_id, assigned_at, assigned_by, valid_from, valid_to, created_at, created_by, updated_at) VALUES ('ra-user-dev-john', 'DEVELOPER_ROLE', 'USER', 'dev-john-001', '2026-01-13 10:38:37.240844', NULL, NULL, NULL, '2026-01-13 10:38:37.240844', NULL, '2026-01-13 10:38:37.240844');
INSERT INTO public.sys_role_assignments (id, role_id, target_type, target_id, assigned_at, assigned_by, valid_from, valid_to, created_at, created_by, updated_at) VALUES ('ra-user-dev-mary', 'DEVELOPER_ROLE', 'USER', 'dev-mary-001', '2026-01-13 10:38:37.240844', NULL, NULL, NULL, '2026-01-13 10:38:37.240844', NULL, '2026-01-13 10:38:37.240844');
INSERT INTO public.sys_role_assignments (id, role_id, target_type, target_id, assigned_at, assigned_by, valid_from, valid_to, created_at, created_by, updated_at) VALUES ('ra-user-dev-peter', 'DEVELOPER_ROLE', 'USER', 'dev-peter-001', '2026-01-13 10:38:37.240844', NULL, NULL, NULL, '2026-01-13 10:38:37.240844', NULL, '2026-01-13 10:38:37.240844');
INSERT INTO public.sys_role_assignments (id, role_id, target_type, target_id, assigned_at, assigned_by, valid_from, valid_to, created_at, created_by, updated_at) VALUES ('ra-user-dev-lisa', 'DEVELOPER_ROLE', 'USER', 'dev-lisa-001', '2026-01-13 10:38:37.240844', NULL, NULL, NULL, '2026-01-13 10:38:37.240844', NULL, '2026-01-13 10:38:37.240844');
INSERT INTO public.sys_role_assignments (id, role_id, target_type, target_id, assigned_at, assigned_by, valid_from, valid_to, created_at, created_by, updated_at) VALUES ('ra-user-dev-alex', 'DEVELOPER_ROLE', 'USER', 'dev-alex-001', '2026-01-13 10:38:37.240844', NULL, NULL, NULL, '2026-01-13 10:38:37.240844', NULL, '2026-01-13 10:38:37.240844');
INSERT INTO public.sys_role_assignments (id, role_id, target_type, target_id, assigned_at, assigned_by, valid_from, valid_to, created_at, created_by, updated_at) VALUES ('ra-user-dev-emma', 'DEVELOPER_ROLE', 'USER', 'dev-emma-001', '2026-01-13 10:38:37.240844', NULL, NULL, NULL, '2026-01-13 10:38:37.240844', NULL, '2026-01-13 10:38:37.240844');
INSERT INTO public.sys_role_assignments (id, role_id, target_type, target_id, assigned_at, assigned_by, valid_from, valid_to, created_at, created_by, updated_at) VALUES ('ra-vg-managers', 'MANAGER_ROLE', 'VIRTUAL_GROUP', 'vg-all-managers', '2026-01-13 10:38:37.240844', NULL, NULL, NULL, '2026-01-13 10:38:37.240844', NULL, '2026-01-13 10:38:37.240844');
INSERT INTO public.sys_role_assignments (id, role_id, target_type, target_id, assigned_at, assigned_by, valid_from, valid_to, created_at, created_by, updated_at) VALUES ('ra-vg-developers', 'DEVELOPER_ROLE', 'VIRTUAL_GROUP', 'vg-all-developers', '2026-01-13 10:38:37.240844', NULL, NULL, NULL, '2026-01-13 10:38:37.240844', NULL, '2026-01-13 10:38:37.240844');
INSERT INTO public.sys_role_assignments (id, role_id, target_type, target_id, assigned_at, assigned_by, valid_from, valid_to, created_at, created_by, updated_at) VALUES ('ra-vg-team-leads', 'TEAM_LEADER_ROLE', 'VIRTUAL_GROUP', 'vg-team-leads', '2026-01-13 10:38:37.240844', NULL, NULL, NULL, '2026-01-13 10:38:37.240844', NULL, '2026-01-13 10:38:37.240844');
INSERT INTO public.sys_role_permissions (id, role_id, permission_id, created_at, condition_type, condition_value, granted_at, granted_by) VALUES ('rp-sysadmin-perm-admin-user-read', 'SYS_ADMIN_ROLE', 'perm-admin-user-read', '2026-01-13 09:37:39.737033', NULL, NULL, NULL, NULL);
INSERT INTO public.sys_role_permissions (id, role_id, permission_id, created_at, condition_type, condition_value, granted_at, granted_by) VALUES ('rp-sysadmin-perm-admin-user-write', 'SYS_ADMIN_ROLE', 'perm-admin-user-write', '2026-01-13 09:37:39.737033', NULL, NULL, NULL, NULL);
INSERT INTO public.sys_role_permissions (id, role_id, permission_id, created_at, condition_type, condition_value, granted_at, granted_by) VALUES ('rp-sysadmin-perm-admin-role-read', 'SYS_ADMIN_ROLE', 'perm-admin-role-read', '2026-01-13 09:37:39.737033', NULL, NULL, NULL, NULL);
INSERT INTO public.sys_role_permissions (id, role_id, permission_id, created_at, condition_type, condition_value, granted_at, granted_by) VALUES ('rp-sysadmin-perm-admin-role-write', 'SYS_ADMIN_ROLE', 'perm-admin-role-write', '2026-01-13 09:37:39.737033', NULL, NULL, NULL, NULL);
INSERT INTO public.sys_role_permissions (id, role_id, permission_id, created_at, condition_type, condition_value, granted_at, granted_by) VALUES ('rp-sysadmin-perm-admin-dept-read', 'SYS_ADMIN_ROLE', 'perm-admin-dept-read', '2026-01-13 09:37:39.737033', NULL, NULL, NULL, NULL);
INSERT INTO public.sys_role_permissions (id, role_id, permission_id, created_at, condition_type, condition_value, granted_at, granted_by) VALUES ('rp-sysadmin-perm-admin-dept-write', 'SYS_ADMIN_ROLE', 'perm-admin-dept-write', '2026-01-13 09:37:39.737033', NULL, NULL, NULL, NULL);
INSERT INTO public.sys_role_permissions (id, role_id, permission_id, created_at, condition_type, condition_value, granted_at, granted_by) VALUES ('rp-sysadmin-perm-admin-audit-read', 'SYS_ADMIN_ROLE', 'perm-admin-audit-read', '2026-01-13 09:37:39.737033', NULL, NULL, NULL, NULL);
INSERT INTO public.sys_role_permissions (id, role_id, permission_id, created_at, condition_type, condition_value, granted_at, granted_by) VALUES ('rp-sysadmin-perm-admin-config-read', 'SYS_ADMIN_ROLE', 'perm-admin-config-read', '2026-01-13 09:37:39.737033', NULL, NULL, NULL, NULL);
INSERT INTO public.sys_role_permissions (id, role_id, permission_id, created_at, condition_type, condition_value, granted_at, granted_by) VALUES ('rp-sysadmin-perm-admin-config-write', 'SYS_ADMIN_ROLE', 'perm-admin-config-write', '2026-01-13 09:37:39.737033', NULL, NULL, NULL, NULL);
INSERT INTO public.sys_role_permissions (id, role_id, permission_id, created_at, condition_type, condition_value, granted_at, granted_by) VALUES ('rp-auditor-perm-admin-user-read', 'AUDITOR_ROLE', 'perm-admin-user-read', '2026-01-13 09:37:39.740807', NULL, NULL, NULL, NULL);
INSERT INTO public.sys_role_permissions (id, role_id, permission_id, created_at, condition_type, condition_value, granted_at, granted_by) VALUES ('rp-auditor-perm-admin-role-read', 'AUDITOR_ROLE', 'perm-admin-role-read', '2026-01-13 09:37:39.740807', NULL, NULL, NULL, NULL);
INSERT INTO public.sys_role_permissions (id, role_id, permission_id, created_at, condition_type, condition_value, granted_at, granted_by) VALUES ('rp-auditor-perm-admin-dept-read', 'AUDITOR_ROLE', 'perm-admin-dept-read', '2026-01-13 09:37:39.740807', NULL, NULL, NULL, NULL);
INSERT INTO public.sys_role_permissions (id, role_id, permission_id, created_at, condition_type, condition_value, granted_at, granted_by) VALUES ('rp-auditor-perm-admin-audit-read', 'AUDITOR_ROLE', 'perm-admin-audit-read', '2026-01-13 09:37:39.740807', NULL, NULL, NULL, NULL);
INSERT INTO public.sys_role_permissions (id, role_id, permission_id, created_at, condition_type, condition_value, granted_at, granted_by) VALUES ('rp-auditor-perm-admin-config-read', 'AUDITOR_ROLE', 'perm-admin-config-read', '2026-01-13 09:37:39.740807', NULL, NULL, NULL, NULL);
INSERT INTO public.sys_role_permissions (id, role_id, permission_id, created_at, condition_type, condition_value, granted_at, granted_by) VALUES ('rp-techdir-perm-dev-fu-create', 'TECH_DIRECTOR_ROLE', 'perm-dev-fu-create', '2026-01-13 09:37:39.742396', NULL, NULL, NULL, NULL);
INSERT INTO public.sys_role_permissions (id, role_id, permission_id, created_at, condition_type, condition_value, granted_at, granted_by) VALUES ('rp-techdir-perm-dev-fu-edit', 'TECH_DIRECTOR_ROLE', 'perm-dev-fu-edit', '2026-01-13 09:37:39.742396', NULL, NULL, NULL, NULL);
INSERT INTO public.sys_role_permissions (id, role_id, permission_id, created_at, condition_type, condition_value, granted_at, granted_by) VALUES ('rp-techdir-perm-dev-fu-delete', 'TECH_DIRECTOR_ROLE', 'perm-dev-fu-delete', '2026-01-13 09:37:39.742396', NULL, NULL, NULL, NULL);
INSERT INTO public.sys_role_permissions (id, role_id, permission_id, created_at, condition_type, condition_value, granted_at, granted_by) VALUES ('rp-techdir-perm-dev-fu-deploy', 'TECH_DIRECTOR_ROLE', 'perm-dev-fu-deploy', '2026-01-13 09:37:39.742396', NULL, NULL, NULL, NULL);
INSERT INTO public.sys_role_permissions (id, role_id, permission_id, created_at, condition_type, condition_value, granted_at, granted_by) VALUES ('rp-techdir-perm-dev-fu-approve', 'TECH_DIRECTOR_ROLE', 'perm-dev-fu-approve', '2026-01-13 09:37:39.742396', NULL, NULL, NULL, NULL);
INSERT INTO public.sys_role_permissions (id, role_id, permission_id, created_at, condition_type, condition_value, granted_at, granted_by) VALUES ('rp-techdir-perm-dev-process-design', 'TECH_DIRECTOR_ROLE', 'perm-dev-process-design', '2026-01-13 09:37:39.742396', NULL, NULL, NULL, NULL);
INSERT INTO public.sys_role_permissions (id, role_id, permission_id, created_at, condition_type, condition_value, granted_at, granted_by) VALUES ('rp-techdir-perm-dev-form-design', 'TECH_DIRECTOR_ROLE', 'perm-dev-form-design', '2026-01-13 09:37:39.742396', NULL, NULL, NULL, NULL);
INSERT INTO public.sys_role_permissions (id, role_id, permission_id, created_at, condition_type, condition_value, granted_at, granted_by) VALUES ('rp-techdir-perm-dev-table-design', 'TECH_DIRECTOR_ROLE', 'perm-dev-table-design', '2026-01-13 09:37:39.742396', NULL, NULL, NULL, NULL);
INSERT INTO public.sys_role_permissions (id, role_id, permission_id, created_at, condition_type, condition_value, granted_at, granted_by) VALUES ('rp-teamlead-perm-dev-fu-create', 'TEAM_LEADER_ROLE', 'perm-dev-fu-create', '2026-01-13 09:37:39.744109', NULL, NULL, NULL, NULL);
INSERT INTO public.sys_role_permissions (id, role_id, permission_id, created_at, condition_type, condition_value, granted_at, granted_by) VALUES ('rp-teamlead-perm-dev-fu-edit', 'TEAM_LEADER_ROLE', 'perm-dev-fu-edit', '2026-01-13 09:37:39.744109', NULL, NULL, NULL, NULL);
INSERT INTO public.sys_role_permissions (id, role_id, permission_id, created_at, condition_type, condition_value, granted_at, granted_by) VALUES ('rp-teamlead-perm-dev-fu-delete', 'TEAM_LEADER_ROLE', 'perm-dev-fu-delete', '2026-01-13 09:37:39.744109', NULL, NULL, NULL, NULL);
INSERT INTO public.sys_role_permissions (id, role_id, permission_id, created_at, condition_type, condition_value, granted_at, granted_by) VALUES ('rp-teamlead-perm-dev-process-design', 'TEAM_LEADER_ROLE', 'perm-dev-process-design', '2026-01-13 09:37:39.744109', NULL, NULL, NULL, NULL);
INSERT INTO public.sys_role_permissions (id, role_id, permission_id, created_at, condition_type, condition_value, granted_at, granted_by) VALUES ('rp-teamlead-perm-dev-form-design', 'TEAM_LEADER_ROLE', 'perm-dev-form-design', '2026-01-13 09:37:39.744109', NULL, NULL, NULL, NULL);
INSERT INTO public.sys_role_permissions (id, role_id, permission_id, created_at, condition_type, condition_value, granted_at, granted_by) VALUES ('rp-teamlead-perm-dev-table-design', 'TEAM_LEADER_ROLE', 'perm-dev-table-design', '2026-01-13 09:37:39.744109', NULL, NULL, NULL, NULL);
INSERT INTO public.sys_role_permissions (id, role_id, permission_id, created_at, condition_type, condition_value, granted_at, granted_by) VALUES ('rp-dev-perm-dev-fu-create', 'DEVELOPER_ROLE', 'perm-dev-fu-create', '2026-01-13 09:37:39.746184', NULL, NULL, NULL, NULL);
INSERT INTO public.sys_role_permissions (id, role_id, permission_id, created_at, condition_type, condition_value, granted_at, granted_by) VALUES ('rp-dev-perm-dev-fu-edit', 'DEVELOPER_ROLE', 'perm-dev-fu-edit', '2026-01-13 09:37:39.746184', NULL, NULL, NULL, NULL);
INSERT INTO public.sys_role_permissions (id, role_id, permission_id, created_at, condition_type, condition_value, granted_at, granted_by) VALUES ('rp-dev-perm-dev-process-design', 'DEVELOPER_ROLE', 'perm-dev-process-design', '2026-01-13 09:37:39.746184', NULL, NULL, NULL, NULL);
INSERT INTO public.sys_role_permissions (id, role_id, permission_id, created_at, condition_type, condition_value, granted_at, granted_by) VALUES ('rp-dev-perm-dev-form-design', 'DEVELOPER_ROLE', 'perm-dev-form-design', '2026-01-13 09:37:39.746184', NULL, NULL, NULL, NULL);
INSERT INTO public.sys_role_permissions (id, role_id, permission_id, created_at, condition_type, condition_value, granted_at, granted_by) VALUES ('rp-dev-perm-dev-table-design', 'DEVELOPER_ROLE', 'perm-dev-table-design', '2026-01-13 09:37:39.746184', NULL, NULL, NULL, NULL);
INSERT INTO public.sys_role_permissions (id, role_id, permission_id, created_at, condition_type, condition_value, granted_at, granted_by) VALUES ('rp-bizuser-perm-portal-task-view', 'BUSINESS_USER_ROLE', 'perm-portal-task-view', '2026-01-13 09:37:39.748926', NULL, NULL, NULL, NULL);
INSERT INTO public.sys_role_permissions (id, role_id, permission_id, created_at, condition_type, condition_value, granted_at, granted_by) VALUES ('rp-bizuser-perm-portal-task-process', 'BUSINESS_USER_ROLE', 'perm-portal-task-process', '2026-01-13 09:37:39.748926', NULL, NULL, NULL, NULL);
INSERT INTO public.sys_role_permissions (id, role_id, permission_id, created_at, condition_type, condition_value, granted_at, granted_by) VALUES ('rp-bizuser-perm-portal-process-start', 'BUSINESS_USER_ROLE', 'perm-portal-process-start', '2026-01-13 09:37:39.748926', NULL, NULL, NULL, NULL);
INSERT INTO public.sys_role_permissions (id, role_id, permission_id, created_at, condition_type, condition_value, granted_at, granted_by) VALUES ('rp-bizuser-perm-portal-process-view', 'BUSINESS_USER_ROLE', 'perm-portal-process-view', '2026-01-13 09:37:39.748926', NULL, NULL, NULL, NULL);
INSERT INTO public.sys_roles (id, code, name, type, description, status, is_system, created_at, created_by, updated_at, updated_by) VALUES ('SYS_ADMIN_ROLE', 'SYS_ADMIN', 'System Administrator', 'ADMIN', 'Full system access', 'ACTIVE', true, '2026-01-13 09:37:39.727852', NULL, '2026-01-13 09:37:39.727852', NULL);
INSERT INTO public.sys_roles (id, code, name, type, description, status, is_system, created_at, created_by, updated_at, updated_by) VALUES ('AUDITOR_ROLE', 'AUDITOR', 'Auditor', 'ADMIN', 'Read-only access to audit logs', 'ACTIVE', true, '2026-01-13 09:37:39.727852', NULL, '2026-01-13 09:37:39.727852', NULL);
INSERT INTO public.sys_roles (id, code, name, type, description, status, is_system, created_at, created_by, updated_at, updated_by) VALUES ('TECH_DIRECTOR_ROLE', 'TECH_DIRECTOR', 'Technical Director', 'DEVELOPER', 'Full development access with approval rights', 'ACTIVE', true, '2026-01-13 09:37:39.731155', NULL, '2026-01-13 09:37:39.731155', NULL);
INSERT INTO public.sys_roles (id, code, name, type, description, status, is_system, created_at, created_by, updated_at, updated_by) VALUES ('TEAM_LEADER_ROLE', 'TEAM_LEADER', 'Team Leader', 'DEVELOPER', 'Team management and code review', 'ACTIVE', true, '2026-01-13 09:37:39.731155', NULL, '2026-01-13 09:37:39.731155', NULL);
INSERT INTO public.sys_roles (id, code, name, type, description, status, is_system, created_at, created_by, updated_at, updated_by) VALUES ('DEVELOPER_ROLE', 'DEVELOPER', 'Developer', 'DEVELOPER', 'Development and testing access', 'ACTIVE', true, '2026-01-13 09:37:39.731155', NULL, '2026-01-13 09:37:39.731155', NULL);
INSERT INTO public.sys_roles (id, code, name, type, description, status, is_system, created_at, created_by, updated_at, updated_by) VALUES ('BUSINESS_USER_ROLE', 'BUSINESS_USER', 'Business User', 'BU_UNBOUNDED', 'Standard business user access', 'ACTIVE', true, '2026-01-13 09:37:39.7329', NULL, '2026-01-13 09:37:39.7329', NULL);
INSERT INTO public.sys_roles (id, code, name, type, description, status, is_system, created_at, created_by, updated_at, updated_by) VALUES ('MANAGER_ROLE', 'MANAGER', 'Manager', 'BU_UNBOUNDED', 'Department manager with approval permissions', 'ACTIVE', false, '2026-01-13 10:38:37.240844', NULL, '2026-01-13 10:38:37.240844', NULL);
INSERT INTO public.sys_roles (id, code, name, type, description, status, is_system, created_at, created_by, updated_at, updated_by) VALUES ('USER_ROLE', 'USER', 'User', 'BU_UNBOUNDED', 'Regular user with basic permissions', 'ACTIVE', false, '2026-01-13 10:38:37.240844', NULL, '2026-01-13 10:38:37.240844', NULL);
INSERT INTO public.sys_user_roles (id, user_id, role_id, assigned_at, assigned_by, valid_from, valid_to) VALUES ('ur-admin-001-SYS_ADMIN_ROLE', 'admin-001', 'SYS_ADMIN_ROLE', '2026-01-13 10:38:37.240844', 'system', NULL, NULL);
INSERT INTO public.sys_user_roles (id, user_id, role_id, assigned_at, assigned_by, valid_from, valid_to) VALUES ('ur-tech-director-001-TECH_DIRECTOR_ROLE', 'tech-director-001', 'TECH_DIRECTOR_ROLE', '2026-01-13 10:38:37.240844', 'system', NULL, NULL);
INSERT INTO public.sys_user_roles (id, user_id, role_id, assigned_at, assigned_by, valid_from, valid_to) VALUES ('ur-core-lead-001', 'core-lead-001', 'TEAM_LEADER_ROLE', '2026-01-13 11:17:10.48595', 'system', NULL, NULL);
INSERT INTO public.sys_user_roles (id, user_id, role_id, assigned_at, assigned_by, valid_from, valid_to) VALUES ('ur-dev-john-001', 'dev-john-001', 'DEVELOPER_ROLE', '2026-01-13 11:17:10.48595', 'system', NULL, NULL);
INSERT INTO public.sys_users (id, username, password_hash, email, display_name, full_name, phone, employee_id, position, entity_manager_id, function_manager_id, status, language, must_change_password, password_expired_at, last_login_at, last_login_ip, failed_login_count, locked_until, created_at, created_by, updated_at, updated_by, deleted, deleted_at, deleted_by) VALUES ('hr-recruiter-001', 'hr.recruiter', '$2a$10$bTB3yyVtzpJw17uMI9pShOzAkm07MKZa2EyQhc4izBO1MdXXEiUiO', 'hr.recruiter@bank.com', 'Emily Liu', 'Emily Liu', NULL, 'EMP-HR-003', 'Recruiter', 'hr-manager-001', 'hr-manager-001', 'ACTIVE', 'zh_CN', false, NULL, NULL, NULL, 0, NULL, '2026-01-13 10:38:37.240844', NULL, '2026-01-13 10:38:37.240844', NULL, false, NULL, NULL);
INSERT INTO public.sys_users (id, username, password_hash, email, display_name, full_name, phone, employee_id, position, entity_manager_id, function_manager_id, status, language, must_change_password, password_expired_at, last_login_at, last_login_ip, failed_login_count, locked_until, created_at, created_by, updated_at, updated_by, deleted, deleted_at, deleted_by) VALUES ('corp-analyst-001', 'corp.analyst', '$2a$10$bTB3yyVtzpJw17uMI9pShOzAkm07MKZa2EyQhc4izBO1MdXXEiUiO', 'corp.analyst@bank.com', 'David Wu', 'David Wu', NULL, 'EMP-CORP-003', 'Business Analyst', 'corp-manager-001', 'corp-director-001', 'ACTIVE', 'zh_CN', false, NULL, NULL, NULL, 0, NULL, '2026-01-13 10:38:37.240844', NULL, '2026-01-13 10:38:37.240844', NULL, false, NULL, NULL);
INSERT INTO public.sys_users (id, username, password_hash, email, display_name, full_name, phone, employee_id, position, entity_manager_id, function_manager_id, status, language, must_change_password, password_expired_at, last_login_at, last_login_ip, failed_login_count, locked_until, created_at, created_by, updated_at, updated_by, deleted, deleted_at, deleted_by) VALUES ('corp-officer-001', 'corp.officer', '$2a$10$bTB3yyVtzpJw17uMI9pShOzAkm07MKZa2EyQhc4izBO1MdXXEiUiO', 'corp.officer@bank.com', 'Amy Zhao', 'Amy Zhao', NULL, 'EMP-CORP-004', 'Relationship Officer', 'corp-manager-001', 'corp-director-001', 'ACTIVE', 'zh_CN', false, NULL, NULL, NULL, 0, NULL, '2026-01-13 10:38:37.240844', NULL, '2026-01-13 10:38:37.240844', NULL, false, NULL, NULL);
INSERT INTO public.sys_users (id, username, password_hash, email, display_name, full_name, phone, employee_id, position, entity_manager_id, function_manager_id, status, language, must_change_password, password_expired_at, last_login_at, last_login_ip, failed_login_count, locked_until, created_at, created_by, updated_at, updated_by, deleted, deleted_at, deleted_by) VALUES ('channel-lead-001', 'channel.lead', '$2a$10$bTB3yyVtzpJw17uMI9pShOzAkm07MKZa2EyQhc4izBO1MdXXEiUiO', 'channel.lead@bank.com', 'Grace Lin', 'Grace Lin', NULL, 'EMP-IT-003', 'Team Leader', 'tech-director-001', 'tech-director-001', 'ACTIVE', 'zh_CN', false, NULL, NULL, NULL, 0, NULL, '2026-01-13 10:38:37.240844', NULL, '2026-01-13 10:38:37.240844', NULL, false, NULL, NULL);
INSERT INTO public.sys_users (id, username, password_hash, email, display_name, full_name, phone, employee_id, position, entity_manager_id, function_manager_id, status, language, must_change_password, password_expired_at, last_login_at, last_login_ip, failed_login_count, locked_until, created_at, created_by, updated_at, updated_by, deleted, deleted_at, deleted_by) VALUES ('risk-lead-001', 'risk.lead', '$2a$10$bTB3yyVtzpJw17uMI9pShOzAkm07MKZa2EyQhc4izBO1MdXXEiUiO', 'risk.lead@bank.com', 'Tony Chen', 'Tony Chen', NULL, 'EMP-IT-004', 'Team Leader', 'tech-director-001', 'tech-director-001', 'ACTIVE', 'zh_CN', false, NULL, NULL, NULL, 0, NULL, '2026-01-13 10:38:37.240844', NULL, '2026-01-13 10:38:37.240844', NULL, false, NULL, NULL);
INSERT INTO public.sys_users (id, username, password_hash, email, display_name, full_name, phone, employee_id, position, entity_manager_id, function_manager_id, status, language, must_change_password, password_expired_at, last_login_at, last_login_ip, failed_login_count, locked_until, created_at, created_by, updated_at, updated_by, deleted, deleted_at, deleted_by) VALUES ('dev-john-001', 'dev.john', '$2a$10$bTB3yyVtzpJw17uMI9pShOzAkm07MKZa2EyQhc4izBO1MdXXEiUiO', 'john.dev@bank.com', 'John Developer', 'John Smith', NULL, 'EMP-IT-005', 'Senior Developer', 'core-lead-001', 'tech-director-001', 'ACTIVE', 'zh_CN', false, NULL, NULL, NULL, 0, NULL, '2026-01-13 10:38:37.240844', NULL, '2026-01-13 10:38:37.240844', NULL, false, NULL, NULL);
INSERT INTO public.sys_users (id, username, password_hash, email, display_name, full_name, phone, employee_id, position, entity_manager_id, function_manager_id, status, language, must_change_password, password_expired_at, last_login_at, last_login_ip, failed_login_count, locked_until, created_at, created_by, updated_at, updated_by, deleted, deleted_at, deleted_by) VALUES ('dev-mary-001', 'dev.mary', '$2a$10$bTB3yyVtzpJw17uMI9pShOzAkm07MKZa2EyQhc4izBO1MdXXEiUiO', 'mary.dev@bank.com', 'Mary Johnson', 'Mary Johnson', NULL, 'EMP-IT-006', 'Developer', 'core-lead-001', 'tech-director-001', 'ACTIVE', 'zh_CN', false, NULL, NULL, NULL, 0, NULL, '2026-01-13 10:38:37.240844', NULL, '2026-01-13 10:38:37.240844', NULL, false, NULL, NULL);
INSERT INTO public.sys_users (id, username, password_hash, email, display_name, full_name, phone, employee_id, position, entity_manager_id, function_manager_id, status, language, must_change_password, password_expired_at, last_login_at, last_login_ip, failed_login_count, locked_until, created_at, created_by, updated_at, updated_by, deleted, deleted_at, deleted_by) VALUES ('dev-peter-001', 'dev.peter', '$2a$10$bTB3yyVtzpJw17uMI9pShOzAkm07MKZa2EyQhc4izBO1MdXXEiUiO', 'peter.dev@bank.com', 'Peter Lee', 'Peter Lee', NULL, 'EMP-IT-007', 'Senior Developer', 'channel-lead-001', 'tech-director-001', 'ACTIVE', 'zh_CN', false, NULL, NULL, NULL, 0, NULL, '2026-01-13 10:38:37.240844', NULL, '2026-01-13 10:38:37.240844', NULL, false, NULL, NULL);
INSERT INTO public.sys_users (id, username, password_hash, email, display_name, full_name, phone, employee_id, position, entity_manager_id, function_manager_id, status, language, must_change_password, password_expired_at, last_login_at, last_login_ip, failed_login_count, locked_until, created_at, created_by, updated_at, updated_by, deleted, deleted_at, deleted_by) VALUES ('dev-lisa-001', 'dev.lisa', '$2a$10$bTB3yyVtzpJw17uMI9pShOzAkm07MKZa2EyQhc4izBO1MdXXEiUiO', 'lisa.dev@bank.com', 'Lisa Wang', 'Lisa Wang', NULL, 'EMP-IT-008', 'Developer', 'channel-lead-001', 'tech-director-001', 'ACTIVE', 'zh_CN', false, NULL, NULL, NULL, 0, NULL, '2026-01-13 10:38:37.240844', NULL, '2026-01-13 10:38:37.240844', NULL, false, NULL, NULL);
INSERT INTO public.sys_users (id, username, password_hash, email, display_name, full_name, phone, employee_id, position, entity_manager_id, function_manager_id, status, language, must_change_password, password_expired_at, last_login_at, last_login_ip, failed_login_count, locked_until, created_at, created_by, updated_at, updated_by, deleted, deleted_at, deleted_by) VALUES ('dev-alex-001', 'dev.alex', '$2a$10$bTB3yyVtzpJw17uMI9pShOzAkm07MKZa2EyQhc4izBO1MdXXEiUiO', 'alex.dev@bank.com', 'Alex Zhou', 'Alex Zhou', NULL, 'EMP-IT-009', 'Senior Developer', 'risk-lead-001', 'tech-director-001', 'ACTIVE', 'zh_CN', false, NULL, NULL, NULL, 0, NULL, '2026-01-13 10:38:37.240844', NULL, '2026-01-13 10:38:37.240844', NULL, false, NULL, NULL);
INSERT INTO public.sys_users (id, username, password_hash, email, display_name, full_name, phone, employee_id, position, entity_manager_id, function_manager_id, status, language, must_change_password, password_expired_at, last_login_at, last_login_ip, failed_login_count, locked_until, created_at, created_by, updated_at, updated_by, deleted, deleted_at, deleted_by) VALUES ('dev-emma-001', 'dev.emma', '$2a$10$bTB3yyVtzpJw17uMI9pShOzAkm07MKZa2EyQhc4izBO1MdXXEiUiO', 'emma.dev@bank.com', 'Emma Liu', 'Emma Liu', NULL, 'EMP-IT-010', 'Developer', 'risk-lead-001', 'tech-director-001', 'ACTIVE', 'zh_CN', false, NULL, NULL, NULL, 0, NULL, '2026-01-13 10:38:37.240844', NULL, '2026-01-13 10:38:37.240844', NULL, false, NULL, NULL);
INSERT INTO public.sys_users (id, username, password_hash, email, display_name, full_name, phone, employee_id,  position, entity_manager_id, function_manager_id, status, language, must_change_password, password_expired_at, last_login_at, last_login_ip, failed_login_count, locked_until, created_at, created_by, updated_at, updated_by, deleted, deleted_at, deleted_by) VALUES ('0faaa488-803a-43d2-9c08-1d3b58df8e6d', 'super_admin', 'admin123', 'super_admin@example.com', '超级管理员', '超级管理员', NULL, NULL, NULL, NULL, NULL, 'ACTIVE', 'zh_CN', false, NULL, NULL, NULL, 0, NULL, '2026-01-14 17:14:46.73286', NULL, '2026-01-14 17:14:46.732895', NULL, false, NULL, NULL);
INSERT INTO public.sys_users (id, username, password_hash, email, display_name, full_name, phone, employee_id,  position, entity_manager_id, function_manager_id, status, language, must_change_password, password_expired_at, last_login_at, last_login_ip, failed_login_count, locked_until, created_at, created_by, updated_at, updated_by, deleted, deleted_at, deleted_by) VALUES ('747328d2-e566-4c0d-bc4e-0e318b1ddb94', 'system_admin', 'admin123', 'system_admin@example.com', '系统管理员', '系统管理员', NULL, NULL, NULL, NULL, NULL, 'ACTIVE', 'zh_CN', false, NULL, NULL, NULL, 0, NULL, '2026-01-14 17:14:46.790015', NULL, '2026-01-14 17:14:46.790036', NULL, false, NULL, NULL);
INSERT INTO public.sys_users (id, username, password_hash, email, display_name, full_name, phone, employee_id,  position, entity_manager_id, function_manager_id, status, language, must_change_password, password_expired_at, last_login_at, last_login_ip, failed_login_count, locked_until, created_at, created_by, updated_at, updated_by, deleted, deleted_at, deleted_by) VALUES ('46e83c06-3c35-4538-90a3-0b58eede02ba', 'tenant_admin', 'admin123', 'tenant_admin@example.com', '租户管理员', '租户管理员', NULL, NULL, NULL, NULL, NULL, 'ACTIVE', 'zh_CN', false, NULL, NULL, NULL, 0, NULL, '2026-01-14 17:14:46.800673', NULL, '2026-01-14 17:14:46.800701', NULL, false, NULL, NULL);
INSERT INTO public.sys_users (id, username, password_hash, email, display_name, full_name, phone, employee_id,  position, entity_manager_id, function_manager_id, status, language, must_change_password, password_expired_at, last_login_at, last_login_ip, failed_login_count, locked_until, created_at, created_by, updated_at, updated_by, deleted, deleted_at, deleted_by) VALUES ('9625938d-ee73-4d91-97e3-58b0e208ea5f', 'auditor', 'admin123', 'auditor@example.com', '审计员', '审计员', NULL, NULL, NULL, NULL, NULL, 'ACTIVE', 'zh_CN', false, NULL, NULL, NULL, 0, NULL, '2026-01-14 17:14:46.80934', NULL, '2026-01-14 17:14:46.809353', NULL, false, NULL, NULL);
INSERT INTO public.sys_users (id, username, password_hash, email, display_name, full_name, phone, employee_id,  position, entity_manager_id, function_manager_id, status, language, must_change_password, password_expired_at, last_login_at, last_login_ip, failed_login_count, locked_until, created_at, created_by, updated_at, updated_by, deleted, deleted_at, deleted_by) VALUES ('291b1d55-d01f-4753-b07c-5ff0fca137da', 'finance', 'user123', 'finance@example.com', '财务人员', '财务人员', NULL, NULL, NULL, NULL, NULL, 'ACTIVE', 'zh_CN', false, NULL, NULL, NULL, 0, NULL, '2026-01-14 17:14:46.891087', NULL, '2026-01-15 10:15:36.164959', NULL, true, '2026-01-15 10:15:36.149787', 'system');
INSERT INTO public.sys_users (id, username, password_hash, email, display_name, full_name, phone, employee_id,  position, entity_manager_id, function_manager_id, status, language, must_change_password, password_expired_at, last_login_at, last_login_ip, failed_login_count, locked_until, created_at, created_by, updated_at, updated_by, deleted, deleted_at, deleted_by) VALUES ('a35c972b-95a5-4b6e-82cb-a598017d58bb', 'dev_lead', 'dev123', 'dev_lead@example.com', '开发组长', '开发组长', NULL, NULL, NULL, NULL, NULL, 'ACTIVE', 'zh_CN', false, NULL, NULL, NULL, 0, NULL, '2026-01-14 17:14:46.817876', NULL, '2026-01-14 17:14:46.817888', NULL, false, NULL, NULL);
INSERT INTO public.sys_users (id, username, password_hash, email, display_name, full_name, phone, employee_id,  position, entity_manager_id, function_manager_id, status, language, must_change_password, password_expired_at, last_login_at, last_login_ip, failed_login_count, locked_until, created_at, created_by, updated_at, updated_by, deleted, deleted_at, deleted_by) VALUES ('3e67bb11-5d06-4a69-9db2-1886fa43f80c', 'senior_dev', 'dev123', 'senior_dev@example.com', '高级开发', '高级开发', NULL, NULL, NULL, NULL, NULL, 'ACTIVE', 'zh_CN', false, NULL, NULL, NULL, 0, NULL, '2026-01-14 17:14:46.825056', NULL, '2026-01-14 17:14:46.825072', NULL, false, NULL, NULL);
INSERT INTO public.sys_users (id, username, password_hash, email, display_name, full_name, phone, employee_id,  position, entity_manager_id, function_manager_id, status, language, must_change_password, password_expired_at, last_login_at, last_login_ip, failed_login_count, locked_until, created_at, created_by, updated_at, updated_by, deleted, deleted_at, deleted_by) VALUES ('07d58b2e-8621-418a-9b8a-95c0e6f52a4b', 'developer', 'dev123', 'developer@example.com', '开发人员', '开发人员', NULL, NULL, NULL, NULL, NULL, 'ACTIVE', 'zh_CN', false, NULL, NULL, NULL, 0, NULL, '2026-01-14 17:14:46.832925', NULL, '2026-01-14 17:14:46.832938', NULL, false, NULL, NULL);
INSERT INTO public.sys_users (id, username, password_hash, email, display_name, full_name, phone, employee_id,  position, entity_manager_id, function_manager_id, status, language, must_change_password, password_expired_at, last_login_at, last_login_ip, failed_login_count, locked_until, created_at, created_by, updated_at, updated_by, deleted, deleted_at, deleted_by) VALUES ('b072df65-f9dc-44f3-ae50-a6a12521d7a1', 'designer', 'dev123', 'designer@example.com', '流程设计师', '流程设计师', NULL, NULL, NULL, NULL, NULL, 'ACTIVE', 'zh_CN', false, NULL, NULL, NULL, 0, NULL, '2026-01-14 17:14:46.840685', NULL, '2026-01-14 17:14:46.840696', NULL, false, NULL, NULL);
INSERT INTO public.sys_users (id, username, password_hash, email, display_name, full_name, phone, employee_id,  position, entity_manager_id, function_manager_id, status, language, must_change_password, password_expired_at, last_login_at, last_login_ip, failed_login_count, locked_until, created_at, created_by, updated_at, updated_by, deleted, deleted_at, deleted_by) VALUES ('corp-director-001', 'corp.director', '$2a$10$bTB3yyVtzpJw17uMI9pShOzAkm07MKZa2EyQhc4izBO1MdXXEiUiO', 'corp.director@bank.com', 'James Zhang', 'James Zhang', NULL, 'EMP-CORP-001', 'Director', NULL, NULL, 'ACTIVE', 'zh_CN', false, NULL, '2026-01-14 17:02:02.279672', '0:0:0:0:0:0:0:1', 0, NULL, '2026-01-13 10:38:37.240844', NULL, '2026-01-13 10:38:37.240844', NULL, false, NULL, NULL);
INSERT INTO public.sys_users (id, username, password_hash, email, display_name, full_name, phone, employee_id, position, entity_manager_id, function_manager_id, status, language, must_change_password, password_expired_at, last_login_at, last_login_ip, failed_login_count, locked_until, created_at, created_by, updated_at, updated_by, deleted, deleted_at, deleted_by) VALUES ('corp-manager-001', 'corp.manager', '$2a$10$bTB3yyVtzpJw17uMI9pShOzAkm07MKZa2EyQhc4izBO1MdXXEiUiO', 'corp.manager@bank.com', 'Linda Li', 'Linda Li', NULL, 'EMP-CORP-002', 'Senior Manager', 'corp-director-001', 'corp-director-001', 'ACTIVE', 'zh_CN', false, NULL, '2026-01-15 17:36:59.382234', '0:0:0:0:0:0:0:1', 0, NULL, '2026-01-13 10:38:37.240844', NULL, '2026-01-13 10:38:37.240844', NULL, false, NULL, NULL);
INSERT INTO public.sys_users (id, username, password_hash, email, display_name, full_name, phone, employee_id,  position, entity_manager_id, function_manager_id, status, language, must_change_password, password_expired_at, last_login_at, last_login_ip, failed_login_count, locked_until, created_at, created_by, updated_at, updated_by, deleted, deleted_at, deleted_by) VALUES ('dba1fc33-0f8e-4767-a89d-efd0612a2308', 'tester', 'dev123', 'tester@example.com', '测试人员', '测试人员', NULL, NULL, NULL, NULL, NULL, 'ACTIVE', 'zh_CN', false, NULL, NULL, NULL, 0, NULL, '2026-01-14 17:14:46.847529', NULL, '2026-01-14 17:14:46.847542', NULL, false, NULL, NULL);
INSERT INTO public.sys_users (id, username, password_hash, email, display_name, full_name, phone, employee_id,  position, entity_manager_id, function_manager_id, status, language, must_change_password, password_expired_at, last_login_at, last_login_ip, failed_login_count, locked_until, created_at, created_by, updated_at, updated_by, deleted, deleted_at, deleted_by) VALUES ('a49f5109-a35e-4624-8a78-2bcedaa006d0', 'manager', 'user123', 'manager@example.com', '部门经理', '部门经理', NULL, NULL, NULL, NULL, NULL, 'ACTIVE', 'zh_CN', false, NULL, NULL, NULL, 0, NULL, '2026-01-14 17:14:46.854968', NULL, '2026-01-14 17:14:46.854985', NULL, false, NULL, NULL);
INSERT INTO public.sys_users (id, username, password_hash, email, display_name, full_name, phone, employee_id,  position, entity_manager_id, function_manager_id, status, language, must_change_password, password_expired_at, last_login_at, last_login_ip, failed_login_count, locked_until, created_at, created_by, updated_at, updated_by, deleted, deleted_at, deleted_by) VALUES ('6fe95275-b957-4ccb-a2c2-dd4c31717404', 'team_lead', 'user123', 'team_lead@example.com', '团队主管', '团队主管', NULL, NULL, NULL, NULL, NULL, 'ACTIVE', 'zh_CN', false, NULL, NULL, NULL, 0, NULL, '2026-01-14 17:14:46.862148', NULL, '2026-01-14 17:14:46.862167', NULL, false, NULL, NULL);
INSERT INTO public.sys_users (id, username, password_hash, email, display_name, full_name, phone, employee_id,  position, entity_manager_id, function_manager_id, status, language, must_change_password, password_expired_at, last_login_at, last_login_ip, failed_login_count, locked_until, created_at, created_by, updated_at, updated_by, deleted, deleted_at, deleted_by) VALUES ('56a324f3-e24c-49f5-9108-fdf1bfb05954', 'hr_staff', 'user123', 'hr_staff@example.com', 'HR专员', 'HR专员', NULL, NULL, NULL, NULL, NULL, 'ACTIVE', 'zh_CN', false, NULL, NULL, NULL, 0, NULL, '2026-01-14 17:14:46.884576', NULL, '2026-01-14 17:14:46.884587', NULL, false, NULL, NULL);
INSERT INTO public.sys_users (id, username, password_hash, email, display_name, full_name, phone, employee_id, position, entity_manager_id, function_manager_id, status, language, must_change_password, password_expired_at, last_login_at, last_login_ip, failed_login_count, locked_until, created_at, created_by, updated_at, updated_by, deleted, deleted_at, deleted_by) VALUES ('hr-specialist-001', 'hr.specialist', '$2a$10$bTB3yyVtzpJw17uMI9pShOzAkm07MKZa2EyQhc4izBO1MdXXEiUiO', 'hr.specialist@bank.com', 'Michael Wang', 'Michael Wang', NULL, 'EMP-HR-002', 'HR Specialist', 'hr-manager-001', 'hr-manager-001', 'ACTIVE', 'zh_CN', false, NULL, '2026-01-14 18:26:29.006292', '0:0:0:0:0:0:0:1', 0, NULL, '2026-01-13 10:38:37.240844', NULL, '2026-01-13 10:38:37.240844', NULL, false, NULL, NULL);
INSERT INTO public.sys_users (id, username, password_hash, email, display_name, full_name, phone, employee_id, position, entity_manager_id, function_manager_id, status, language, must_change_password, password_expired_at, last_login_at, last_login_ip, failed_login_count, locked_until, created_at, created_by, updated_at, updated_by, deleted, deleted_at, deleted_by) VALUES ('core-lead-001', 'core.lead', '$2a$10$U8RY1nXkphRLpUyqzy1fOe3W64/nfRmG3ara8YHK2yrWfYMugCKxK', 'core.lead@bank.com', 'Kevin Huang', 'Kevin Huang', NULL, 'EMP-IT-002', 'Team Leader', 'tech-director-001', 'tech-director-001', 'ACTIVE', 'zh_CN', false, NULL, '2026-01-19 08:35:59.225043', '0:0:0:0:0:0:0:1', 0, NULL, '2026-01-13 10:38:37.240844', NULL, '2026-01-13 10:38:37.240844', NULL, false, NULL, NULL);
INSERT INTO public.sys_users (id, username, password_hash, email, display_name, full_name, phone, employee_id,  position, entity_manager_id, function_manager_id, status, language, must_change_password, password_expired_at, last_login_at, last_login_ip, failed_login_count, locked_until, created_at, created_by, updated_at, updated_by, deleted, deleted_at, deleted_by) VALUES ('db5dc674-a482-4dce-ba4e-c89d07061779', 'employee_b', 'user123', 'employee_b@example.com', '员工李四', '员工李四', NULL, NULL, NULL, NULL, NULL, 'ACTIVE', 'zh_CN', false, NULL, NULL, NULL, 0, NULL, '2026-01-14 17:14:46.877375', NULL, '2026-01-15 10:15:47.316337', NULL, true, '2026-01-15 10:15:47.314853', 'system');
INSERT INTO public.sys_users (id, username, password_hash, email, display_name, full_name, phone, employee_id,  position, entity_manager_id, function_manager_id, status, language, must_change_password, password_expired_at, last_login_at, last_login_ip, failed_login_count, locked_until, created_at, created_by, updated_at, updated_by, deleted, deleted_at, deleted_by) VALUES ('b6d3066b-27c5-4f51-8e34-175012528378', 'employee_a', 'user123', 'employee_a@example.com', '员工张三', '员工张三', NULL, NULL, NULL, NULL, NULL, 'ACTIVE', 'zh_CN', false, NULL, NULL, NULL, 0, NULL, '2026-01-14 17:14:46.86908', NULL, '2026-01-15 10:15:53.314038', NULL, true, '2026-01-15 10:15:53.313141', 'system');
INSERT INTO public.sys_users (id, username, password_hash, email, display_name, full_name, phone, employee_id, position, entity_manager_id, function_manager_id, status, language, must_change_password, password_expired_at, last_login_at, last_login_ip, failed_login_count, locked_until, created_at, created_by, updated_at, updated_by, deleted, deleted_at, deleted_by) VALUES ('admin-001', 'admin', '$2a$10$bTB3yyVtzpJw17uMI9pShOzAkm07MKZa2EyQhc4izBO1MdXXEiUiO', 'admin@example.com', 'System Admin', 'System Administrator', NULL, NULL, 'System Administrator', NULL, NULL, 'ACTIVE', 'zh_CN', false, NULL, '2026-01-19 04:42:22.673658', '0:0:0:0:0:0:0:1', 0, NULL, '2026-01-13 10:38:37.240844', NULL, '2026-01-19 04:42:22.817783', NULL, false, NULL, NULL);
INSERT INTO public.sys_users (id, username, password_hash, email, display_name, full_name, phone, employee_id,  position, entity_manager_id, function_manager_id, status, language, must_change_password, password_expired_at, last_login_at, last_login_ip, failed_login_count, locked_until, created_at, created_by, updated_at, updated_by, deleted, deleted_at, deleted_by) VALUES ('countersign-002', 'countersign.approver2', '$2a$10$U8RY1nXkphRLpUyqzy1fOe3W64/nfRmG3ara8YHK2yrWfYMugCKxK', 'eva.martinez@example.com', 'Eva', 'Eva Martinez', NULL, NULL, NULL, NULL, NULL, 'ACTIVE', 'zh_CN', false, NULL, '2026-01-18 19:21:36.12132', '0:0:0:0:0:0:0:1', 0, NULL, '2026-01-18 11:17:33.817146', NULL, '2026-01-18 11:17:33.817146', NULL, false, NULL, NULL);
INSERT INTO public.sys_users (id, username, password_hash, email, display_name, full_name, phone, employee_id,  position, entity_manager_id, function_manager_id, status, language, must_change_password, password_expired_at, last_login_at, last_login_ip, failed_login_count, locked_until, created_at, created_by, updated_at, updated_by, deleted, deleted_at, deleted_by) VALUES ('hr-manager-001', 'hr.manager', '$2a$10$bTB3yyVtzpJw17uMI9pShOzAkm07MKZa2EyQhc4izBO1MdXXEiUiO', 'hr.manager@bank.com', 'Sarah Chen', 'Sarah Chen', NULL, 'EMP-HR-001', 'HR Manager', NULL, NULL, 'ACTIVE', 'zh_CN', false, NULL, '2026-01-15 17:28:11.332344', '0:0:0:0:0:0:0:1', 0, NULL, '2026-01-13 10:38:37.240844', NULL, '2026-01-13 10:38:37.240844', NULL, false, NULL, NULL);
INSERT INTO public.sys_users (id, username, password_hash, email, display_name, full_name, phone, employee_id,  position, entity_manager_id, function_manager_id, status, language, must_change_password, password_expired_at, last_login_at, last_login_ip, failed_login_count, locked_until, created_at, created_by, updated_at, updated_by, deleted, deleted_at, deleted_by) VALUES ('dept-reviewer-001', 'dept.reviewer', '$2a$10$U8RY1nXkphRLpUyqzy1fOe3W64/nfRmG3ara8YHK2yrWfYMugCKxK', 'alice.johnson@example.com', 'Alice', 'Alice Johnson', NULL, NULL, NULL, NULL, NULL, 'ACTIVE', 'zh_CN', false, NULL, '2026-01-19 08:07:14.169613', '0:0:0:0:0:0:0:1', 0, NULL, '2026-01-18 11:17:33.817146', NULL, '2026-01-18 11:17:33.817146', NULL, false, NULL, NULL);
INSERT INTO public.sys_users (id, username, password_hash, email, display_name, full_name, phone, employee_id,  position, entity_manager_id, function_manager_id, status, language, must_change_password, password_expired_at, last_login_at, last_login_ip, failed_login_count, locked_until, created_at, created_by, updated_at, updated_by, deleted, deleted_at, deleted_by) VALUES ('tech-director-001', 'tech.director', '$2a$10$U8RY1nXkphRLpUyqzy1fOe3W64/nfRmG3ara8YHK2yrWfYMugCKxK', 'tech.director@bank.com', 'Robert Sun', 'Robert Sun', NULL, 'EMP-IT-001', 'Technical Director', NULL, NULL, 'ACTIVE', 'zh_CN', false, NULL, '2026-01-19 12:42:56.118117', '0:0:0:0:0:0:0:1', 0, NULL, '2026-01-13 10:38:37.240844', NULL, '2026-01-13 10:38:37.240844', NULL, false, NULL, NULL);
INSERT INTO public.sys_users (id, username, password_hash, email, display_name, full_name, phone, employee_id,  position, entity_manager_id, function_manager_id, status, language, must_change_password, password_expired_at, last_login_at, last_login_ip, failed_login_count, locked_until, created_at, created_by, updated_at, updated_by, deleted, deleted_at, deleted_by) VALUES ('countersign-001', 'countersign.approver1', '$2a$10$U8RY1nXkphRLpUyqzy1fOe3W64/nfRmG3ara8YHK2yrWfYMugCKxK', 'daniel.brown@example.com', 'Daniel', 'Daniel Brown', NULL, NULL, NULL, NULL, NULL, 'ACTIVE', 'zh_CN', false, NULL, NULL, NULL, 0, NULL, '2026-01-18 11:17:33.817146', NULL, '2026-01-18 11:17:33.817146', NULL, false, NULL, NULL);
INSERT INTO public.sys_users (id, username, password_hash, email, display_name, full_name, phone, employee_id,  position, entity_manager_id, function_manager_id, status, language, must_change_password, password_expired_at, last_login_at, last_login_ip, failed_login_count, locked_until, created_at, created_by, updated_at, updated_by, deleted, deleted_at, deleted_by) VALUES ('finance-reviewer-001', 'finance.reviewer', '$2a$10$U8RY1nXkphRLpUyqzy1fOe3W64/nfRmG3ara8YHK2yrWfYMugCKxK', 'carol.davis@example.com', 'Carol', 'Carol Davis', NULL, NULL, NULL, NULL, NULL, 'ACTIVE', 'zh_CN', false, NULL, NULL, NULL, 0, NULL, '2026-01-18 11:17:33.817146', NULL, '2026-01-18 11:17:33.817146', NULL, false, NULL, NULL);
INSERT INTO public.sys_users (id, username, password_hash, email, display_name, full_name, phone, employee_id,  position, entity_manager_id, function_manager_id, status, language, must_change_password, password_expired_at, last_login_at, last_login_ip, failed_login_count, locked_until, created_at, created_by, updated_at, updated_by, deleted, deleted_at, deleted_by) VALUES ('parent-reviewer-001', 'parent.reviewer', '$2a$10$U8RY1nXkphRLpUyqzy1fOe3W64/nfRmG3ara8YHK2yrWfYMugCKxK', 'bob.smith@example.com', 'Bob', 'Bob Smith', NULL, NULL, NULL, NULL, NULL, 'ACTIVE', 'zh_CN', false, NULL, NULL, NULL, 0, NULL, '2026-01-18 11:17:33.817146', NULL, '2026-01-18 11:17:33.817146', NULL, false, NULL, NULL);
INSERT INTO public.sys_users (id, username, password_hash, email, display_name, full_name, phone, employee_id,  position, entity_manager_id, function_manager_id, status, language, must_change_password, password_expired_at, last_login_at, last_login_ip, failed_login_count, locked_until, created_at, created_by, updated_at, updated_by, deleted, deleted_at, deleted_by) VALUES ('purchase-requester-001', 'purchase.requester', '$2a$10$U8RY1nXkphRLpUyqzy1fOe3W64/nfRmG3ara8YHK2yrWfYMugCKxK', 'tom.wilson@example.com', 'Tom', 'Tom Wilson', NULL, NULL, NULL, NULL, NULL, 'ACTIVE', 'zh_CN', false, NULL, '2026-01-19 12:42:34.189068', '0:0:0:0:0:0:0:1', 0, NULL, '2026-01-18 11:17:33.817146', NULL, '2026-01-18 11:17:33.817146', NULL, false, NULL, NULL);
INSERT INTO public.sys_virtual_group_members (id, group_id, user_id, joined_at, added_by) VALUES ('vgm-mgr-hr', 'vg-all-managers', 'hr-manager-001', '2026-01-13 10:38:37.240844', NULL);
INSERT INTO public.sys_virtual_group_members (id, group_id, user_id, joined_at, added_by) VALUES ('vgm-mgr-corp-dir', 'vg-all-managers', 'corp-director-001', '2026-01-13 10:38:37.240844', NULL);
INSERT INTO public.sys_virtual_group_members (id, group_id, user_id, joined_at, added_by) VALUES ('vgm-mgr-corp-mgr', 'vg-all-managers', 'corp-manager-001', '2026-01-13 10:38:37.240844', NULL);
INSERT INTO public.sys_virtual_group_members (id, group_id, user_id, joined_at, added_by) VALUES ('vgm-mgr-tech', 'vg-all-managers', 'tech-director-001', '2026-01-13 10:38:37.240844', NULL);
INSERT INTO public.sys_virtual_group_members (id, group_id, user_id, joined_at, added_by) VALUES ('vgm-dev-john', 'vg-all-developers', 'dev-john-001', '2026-01-13 10:38:37.240844', NULL);
INSERT INTO public.sys_virtual_group_members (id, group_id, user_id, joined_at, added_by) VALUES ('vgm-dev-mary', 'vg-all-developers', 'dev-mary-001', '2026-01-13 10:38:37.240844', NULL);
INSERT INTO public.sys_virtual_group_members (id, group_id, user_id, joined_at, added_by) VALUES ('vgm-dev-peter', 'vg-all-developers', 'dev-peter-001', '2026-01-13 10:38:37.240844', NULL);
INSERT INTO public.sys_virtual_group_members (id, group_id, user_id, joined_at, added_by) VALUES ('vgm-dev-lisa', 'vg-all-developers', 'dev-lisa-001', '2026-01-13 10:38:37.240844', NULL);
INSERT INTO public.sys_virtual_group_members (id, group_id, user_id, joined_at, added_by) VALUES ('vgm-dev-alex', 'vg-all-developers', 'dev-alex-001', '2026-01-13 10:38:37.240844', NULL);
INSERT INTO public.sys_virtual_group_members (id, group_id, user_id, joined_at, added_by) VALUES ('vgm-dev-emma', 'vg-all-developers', 'dev-emma-001', '2026-01-13 10:38:37.240844', NULL);
INSERT INTO public.sys_virtual_group_members (id, group_id, user_id, joined_at, added_by) VALUES ('vgm-dev-core-lead', 'vg-all-developers', 'core-lead-001', '2026-01-13 10:38:37.240844', NULL);
INSERT INTO public.sys_virtual_group_members (id, group_id, user_id, joined_at, added_by) VALUES ('vgm-dev-channel-lead', 'vg-all-developers', 'channel-lead-001', '2026-01-13 10:38:37.240844', NULL);
INSERT INTO public.sys_virtual_group_members (id, group_id, user_id, joined_at, added_by) VALUES ('vgm-dev-risk-lead', 'vg-all-developers', 'risk-lead-001', '2026-01-13 10:38:37.240844', NULL);
INSERT INTO public.sys_virtual_group_members (id, group_id, user_id, joined_at, added_by) VALUES ('vgm-lead-core', 'vg-team-leads', 'core-lead-001', '2026-01-13 10:38:37.240844', NULL);
INSERT INTO public.sys_virtual_group_members (id, group_id, user_id, joined_at, added_by) VALUES ('vgm-lead-channel', 'vg-team-leads', 'channel-lead-001', '2026-01-13 10:38:37.240844', NULL);
INSERT INTO public.sys_virtual_group_members (id, group_id, user_id, joined_at, added_by) VALUES ('vgm-lead-risk', 'vg-team-leads', 'risk-lead-001', '2026-01-13 10:38:37.240844', NULL);
INSERT INTO public.sys_virtual_group_members (id, group_id, user_id, joined_at, added_by) VALUES ('vgm-sr-john', 'vg-senior-devs', 'dev-john-001', '2026-01-13 10:38:37.240844', NULL);
INSERT INTO public.sys_virtual_group_members (id, group_id, user_id, joined_at, added_by) VALUES ('vgm-sr-peter', 'vg-senior-devs', 'dev-peter-001', '2026-01-13 10:38:37.240844', NULL);
INSERT INTO public.sys_virtual_group_members (id, group_id, user_id, joined_at, added_by) VALUES ('vgm-sr-alex', 'vg-senior-devs', 'dev-alex-001', '2026-01-13 10:38:37.240844', NULL);
INSERT INTO public.sys_virtual_group_members (id, group_id, user_id, joined_at, added_by) VALUES ('vgm-appr-hr', 'vg-approvers', 'hr-manager-001', '2026-01-13 10:38:37.240844', NULL);
INSERT INTO public.sys_virtual_group_members (id, group_id, user_id, joined_at, added_by) VALUES ('vgm-appr-corp-dir', 'vg-approvers', 'corp-director-001', '2026-01-13 10:38:37.240844', NULL);
INSERT INTO public.sys_virtual_group_members (id, group_id, user_id, joined_at, added_by) VALUES ('vgm-appr-corp-mgr', 'vg-approvers', 'corp-manager-001', '2026-01-13 10:38:37.240844', NULL);
INSERT INTO public.sys_virtual_group_members (id, group_id, user_id, joined_at, added_by) VALUES ('vgm-appr-tech', 'vg-approvers', 'tech-director-001', '2026-01-13 10:38:37.240844', NULL);
INSERT INTO public.sys_virtual_group_members (id, group_id, user_id, joined_at, added_by) VALUES ('vgm-appr-core-lead', 'vg-approvers', 'core-lead-001', '2026-01-13 10:38:37.240844', NULL);
INSERT INTO public.sys_virtual_group_members (id, group_id, user_id, joined_at, added_by) VALUES ('vgm-appr-channel-lead', 'vg-approvers', 'channel-lead-001', '2026-01-13 10:38:37.240844', NULL);
INSERT INTO public.sys_virtual_group_members (id, group_id, user_id, joined_at, added_by) VALUES ('vgm-appr-risk-lead', 'vg-approvers', 'risk-lead-001', '2026-01-13 10:38:37.240844', NULL);
INSERT INTO public.sys_virtual_groups (id, name, code, description, type, rule_expression, status, created_at, created_by, updated_at, updated_by, ad_group) VALUES ('vg-all-managers', 'All Managers', 'ALL_MANAGERS', 'All department managers across the organization', 'SYSTEM', NULL, 'ACTIVE', '2026-01-13 10:38:37.240844', NULL, '2026-01-13 10:38:37.240844', NULL, NULL);
INSERT INTO public.sys_virtual_groups (id, name, code, description, type, rule_expression, status, created_at, created_by, updated_at, updated_by, ad_group) VALUES ('vg-all-developers', 'All Developers', 'ALL_DEVELOPERS', 'All developers in IT department', 'SYSTEM', NULL, 'ACTIVE', '2026-01-13 10:38:37.240844', NULL, '2026-01-13 10:38:37.240844', NULL, NULL);
INSERT INTO public.sys_virtual_groups (id, name, code, description, type, rule_expression, status, created_at, created_by, updated_at, updated_by, ad_group) VALUES ('vg-team-leads', 'Team Leaders', 'TEAM_LEADS', 'All team leaders', 'SYSTEM', NULL, 'ACTIVE', '2026-01-13 10:38:37.240844', NULL, '2026-01-13 10:38:37.240844', NULL, NULL);
INSERT INTO public.sys_virtual_groups (id, name, code, description, type, rule_expression, status, created_at, created_by, updated_at, updated_by, ad_group) VALUES ('vg-senior-devs', 'Senior Developers', 'SENIOR_DEVS', 'Senior developers with elevated permissions', 'SYSTEM', NULL, 'ACTIVE', '2026-01-13 10:38:37.240844', NULL, '2026-01-13 10:38:37.240844', NULL, NULL);
INSERT INTO public.sys_virtual_groups (id, name, code, description, type, rule_expression, status, created_at, created_by, updated_at, updated_by, ad_group) VALUES ('vg-approvers', 'Approvers', 'APPROVERS', 'Users who can approve workflow tasks', 'SYSTEM', NULL, 'ACTIVE', '2026-01-13 10:38:37.240844', NULL, '2026-01-13 10:38:37.240844', NULL, NULL);
INSERT INTO public.up_process_draft (id, attachments, created_at, form_data, process_definition_key, updated_at, user_id) VALUES (1, NULL, '2026-01-14 18:28:52.890224', '{}', 'fu-20260114-paed3z', '2026-01-14 18:28:58.058951', 'hr-specialist-001');
INSERT INTO public.up_process_history (id, activity_id, activity_name, activity_type, comment, duration, operation_time, operation_type, operator_id, operator_name, process_instance_id, task_id) VALUES (1, 'startEvent', '提交申请', 'startEvent', '发起流程', NULL, '2026-01-14 18:17:06.482421', 'SUBMIT', 'hr-manager-001', 'hr-manager-001', '2d7a16d2-f132-11f0-bfbd-f2dbc029a3c2', NULL);
INSERT INTO public.up_process_history (id, activity_id, activity_name, activity_type, comment, duration, operation_time, operation_type, operator_id, operator_name, process_instance_id, task_id) VALUES (2, 'startEvent', '提交申请', 'startEvent', '发起流程', NULL, '2026-01-14 18:26:35.943935', 'SUBMIT', 'hr-specialist-001', 'hr-specialist-001', '80f6a8ae-f133-11f0-bfbd-f2dbc029a3c2', NULL);
INSERT INTO public.up_process_history (id, activity_id, activity_name, activity_type, comment, duration, operation_time, operation_type, operator_id, operator_name, process_instance_id, task_id) VALUES (3, 'startEvent', '提交申请', 'startEvent', '发起流程', NULL, '2026-01-15 17:25:45.484127', 'SUBMIT', 'corp-manager-001', 'corp-manager-001', '2b89f1af-f1f4-11f0-bfbd-f2dbc029a3c2', NULL);
INSERT INTO public.up_process_history (id, activity_id, activity_name, activity_type, comment, duration, operation_time, operation_type, operator_id, operator_name, process_instance_id, task_id) VALUES (4, 'startEvent', '提交申请', 'startEvent', '发起流程', NULL, '2026-01-15 17:27:39.306082', 'SUBMIT', 'corp-manager-001', 'corp-manager-001', '6f5f83c0-f1f4-11f0-bfbd-f2dbc029a3c2', NULL);
INSERT INTO public.up_process_history (id, activity_id, activity_name, activity_type, comment, duration, operation_time, operation_type, operator_id, operator_name, process_instance_id, task_id) VALUES (5, 'startEvent', '提交申请', 'startEvent', '发起流程', NULL, '2026-01-15 17:48:45.959692', 'SUBMIT', 'corp-manager-001', 'corp-manager-001', '6262709a-f1f7-11f0-bfbd-f2dbc029a3c2', NULL);
INSERT INTO public.up_process_history (id, activity_id, activity_name, activity_type, comment, duration, operation_time, operation_type, operator_id, operator_name, process_instance_id, task_id) VALUES (6, 'startEvent', '提交申请', 'startEvent', '发起流程', NULL, '2026-01-18 19:13:04.890486', 'SUBMIT', 'tech-director-001', 'tech-director-001', 'a8eeca2f-f45e-11f0-9035-568938879cb7', NULL);
INSERT INTO public.up_process_history (id, activity_id, activity_name, activity_type, comment, duration, operation_time, operation_type, operator_id, operator_name, process_instance_id, task_id) VALUES (7, 'startEvent', '提交申请', 'startEvent', '发起流程', NULL, '2026-01-19 17:04:24.144891', 'SUBMIT', 'purchase-requester-001', 'purchase-requester-001', 'd95d15d1-f515-11f0-83bf-1a46ed4020c1', NULL);
INSERT INTO public.up_process_history (id, activity_id, activity_name, activity_type, comment, duration, operation_time, operation_type, operator_id, operator_name, process_instance_id, task_id) VALUES (8, 'startEvent', '提交申请', 'startEvent', '发起流程', NULL, '2026-01-19 21:02:17.040895', 'SUBMIT', 'purchase-requester-001', 'purchase-requester-001', '14c1ffea-f537-11f0-83bf-1a46ed4020c1', NULL);
INSERT INTO public.up_process_instance (id, business_key, candidate_users, current_assignee, current_node, end_time, priority, process_definition_id, process_definition_key, process_definition_name, start_time, start_user_id, start_user_name, status, updated_at, variables) VALUES ('80f6a8ae-f133-11f0-bfbd-f2dbc029a3c2', NULL, NULL, NULL, NULL, NULL, NULL, 'Process_1:3:80f1788d-f133-11f0-bfbd-f2dbc029a3c2', 'fu-20260114-paed3z', 'Test', '2026-01-14 18:26:35.938646', 'hr-specialist-001', 'hr-specialist-001', 'RUNNING', '2026-01-14 18:26:35.938677', '{"initiator": "hr-specialist-001"}');
INSERT INTO public.up_process_instance (id, business_key, candidate_users, current_assignee, current_node, end_time, priority, process_definition_id, process_definition_key, process_definition_name, start_time, start_user_id, start_user_name, status, updated_at, variables) VALUES ('2b89f1af-f1f4-11f0-bfbd-f2dbc029a3c2', NULL, NULL, NULL, NULL, '2026-01-15 17:26:04.377435', NULL, 'Process_1:5:2b85fa0e-f1f4-11f0-bfbd-f2dbc029a3c2', 'fu-20260114-paed3z', 'Test', '2026-01-15 17:25:45.474647', 'corp-manager-001', 'corp-manager-001', 'WITHDRAWN', '2026-01-15 17:26:04.378152', '{"initiator": "corp-manager-001"}');
INSERT INTO public.up_process_instance (id, business_key, candidate_users, current_assignee, current_node, end_time, priority, process_definition_id, process_definition_key, process_definition_name, start_time, start_user_id, start_user_name, status, updated_at, variables) VALUES ('6f5f83c0-f1f4-11f0-bfbd-f2dbc029a3c2', NULL, NULL, NULL, NULL, NULL, NULL, 'Process_1:7:6f5a7aaf-f1f4-11f0-bfbd-f2dbc029a3c2', 'fu-20260114-paed3z', 'Test', '2026-01-15 17:27:39.29767', 'corp-manager-001', 'corp-manager-001', 'RUNNING', '2026-01-15 17:27:39.297683', '{"initiator": "corp-manager-001", "Fq63mkdrn28vabc": "qqq", "Fxe2mkdrrp95ahc": null}');
INSERT INTO public.up_process_instance (id, business_key, candidate_users, current_assignee, current_node, end_time, priority, process_definition_id, process_definition_key, process_definition_name, start_time, start_user_id, start_user_name, status, updated_at, variables) VALUES ('2d7a16d2-f132-11f0-bfbd-f2dbc029a3c2', NULL, NULL, 'hr-specialist-001', NULL, NULL, NULL, 'Process_1:2:2d6cf771-f132-11f0-bfbd-f2dbc029a3c2', 'fu-20260114-paed3z', 'Test', '2026-01-14 18:17:06.465951', 'hr-manager-001', 'hr-manager-001', 'RUNNING', '2026-01-15 17:29:28.664709', '{"initiator": "hr-manager-001"}');
INSERT INTO public.up_process_instance (id, business_key, candidate_users, current_assignee, current_node, end_time, priority, process_definition_id, process_definition_key, process_definition_name, start_time, start_user_id, start_user_name, status, updated_at, variables) VALUES ('6262709a-f1f7-11f0-bfbd-f2dbc029a3c2', NULL, NULL, NULL, NULL, NULL, NULL, 'Process_1:9:625d6789-f1f7-11f0-bfbd-f2dbc029a3c2', 'fu-20260114-paed3z', 'Test', '2026-01-15 17:48:45.954394', 'corp-manager-001', 'corp-manager-001', 'RUNNING', '2026-01-15 17:48:45.954408', '{"initiator": "corp-manager-001"}');
INSERT INTO public.up_process_instance (id, business_key, candidate_users, current_assignee, current_node, end_time, priority, process_definition_id, process_definition_key, process_definition_name, start_time, start_user_id, start_user_name, status, updated_at, variables) VALUES ('a8eeca2f-f45e-11f0-9035-568938879cb7', NULL, NULL, NULL, NULL, NULL, NULL, 'Process_1:10:a8e5062e-f45e-11f0-9035-568938879cb7', 'fu-20260114-paed3z', 'Test', '2026-01-18 19:13:04.874988', 'tech-director-001', 'tech-director-001', 'RUNNING', '2026-01-18 19:13:04.875028', '{"initiator": "tech-director-001"}');
INSERT INTO public.up_process_instance (id, business_key, candidate_users, current_assignee, current_node, end_time, priority, process_definition_id, process_definition_key, process_definition_name, start_time, start_user_id, start_user_name, status, updated_at, variables) VALUES ('d95d15d1-f515-11f0-83bf-1a46ed4020c1', NULL, NULL, NULL, NULL, NULL, NULL, 'Process_1:11:d94fcf60-f515-11f0-83bf-1a46ed4020c1', 'fu-20260114-paed3z', 'Test', '2026-01-19 17:04:24.127749', 'purchase-requester-001', 'purchase-requester-001', 'RUNNING', '2026-01-19 17:04:24.127793', '{"initiator": "purchase-requester-001"}');
INSERT INTO public.up_process_instance (id, business_key, candidate_users, current_assignee, current_node, end_time, priority, process_definition_id, process_definition_key, process_definition_name, start_time, start_user_id, start_user_name, status, updated_at, variables) VALUES ('14c1ffea-f537-11f0-83bf-1a46ed4020c1', NULL, NULL, NULL, NULL, NULL, NULL, 'Process_1:14:14bde139-f537-11f0-83bf-1a46ed4020c1', 'fu-20260114-paed3z', 'Test0', '2026-01-19 21:02:17.037053', 'purchase-requester-001', 'purchase-requester-001', 'RUNNING', '2026-01-19 21:02:17.037062', '{"initiator": "purchase-requester-001", "Fq63mkdrn28vabc": "ooo", "Fxe2mkdrrp95ahc": null}');
INSERT INTO public.up_user_preference (id, created_at, date_format, font_size, language, layout_density, page_size, theme, theme_color, timezone, updated_at, user_id) VALUES (2, '2026-01-14 18:36:41.416461', 'YYYY-MM-DD', 'medium', 'zh-CN', 'normal', 20, 'light', '#DB0011', 'Asia/Shanghai', '2026-01-14 18:36:41.416484', 'hr-specialist-001');
INSERT INTO public.up_user_preference (id, created_at, date_format, font_size, language, layout_density, page_size, theme, theme_color, timezone, updated_at, user_id) VALUES (3, '2026-01-15 17:58:54.449964', 'YYYY-MM-DD', 'medium', 'zh-CN', 'normal', 20, 'light', '#DB0011', 'Asia/Shanghai', '2026-01-15 17:58:54.45', 'corp-manager-001');
INSERT INTO public.up_user_preference (id, created_at, date_format, font_size, language, layout_density, page_size, theme, theme_color, timezone, updated_at, user_id) VALUES (1, '2026-01-13 19:16:40.287002', 'YYYY-MM-DD', 'medium', 'zh-CN', 'normal', 20, 'light', '#0bdb00', 'Asia/Shanghai', '2026-01-16 18:15:59.757849', 'hr-manager-001');
INSERT INTO public.wf_audit_logs (id, user_id, operation_type, resource_type, resource_id, resource_name, operation_description, before_data, after_data, operation_result, error_message, timestamp, ip_address, user_agent, session_id, request_id, duration_ms, tenant_id, context_data, risk_level, is_sensitive) VALUES ('3281ca59-a268-4c84-94e9-751036554c12', 'ANONYMOUS', 'DEPLOY_PROCESS', 'PROCESS_DEFINITION', 'UNKNOWN', NULL, '部署流程定义', '{"arg0": {"key": "Pr*****_1", "name": "Test - main-process.bpmn", "bpmnXml": "<?xml version=\"1.0\" encoding=\"UTF-8\"?>\n<bpmn:definitions xmlns:xsi=\"http://www.w3.org/2001/XMLSchema-instance\" xmlns:bpmn=\"http://www.omg.org/spec/BPMN/20100524/MODEL\" xmlns:bpmndi=\"http://www.omg.org/spec/BPMN/20100524/DI\" xmlns:dc=\"http://www.omg.org/spec/DD/20100524/DC\" xmlns:di=\"http://www.omg.org/spec/DD/20100524/DI\" xmlns:custom=\"http://custom.bpmn.io/schema\" id=\"Definitions_1\" targetNamespace=\"http://bpmn.io/schema/bpmn\">\n  <bpmn:process id=\"Process_1\" isExecutable=\"true\">\n    <bpmn:startEvent id=\"StartEvent_1\" name=\"开始\">\n      <bpmn:outgoing>Flow_1</bpmn:outgoing>\n    </bpmn:startEvent>\n    <bpmn:endEvent id=\"EndEvent_1\" name=\"结束\">\n      <bpmn:incoming>Flow_0i3mqga</bpmn:incoming>\n    </bpmn:endEvent>\n    <bpmn:sequenceFlow id=\"Flow_1\" sourceRef=\"StartEvent_1\" targetRef=\"Activity_09dh3z9\" />\n    <bpmn:userTask id=\"Activity_09dh3z9\">\n      <bpmn:extensionElements>\n        <custom:properties>\n          <custom:values name=\"formId\" value=\"7\" />\n          <custom:values name=\"formName\" value=\"testForm\" />\n          <custom:values name=\"formId\" value=\"7\" />\n          <custom:values name=\"formName\" value=\"testForm\" />\n          <custom:values name=\"formId\" value=\"7\" />\n          <custom:values name=\"formName\" value=\"testForm\" />\n          <custom:values name=\"assigneeType\" value=\"INITIATOR\" />\n          <custom:values name=\"assigneeValue\" value=\"\" />\n          <custom:values name=\"assigneeLabel\" value=\"流程发起人\" />\n          <custom:values name=\"candidateUsers\" value=\"\" />\n          <custom:values name=\"candidateGroups\" value=\"\" />\n        </custom:properties>\n      </bpmn:extensionElements>\n      <bpmn:incoming>Flow_1</bpmn:incoming>\n      <bpmn:outgoing>Flow_0un7hlh</bpmn:outgoing>\n    </bpmn:userTask>\n    <bpmn:sequenceFlow id=\"Flow_0un7hlh\" sourceRef=\"Activity_09dh3z9\" targetRef=\"Activity_0mvv5hc\" />\n    <bpmn:sequenceFlow id=\"Flow_0i3mqga\" sourceRef=\"Activity_0mvv5hc\" targetRef=\"EndEvent_1\" />\n    <bpmn:userTask id=\"Activity_0mvv5hc\">\n      <bpmn:extensionElements>\n        <custom:properties>\n          <custom:values name=\"assigneeType\" value=\"ENTITY_MANAGER\" />\n          <custom:values name=\"assigneeValue\" value=\"\" />\n          <custom:values name=\"assigneeLabel\" value=\"实体经理\" />\n          <custom:values name=\"candidateUsers\" value=\"Sarah Chen\" />\n          <custom:values name=\"candidateGroups\" value=\"\" />\n          <custom:values name=\"formId\" value=\"7\" />\n          <custom:values name=\"formName\" value=\"testForm\" />\n        </custom:properties>\n      </bpmn:extensionElements>\n      <bpmn:incoming>Flow_0un7hlh</bpmn:incoming>\n      <bpmn:outgoing>Flow_0i3mqga</bpmn:outgoing>\n    </bpmn:userTask>\n  </bpmn:process>\n  <bpmndi:BPMNDiagram id=\"BPMNDiagram_1\">\n    <bpmndi:BPMNPlane id=\"BPMNPlane_1\" bpmnElement=\"Process_1\">\n      <bpmndi:BPMNShape id=\"StartEvent_1_di\" bpmnElement=\"StartEvent_1\">\n        <dc:Bounds x=\"180\" y=\"160\" width=\"36\" height=\"36\" />\n        <bpmndi:BPMNLabel>\n          <dc:Bounds x=\"187\" y=\"203\" width=\"22\" height=\"14\" />\n        </bpmndi:BPMNLabel>\n      </bpmndi:BPMNShape>\n      <bpmndi:BPMNShape id=\"EndEvent_1_di\" bpmnElement=\"EndEvent_1\">\n        <dc:Bounds x=\"692\" y=\"160\" width=\"36\" height=\"36\" />\n        <bpmndi:BPMNLabel>\n          <dc:Bounds x=\"699\" y=\"203\" width=\"22\" height=\"14\" />\n        </bpmndi:BPMNLabel>\n      </bpmndi:BPMNShape>\n      <bpmndi:BPMNShape id=\"Activity_112ju6j_di\" bpmnElement=\"Activity_09dh3z9\">\n        <dc:Bounds x=\"260\" y=\"138\" width=\"100\" height=\"80\" />\n      </bpmndi:BPMNShape>\n      <bpmndi:BPMNShape id=\"Activity_09ybfm7_di\" bpmnElement=\"Activity_0mvv5hc\">\n        <dc:Bounds x=\"410\" y=\"138\" width=\"100\" height=\"80\" />\n      </bpmndi:BPMNShape>\n      <bpmndi:BPMNEdge id=\"Flow_1_di\" bpmnElement=\"Flow_1\">\n        <di:waypoint x=\"216\" y=\"178\" />\n        <di:waypoint x=\"260\" y=\"178\" />\n      </bpmndi:BPMNEdge>\n      <bpmndi:BPMNEdge id=\"Flow_0un7hlh_di\" bpmnElement=\"Flow_0un7hlh\">\n        <di:waypoint x=\"360\" y=\"178\" />\n        <di:waypoint x=\"410\" y=\"178\" />\n      </bpmndi:BPMNEdge>\n      <bpmndi:BPMNEdge id=\"Flow_0i3mqga_di\" bpmnElement=\"Flow_0i3mqga\">\n        <di:waypoint x=\"510\" y=\"178\" />\n        <di:waypoint x=\"692\" y=\"178\" />\n      </bpmndi:BPMNEdge>\n    </bpmndi:BPMNPlane>\n  </bpmndi:BPMNDiagram>\n</bpmn:definitions>\n", "activate": true, "category": null, "tenantId": null, "description": null}}', '{"name": null, "message": "流程部署成功", "success": true, "version": 1, "deploymentId": "46d79885-f12a-11f0-a8df-f2dbc029a3c2", "deploymentTime": "2026-01-14T17:20:32.83779", "processDefinitionId": "Process_1:1:46dca198-f12a-11f0-a8df-f2dbc029a3c2", "processDefinitionKey": "Pr*****_1"}', 'SUCCESS', NULL, '2026-01-14 17:20:32.742323', '127.0.0.1', 'okhttp/4.12.0', NULL, '9486e576-3fe6-488c-b98f-8e3aa0856895', 1943, NULL, '{"className": "Pr******************nt", "methodName": "deployProcess"}', 'MEDIUM', false) ON CONFLICT (id) DO NOTHING;

-- =====================================================
-- 第六步：添加约束和修改表结构
-- =====================================================
ALTER TABLE ONLY public.act_evt_log ALTER COLUMN log_nr_ SET DEFAULT nextval('public.act_evt_log_log_nr__seq'::regclass);
ALTER TABLE ONLY public.act_hi_tsk_log ALTER COLUMN id_ SET DEFAULT nextval('public.act_hi_tsk_log_id__seq'::regclass);
ALTER TABLE ONLY public.dw_action_definitions ALTER COLUMN id SET DEFAULT nextval('public.dw_action_definitions_id_seq'::regclass);
ALTER TABLE ONLY public.dw_field_definitions ALTER COLUMN id SET DEFAULT nextval('public.dw_field_definitions_id_seq'::regclass);
ALTER TABLE ONLY public.dw_foreign_keys ALTER COLUMN id SET DEFAULT nextval('public.dw_foreign_keys_id_seq'::regclass);
ALTER TABLE ONLY public.dw_form_definitions ALTER COLUMN id SET DEFAULT nextval('public.dw_form_definitions_id_seq'::regclass);
ALTER TABLE ONLY public.dw_form_table_bindings ALTER COLUMN id SET DEFAULT nextval('public.dw_form_table_bindings_id_seq'::regclass);
ALTER TABLE ONLY public.dw_function_units ALTER COLUMN id SET DEFAULT nextval('public.dw_function_units_id_seq'::regclass);
ALTER TABLE ONLY public.dw_icons ALTER COLUMN id SET DEFAULT nextval('public.dw_icons_id_seq'::regclass);
ALTER TABLE ONLY public.dw_operation_logs ALTER COLUMN id SET DEFAULT nextval('public.dw_operation_logs_id_seq'::regclass);
ALTER TABLE ONLY public.dw_process_definitions ALTER COLUMN id SET DEFAULT nextval('public.dw_process_definitions_id_seq'::regclass);
ALTER TABLE ONLY public.dw_table_definitions ALTER COLUMN id SET DEFAULT nextval('public.dw_table_definitions_id_seq'::regclass);
ALTER TABLE ONLY public.dw_versions ALTER COLUMN id SET DEFAULT nextval('public.dw_versions_id_seq'::regclass);
ALTER TABLE ONLY public.up_dashboard_layout ALTER COLUMN id SET DEFAULT nextval('public.up_dashboard_layout_id_seq'::regclass);
ALTER TABLE ONLY public.up_delegation_audit ALTER COLUMN id SET DEFAULT nextval('public.up_delegation_audit_id_seq'::regclass);
ALTER TABLE ONLY public.up_delegation_rule ALTER COLUMN id SET DEFAULT nextval('public.up_delegation_rule_id_seq'::regclass);
ALTER TABLE ONLY public.up_favorite_process ALTER COLUMN id SET DEFAULT nextval('public.up_favorite_process_id_seq'::regclass);
ALTER TABLE ONLY public.up_notification_preference ALTER COLUMN id SET DEFAULT nextval('public.up_notification_preference_id_seq'::regclass);
ALTER TABLE ONLY public.up_permission_request ALTER COLUMN id SET DEFAULT nextval('public.up_permission_request_id_seq'::regclass);
ALTER TABLE ONLY public.up_process_draft ALTER COLUMN id SET DEFAULT nextval('public.up_process_draft_id_seq'::regclass);
ALTER TABLE ONLY public.up_process_history ALTER COLUMN id SET DEFAULT nextval('public.up_process_history_id_seq'::regclass);
ALTER TABLE ONLY public.up_user_preference ALTER COLUMN id SET DEFAULT nextval('public.up_user_preference_id_seq'::regclass);
ALTER TABLE ONLY public.wf_extended_task_info ALTER COLUMN id SET DEFAULT nextval('public.wf_extended_task_info_id_seq'::regclass);

-- =====================================================
-- 同步 sys_role_assignments 到 sys_user_roles
-- 确保所有用户角色分配都同步到 sys_user_roles 表
-- =====================================================
INSERT INTO public.sys_user_roles (id, user_id, role_id, assigned_at, assigned_by, valid_from, valid_to)
SELECT 
    'ur-' || sra.target_id || '-' || sra.role_id,
    sra.target_id,
    sra.role_id,
    sra.assigned_at,
    COALESCE(sra.assigned_by, 'system'),
    sra.valid_from,
    sra.valid_to
FROM public.sys_role_assignments sra
WHERE sra.target_type = 'USER'
AND NOT EXISTS (
    SELECT 1 FROM public.sys_user_roles sur
    WHERE sur.user_id = sra.target_id
    AND sur.role_id = sra.role_id
);

SET session_replication_role = 'origin';